51195942712916	stand	phase	start
51195942727083	stand	control	{"jsonrpc":"2.0","id":2,"result":{"accepted":true,"reason":"enabled — driving"}}
51195945788958	stand	depth	{"jsonrpc":"2.0","id":1,"result":{"accepted":true,"cols":8,"hz":15,"rows":8,"sensor":"sim"}}
51195948855958	stand	depth	{"jsonrpc":"2.0","method":"tof.frame","params":{"at_us":9593149,"cols":8,"distance_mm":[1309,1939,2397,3098,566,546,541,538,1291,1898,2347,3140,558,546,543,552,1320,1924,2329,2365,554,554,545,545,1172,1150,1174,1164,560,561,561,552,794,797,789,779,583,563,563,569,589,581,585,597,600,589,582,588,489,479,472,474,479,494,502,516,399,412,409,398,412,423,426,434],"rows":8,"seq":131,"status":[5,5,5,5,5,5,5,5,5,5,5,5,5,5,5,5,5,5,5,5,5,5,5,5,5,5,5,5,5,5,5,5,5,5,5,5,5,5,5,5,5,5,5,5,5,5,5,5,5,5,5,5,5,5,5,5,5,5,5,5,5,5,5,5],"t_ns":51183622764000}}
51196024114833	stand	depth	{"jsonrpc":"2.0","method":"tof.frame","params":{"at_us":9667938,"cols":8,"distance_mm":[1328,1954,2376,3091,553,558,550,543,1301,1942,2378,3090,545,536,550,553,1320,1929,2331,2377,541,553,550,544,1175,1173,1159,1177,555,565,549,539,792,789,775,797,585,571,564,572,595,595,587,591,596,592,581,580,496,476,487,478,480,486,501,511,411,418,413,414,420,427,433,435],"rows":8,"seq":132,"status":[5,5,5,5,5,5,5,5,5,5,5,5,5,5,5,5,5,5,5,5,5,5,5,5,5,5,5,5,5,5,5,5,5,5,5,5,5,5,5,5,5,5,5,5,5,5,5,5,5,5,5,5,5,5,5,5,5,5,5,5,5,5,5,5],"t_ns":51183697553000}}
51196102293875	stand	depth	{"jsonrpc":"2.0","method":"tof.frame","params":{"at_us":9747283,"cols":8,"distance_mm":[1331,1970,2362,3119,564,547,538,552,1311,1941,2344,3132,564,541,538,556,1319,1938,2363,2387,553,557,543,551,1179,1150,1172,1184,558,568,562,551,787,785,782,778,577,569,550,567,596,585,588,597,591,576,574,584,497,488,470,476,483,493,496,513,409,405,407,414,417,418,423,438],"rows":8,"seq":133,"status":[5,5,5,5,5,5,5,5,5,5,5,5,5,5,5,5,5,5,5,5,5,5,5,5,5,5,5,5,5,5,5,5,5,5,5,5,5,5,5,5,5,5,5,5,5,5,5,5,5,5,5,5,5,5,5,5,5,5,5,5,5,5,5,5],"t_ns":51183776899000}}
51196175539916	stand	depth	{"jsonrpc":"2.0","method":"tof.frame","params":{"at_us":9818361,"cols":8,"distance_mm":[1324,1942,2400,3097,548,553,555,549,1320,1939,2404,3085,552,551,545,551,1312,1944,2365,2415,559,549,548,553,1185,1163,1178,1170,566,568,555,557,805,778,782,792,580,569,551,564,598,593,588,595,592,598,585,582,486,482,482,482,489,477,501,518,421,414,409,411,424,419,425,422],"rows":8,"seq":134,"status":[5,5,5,5,5,5,5,5,5,5,5,5,5,5,5,5,5,5,5,5,5,5,5,5,5,5,5,5,5,5,5,5,5,5,5,5,5,5,5,5,5,5,5,5,5,5,5,5,5,5,5,5,5,5,5,5,5,5,5,5,5,5,5,5],"t_ns":51183847977000}}
51196242362041	stand	depth	{"jsonrpc":"2.0","method":"tof.frame","params":{"at_us":9886741,"cols":8,"distance_mm":[1316,1941,2376,3099,560,555,549,549,1313,1947,2381,3078,554,549,547,537,1309,1941,2368,2418,553,553,539,542,1182,1194,1178,1183,565,569,553,564,786,776,780,789,580,567,571,573,608,590,584,596,593,588,578,589,496,484,484,484,485,482,496,514,420,405,422,415,423,418,435,432],"rows":8,"seq":135,"status":[5,5,5,5,5,5,5,5,5,5,5,5,5,5,5,5,5,5,5,5,5,5,5,5,5,5,5,5,5,5,5,5,5,5,5,5,5,5,5,5,5,5,5,5,5,5,5,5,5,5,5,5,5,5,5,5,5,5,5,5,5,5,5,5],"t_ns":51183916357000}}
51196314091916	stand	depth	{"jsonrpc":"2.0","method":"tof.frame","params":{"at_us":9958069,"cols":8,"distance_mm":[1349,1942,2404,3095,562,556,552,551,1308,1942,2383,3094,554,539,545,543,1301,1920,2389,2409,558,535,549,544,1204,1168,1182,1181,559,560,556,551,794,776,777,787,584,555,555,556,584,597,587,588,598,589,586,595,487,478,475,486,483,488,502,513,420,418,412,413,414,420,440,437],"rows":8,"seq":136,"status":[5,5,5,5,5,5,5,5,5,5,5,5,5,5,5,5,5,5,5,5,5,5,5,5,5,5,5,5,5,5,5,5,5,5,5,5,5,5,5,5,5,5,5,5,5,5,5,5,5,5,5,5,5,5,5,5,5,5,5,5,5,5,5,5],"t_ns":51183987686000}}
51196391949416	stand	depth	{"jsonrpc":"2.0","method":"tof.frame","params":{"at_us":10035082,"cols":8,"distance_mm":[1323,1966,2380,3053,556,549,555,558,1321,1951,2367,3099,554,547,545,545,1314,1942,2374,2439,555,546,545,555,1202,1182,1173,1169,565,549,551,553,790,782,779,795,577,568,567,569,596,588,595,598,594,593,577,589,477,482,483,475,480,489,494,516,424,410,416,410,403,418,429,432],"rows":8,"seq":137,"status":[5,5,5,5,5,5,5,5,5,5,5,5,5,5,5,5,5,5,5,5,5,5,5,5,5,5,5,5,5,5,5,5,5,5,5,5,5,5,5,5,5,5,5,5,5,5,5,5,5,5,5,5,5,5,5,5,5,5,5,5,5,5,5,5],"t_ns":51184064699000}}
51196469932750	stand	depth	{"jsonrpc":"2.0","method":"tof.frame","params":{"at_us":10114736,"cols":8,"distance_mm":[1327,1958,2365,3106,557,551,555,551,1304,1935,2373,3110,550,550,554,533,1320,1956,2401,2451,551,546,550,541,1199,1188,1177,1188,561,551,563,561,800,784,784,796,581,561,564,566,589,594,594,592,591,597,581,585,489,475,485,485,481,491,498,510,419,411,411,416,416,424,433,439],"rows":8,"seq":138,"status":[5,5,5,5,5,5,5,5,5,5,5,5,5,5,5,5,5,5,5,5,5,5,5,5,5,5,5,5,5,5,5,5,5,5,5,5,5,5,5,5,5,5,5,5,5,5,5,5,5,5,5,5,5,5,5,5,5,5,5,5,5,5,5,5],"t_ns":51184144354000}}
51196539956708	stand	depth	{"jsonrpc":"2.0","method":"tof.frame","params":{"at_us":10183864,"cols":8,"distance_mm":[1344,1949,2387,3120,549,544,546,552,1321,1920,2377,3103,548,545,544,540,1316,1904,2389,2456,557,545,537,544,1193,1165,1179,1193,559,555,556,561,786,792,786,790,588,567,551,571,596,593,586,596,604,592,582,584,498,485,488,480,488,493,502,512,419,421,411,420,415,430,431,432],"rows":8,"seq":139,"status":[5,5,5,5,5,5,5,5,5,5,5,5,5,5,5,5,5,5,5,5,5,5,5,5,5,5,5,5,5,5,5,5,5,5,5,5,5,5,5,5,5,5,5,5,5,5,5,5,5,5,5,5,5,5,5,5,5,5,5,5,5,5,5,5],"t_ns":51184213482000}}
51196615862750	stand	depth	{"jsonrpc":"2.0","method":"tof.frame","params":{"at_us":10258798,"cols":8,"distance_mm":[1310,1944,2399,3073,559,549,547,552,1310,1941,2379,3095,564,547,538,554,1325,1941,2419,2423,562,541,554,551,1205,1171,1174,1186,563,555,557,563,803,791,776,788,567,570,574,571,601,594,589,607,603,584,581,582,497,479,477,493,484,498,495,511,415,419,411,422,415,421,434,431],"rows":8,"seq":140,"status":[5,5,5,5,5,5,5,5,5,5,5,5,5,5,5,5,5,5,5,5,5,5,5,5,5,5,5,5,5,5,5,5,5,5,5,5,5,5,5,5,5,5,5,5,5,5,5,5,5,5,5,5,5,5,5,5,5,5,5,5,5,5,5,5],"t_ns":51184288416000}}
51196685274000	stand	depth	{"jsonrpc":"2.0","method":"tof.frame","params":{"at_us":10329456,"cols":8,"distance_mm":[1329,1943,2382,3106,560,558,553,547,1316,1929,2356,3100,558,535,546,553,1314,1922,2403,2432,564,545,553,543,1205,1163,1179,1190,560,560,551,551,793,786,797,801,583,563,562,558,589,596,593,582,601,590,589,587,482,485,482,487,486,487,504,515,418,413,412,405,412,422,416,428],"rows":8,"seq":141,"status":[5,5,5,5,5,5,5,5,5,5,5,5,5,5,5,5,5,5,5,5,5,5,5,5,5,5,5,5,5,5,5,5,5,5,5,5,5,5,5,5,5,5,5,5,5,5,5,5,5,5,5,5,5,5,5,5,5,5,5,5,5,5,5,5],"t_ns":51184359074000}}
51196760940625	stand	depth	{"jsonrpc":"2.0","method":"tof.frame","params":{"at_us":10404698,"cols":8,"distance_mm":[1327,1960,2399,3106,562,559,562,552,1309,1936,2355,3109,560,553,549,547,1323,1954,2397,2425,554,549,541,552,1216,1173,1194,1177,564,555,553,557,786,783,800,781,580,568,569,568,590,588,598,602,601,586,585,589,486,485,471,489,483,497,505,505,416,410,415,408,422,428,427,451],"rows":8,"seq":142,"status":[5,5,5,5,5,5,5,5,5,5,5,5,5,5,5,5,5,5,5,5,5,5,5,5,5,5,5,5,5,5,5,5,5,5,5,5,5,5,5,5,5,5,5,5,5,5,5,5,5,5,5,5,5,5,5,5,5,5,5,5,5,5,5,5],"t_ns":51184434317000}}
51196833470083	stand	depth	{"jsonrpc":"2.0","method":"tof.frame","params":{"at_us":10477950,"cols":8,"distance_mm":[1318,1942,2383,3095,555,557,549,546,1310,1900,2401,3093,555,548,541,542,1300,1906,2401,2450,552,549,543,545,1196,1190,1179,1178,568,550,555,557,772,788,779,788,587,570,564,555,608,593,599,595,593,577,585,579,498,488,474,475,479,488,500,508,406,415,406,409,417,415,429,440],"rows":8,"seq":143,"status":[5,5,5,5,5,5,5,5,5,5,5,5,5,5,5,5,5,5,5,5,5,5,5,5,5,5,5,5,5,5,5,5,5,5,5,5,5,5,5,5,5,5,5,5,5,5,5,5,5,5,5,5,5,5,5,5,5,5,5,5,5,5,5,5],"t_ns":51184507569000}}
51196909294958	stand	depth	{"jsonrpc":"2.0","method":"tof.frame","params":{"at_us":10552478,"cols":8,"distance_mm":[1334,1961,2399,3094,555,544,554,541,1322,1922,2372,3115,545,551,540,540,1306,1935,2399,2474,558,545,544,548,1192,1179,1179,1160,562,550,559,557,783,790,770,801,570,566,570,562,596,588,600,608,595,582,583,584,495,482,483,484,483,484,497,513,421,412,417,411,415,422,436,436],"rows":8,"seq":144,"status":[5,5,5,5,5,5,5,5,5,5,5,5,5,5,5,5,5,5,5,5,5,5,5,5,5,5,5,5,5,5,5,5,5,5,5,5,5,5,5,5,5,5,5,5,5,5,5,5,5,5,5,5,5,5,5,5,5,5,5,5,5,5,5,5],"t_ns":51184582097000}}
51196984042875	stand	depth	{"jsonrpc":"2.0","method":"tof.frame","params":{"at_us":10627711,"cols":8,"distance_mm":[1334,1946,2378,3122,563,537,554,550,1303,1931,2368,3105,560,542,545,548,1308,1926,2403,2474,562,548,552,557,1198,1180,1192,1196,571,558,553,555,794,791,785,787,585,565,568,559,597,591,589,597,600,586,591,586,490,485,477,475,489,486,499,505,419,408,418,415,412,416,427,440],"rows":8,"seq":145,"status":[5,5,5,5,5,5,5,5,5,5,5,5,5,5,5,5,5,5,5,5,5,5,5,5,5,5,5,5,5,5,5,5,5,5,5,5,5,5,5,5,5,5,5,5,5,5,5,5,5,5,5,5,5,5,5,5,5,5,5,5,5,5,5,5],"t_ns":51184657330000}}
51197062806375	stand	depth	{"jsonrpc":"2.0","method":"tof.frame","params":{"at_us":10708217,"cols":8,"distance_mm":[1334,1978,2414,3087,559,543,544,542,1315,1930,2386,3113,549,546,535,547,1311,1917,2392,2473,567,544,548,548,1219,1196,1188,1197,560,551,543,550,796,789,785,804,581,557,562,571,601,597,589,597,612,585,580,583,491,489,478,487,488,490,496,510,420,409,432,420,422,429,431,442],"rows":8,"seq":146,"status":[5,5,5,5,5,5,5,5,5,5,5,5,5,5,5,5,5,5,5,5,5,5,5,5,5,5,5,5,5,5,5,5,5,5,5,5,5,5,5,5,5,5,5,5,5,5,5,5,5,5,5,5,5,5,5,5,5,5,5,5,5,5,5,5],"t_ns":51184737837000}}
51197142240625	stand	depth	{"jsonrpc":"2.0","method":"tof.frame","params":{"at_us":10786677,"cols":8,"distance_mm":[1330,1967,2354,3099,551,546,554,554,1309,1926,2362,3111,553,539,541,550,1312,1940,2385,2456,549,542,541,554,1207,1184,1183,1192,579,553,562,555,796,781,783,795,569,565,563,563,603,598,592,599,599,585,574,596,486,486,492,486,495,490,502,522,413,409,414,416,419,419,433,437],"rows":8,"seq":147,"status":[5,5,5,5,5,5,5,5,5,5,5,5,5,5,5,5,5,5,5,5,5,5,5,5,5,5,5,5,5,5,5,5,5,5,5,5,5,5,5,5,5,5,5,5,5,5,5,5,5,5,5,5,5,5,5,5,5,5,5,5,5,5,5,5],"t_ns":51184816298000}}
51197222402416	stand	depth	{"jsonrpc":"2.0","method":"tof.frame","params":{"at_us":10865479,"cols":8,"distance_mm":[1315,1943,2384,3102,566,545,541,552,1299,1929,2366,3124,558,551,539,536,1314,1938,2414,2443,548,546,551,545,1192,1179,1185,1177,556,558,563,553,803,780,781,778,579,563,567,572,597,599,586,606,590,584,579,585,487,485,481,498,489,495,508,509,412,412,401,417,413,430,421,437],"rows":8,"seq":148,"status":[5,5,5,5,5,5,5,5,5,5,5,5,5,5,5,5,5,5,5,5,5,5,5,5,5,5,5,5,5,5,5,5,5,5,5,5,5,5,5,5,5,5,5,5,5,5,5,5,5,5,5,5,5,5,5,5,5,5,5,5,5,5,5,5],"t_ns":51184895100000}}
51197299540583	stand	depth	{"jsonrpc":"2.0","method":"tof.frame","params":{"at_us":10944792,"cols":8,"distance_mm":[1302,1917,2393,3109,553,554,550,561,1307,1930,2381,3109,568,553,543,556,1308,1915,2398,2456,555,551,536,544,1200,1187,1181,1194,564,548,550,551,797,794,779,786,575,575,567,562,599,587,600,603,600,582,582,580,501,479,482,485,483,495,504,510,415,411,419,419,421,426,433,439],"rows":8,"seq":149,"status":[5,5,5,5,5,5,5,5,5,5,5,5,5,5,5,5,5,5,5,5,5,5,5,5,5,5,5,5,5,5,5,5,5,5,5,5,5,5,5,5,5,5,5,5,5,5,5,5,5,5,5,5,5,5,5,5,5,5,5,5,5,5,5,5],"t_ns":51184974413000}}
51197379971583	stand	depth	{"jsonrpc":"2.0","method":"tof.frame","params":{"at_us":11023348,"cols":8,"distance_mm":[1326,1958,2387,3099,565,548,538,551,1319,1932,2382,3097,558,546,543,543,1324,1953,2374,2415,547,550,549,545,1196,1185,1186,1187,560,557,555,556,787,795,785,784,577,562,567,572,596,609,592,600,592,589,578,587,501,474,472,478,487,497,503,519,415,410,415,409,416,421,422,443],"rows":8,"seq":150,"status":[5,5,5,5,5,5,5,5,5,5,5,5,5,5,5,5,5,5,5,5,5,5,5,5,5,5,5,5,5,5,5,5,5,5,5,5,5,5,5,5,5,5,5,5,5,5,5,5,5,5,5,5,5,5,5,5,5,5,5,5,5,5,5,5],"t_ns":51185052972000}}
51197454773375	stand	depth	{"jsonrpc":"2.0","method":"tof.frame","params":{"at_us":11098114,"cols":8,"distance_mm":[1335,1929,2394,3090,556,551,546,558,1306,1916,2361,3112,541,540,536,533,1308,1929,2390,2428,550,542,550,541,1201,1179,1168,1185,558,561,542,553,786,787,779,784,578,562,572,565,597,591,580,592,585,590,568,579,493,489,484,480,483,495,502,504,424,418,416,414,415,426,427,437],"rows":8,"seq":151,"status":[5,5,5,5,5,5,5,5,5,5,5,5,5,5,5,5,5,5,5,5,5,5,5,5,5,5,5,5,5,5,5,5,5,5,5,5,5,5,5,5,5,5,5,5,5,5,5,5,5,5,5,5,5,5,5,5,5,5,5,5,5,5,5,5],"t_ns":51185127735000}}
51197533349666	stand	depth	{"jsonrpc":"2.0","method":"tof.frame","params":{"at_us":11177276,"cols":8,"distance_mm":[1336,1957,2388,3102,552,538,561,549,1301,1940,2365,3118,556,540,538,539,1318,1921,2366,2422,556,546,548,548,1174,1178,1159,1190,567,552,557,547,801,771,782,786,566,577,566,558,595,594,594,598,586,585,593,589,490,482,474,479,484,489,506,508,420,417,419,407,417,424,432,435],"rows":8,"seq":152,"status":[5,5,5,5,5,5,5,5,5,5,5,5,5,5,5,5,5,5,5,5,5,5,5,5,5,5,5,5,5,5,5,5,5,5,5,5,5,5,5,5,5,5,5,5,5,5,5,5,5,5,5,5,5,5,5,5,5,5,5,5,5,5,5,5],"t_ns":51185206898000}}
51197605399666	stand	depth	{"jsonrpc":"2.0","method":"tof.frame","params":{"at_us":11249324,"cols":8,"distance_mm":[1314,1970,2385,3105,564,546,558,544,1325,1927,2371,3088,553,552,538,547,1312,1919,2344,2404,550,540,554,535,1186,1162,1166,1192,563,556,556,554,799,786,784,775,581,562,560,564,602,595,594,594,602,586,587,589,493,482,481,484,483,482,498,512,417,413,416,411,415,423,430,437],"rows":8,"seq":153,"status":[5,5,5,5,5,5,5,5,5,5,5,5,5,5,5,5,5,5,5,5,5,5,5,5,5,5,5,5,5,5,5,5,5,5,5,5,5,5,5,5,5,5,5,5,5,5,5,5,5,5,5,5,5,5,5,5,5,5,5,5,5,5,5,5],"t_ns":51185278947000}}
51197676809000	stand	depth	{"jsonrpc":"2.0","method":"tof.frame","params":{"at_us":11319667,"cols":8,"distance_mm":[1335,1940,2368,3071,570,557,544,552,1319,1917,2375,3127,548,553,544,544,1295,1955,2349,2384,551,551,530,554,1166,1168,1162,1193,569,555,555,551,798,783,784,786,581,568,565,577,595,600,587,590,598,582,581,569,487,477,490,481,483,491,494,513,417,417,409,416,414,425,429,429],"rows":8,"seq":154,"status":[5,5,5,5,5,5,5,5,5,5,5,5,5,5,5,5,5,5,5,5,5,5,5,5,5,5,5,5,5,5,5,5,5,5,5,5,5,5,5,5,5,5,5,5,5,5,5,5,5,5,5,5,5,5,5,5,5,5,5,5,5,5,5,5],"t_ns":51185349290000}}
51197746413125	stand	depth	{"jsonrpc":"2.0","method":"tof.frame","params":{"at_us":11390016,"cols":8,"distance_mm":[1338,1929,2382,3110,558,544,545,547,1323,1941,2355,3125,559,547,532,551,1315,1946,2332,2399,557,543,559,540,1195,1184,1185,1186,566,551,550,541,783,781,780,792,579,561,570,568,585,579,588,600,597,589,577,585,486,481,481,472,474,479,500,517,416,414,413,410,421,424,434,445],"rows":8,"seq":155,"status":[5,5,5,5,5,5,5,5,5,5,5,5,5,5,5,5,5,5,5,5,5,5,5,5,5,5,5,5,5,5,5,5,5,5,5,5,5,5,5,5,5,5,5,5,5,5,5,5,5,5,5,5,5,5,5,5,5,5,5,5,5,5,5,5],"t_ns":51185419638000}}
51197815565166	stand	depth	{"jsonrpc":"2.0","method":"tof.frame","params":{"at_us":11459212,"cols":8,"distance_mm":[1332,1938,2385,3101,553,542,550,549,1316,1924,2367,3112,550,543,530,551,1313,1941,2377,2409,563,551,548,547,1194,1180,1170,1181,554,557,554,558,780,785,781,781,573,564,561,571,598,596,595,592,593,581,585,579,495,484,480,475,487,490,505,508,418,407,416,416,421,419,431,434],"rows":8,"seq":156,"status":[5,5,5,5,5,5,5,5,5,5,5,5,5,5,5,5,5,5,5,5,5,5,5,5,5,5,5,5,5,5,5,5,5,5,5,5,5,5,5,5,5,5,5,5,5,5,5,5,5,5,5,5,5,5,5,5,5,5,5,5,5,5,5,5],"t_ns":51185488835000}}
51197889096125	stand	depth	{"jsonrpc":"2.0","method":"tof.frame","params":{"at_us":11532978,"cols":8,"distance_mm":[1322,1937,2372,3083,567,551,548,552,1319,1925,2368,3129,552,544,536,552,1315,1916,2367,2421,566,542,559,547,1187,1167,1181,1170,561,558,544,554,784,791,777,791,584,571,563,566,592,592,598,598,589,594,577,578,491,485,481,469,488,487,500,516,423,413,412,414,421,414,424,425],"rows":8,"seq":157,"status":[5,5,5,5,5,5,5,5,5,5,5,5,5,5,5,5,5,5,5,5,5,5,5,5,5,5,5,5,5,5,5,5,5,5,5,5,5,5,5,5,5,5,5,5,5,5,5,5,5,5,5,5,5,5,5,5,5,5,5,5,5,5,5,5],"t_ns":51185562601000}}
51197958795291	stand	depth	{"jsonrpc":"2.0","method":"tof.frame","params":{"at_us":11602265,"cols":8,"distance_mm":[1343,1950,2376,3117,555,550,553,547,1324,1946,2370,3110,557,543,536,547,1306,1927,2377,2413,553,536,550,547,1187,1170,1177,1183,564,545,545,557,793,798,779,792,567,558,560,561,592,594,591,594,602,587,574,590,495,476,483,484,482,490,505,504,414,407,405,416,431,435,440,436],"rows":8,"seq":158,"status":[5,5,5,5,5,5,5,5,5,5,5,5,5,5,5,5,5,5,5,5,5,5,5,5,5,5,5,5,5,5,5,5,5,5,5,5,5,5,5,5,5,5,5,5,5,5,5,5,5,5,5,5,5,5,5,5,5,5,5,5,5,5,5,5],"t_ns":51185631889000}}
51198034253458	stand	depth	{"jsonrpc":"2.0","method":"tof.frame","params":{"at_us":11679040,"cols":8,"distance_mm":[1312,1971,2366,3122,557,550,549,551,1317,1906,2381,3100,557,546,541,550,1316,1940,2387,2415,556,541,550,538,1188,1147,1161,1183,560,551,560,553,786,780,787,784,572,571,564,561,601,594,592,600,604,591,586,583,487,488,477,479,489,496,502,516,419,414,415,420,421,425,421,436],"rows":8,"seq":159,"status":[5,5,5,5,5,5,5,5,5,5,5,5,5,5,5,5,5,5,5,5,5,5,5,5,5,5,5,5,5,5,5,5,5,5,5,5,5,5,5,5,5,5,5,5,5,5,5,5,5,5,5,5,5,5,5,5,5,5,5,5,5,5,5,5],"t_ns":51185708665000}}
51198111999250	stand	depth	{"jsonrpc":"2.0","method":"tof.frame","params":{"at_us":11756408,"cols":8,"distance_mm":[1334,1929,2392,3093,560,547,537,545,1318,1915,2381,3097,550,548,550,546,1320,1916,2405,2428,563,553,544,557,1188,1181,1191,1170,563,565,563,545,790,785,779,780,581,576,561,571,603,599,589,590,593,596,582,580,485,483,481,476,488,488,498,511,407,410,406,415,423,430,434,443],"rows":8,"seq":160,"status":[5,5,5,5,5,5,5,5,5,5,5,5,5,5,5,5,5,5,5,5,5,5,5,5,5,5,5,5,5,5,5,5,5,5,5,5,5,5,5,5,5,5,5,5,5,5,5,5,5,5,5,5,5,5,5,5,5,5,5,5,5,5,5,5],"t_ns":51185786032000}}
51198184290041	stand	depth	{"jsonrpc":"2.0","method":"tof.frame","params":{"at_us":11827748,"cols":8,"distance_mm":[1328,1961,2401,3057,555,551,564,552,1293,1923,2391,3121,558,550,550,539,1309,1918,2384,2401,560,550,552,564,1199,1170,1177,1197,567,556,539,559,788,774,786,796,572,563,557,570,589,586,587,597,603,582,577,583,493,484,481,474,478,487,500,515,423,412,415,420,411,419,431,436],"rows":8,"seq":161,"status":[5,5,5,5,5,5,5,5,5,5,5,5,5,5,5,5,5,5,5,5,5,5,5,5,5,5,5,5,5,5,5,5,5,5,5,5,5,5,5,5,5,5,5,5,5,5,5,5,5,5,5,5,5,5,5,5,5,5,5,5,5,5,5,5],"t_ns":51185857373000}}
51198261728375	stand	depth	{"jsonrpc":"2.0","method":"tof.frame","params":{"at_us":11905065,"cols":8,"distance_mm":[1300,1929,2374,3086,553,556,546,558,1308,1912,2362,3108,547,563,533,547,1329,1938,2373,2405,555,556,538,551,1210,1186,1184,1186,566,549,554,553,782,786,767,786,571,566,559,571,598,593,589,598,601,586,578,582,493,471,479,481,484,499,500,510,414,412,405,425,422,422,424,430],"rows":8,"seq":162,"status":[5,5,5,5,5,5,5,5,5,5,5,5,5,5,5,5,5,5,5,5,5,5,5,5,5,5,5,5,5,5,5,5,5,5,5,5,5,5,5,5,5,5,5,5,5,5,5,5,5,5,5,5,5,5,5,5,5,5,5,5,5,5,5,5],"t_ns":51185934690000}}
51198331523833	stand	depth	{"jsonrpc":"2.0","method":"tof.frame","params":{"at_us":11975014,"cols":8,"distance_mm":[1328,1938,2373,3113,556,550,554,547,1314,1927,2397,3074,554,546,534,547,1325,1948,2400,2434,547,550,537,546,1204,1172,1168,1173,558,547,554,558,772,787,772,796,577,570,566,568,597,598,595,598,605,578,584,581,487,480,485,475,483,485,492,513,418,423,408,411,413,428,423,433],"rows":8,"seq":163,"status":[5,5,5,5,5,5,5,5,5,5,5,5,5,5,5,5,5,5,5,5,5,5,5,5,5,5,5,5,5,5,5,5,5,5,5,5,5,5,5,5,5,5,5,5,5,5,5,5,5,5,5,5,5,5,5,5,5,5,5,5,5,5,5,5],"t_ns":51186004638000}}
51198401892166	stand	depth	{"jsonrpc":"2.0","method":"tof.frame","params":{"at_us":12047313,"cols":8,"distance_mm":[1328,1953,2389,3092,555,555,550,545,1331,1953,2372,3091,562,554,544,542,1326,1924,2402,2420,554,549,547,532,1197,1174,1164,1180,552,553,546,560,790,791,780,780,590,563,554,557,595,597,582,603,605,609,593,590,493,491,477,482,490,479,496,512,412,417,422,418,417,425,423,438],"rows":8,"seq":164,"status":[5,5,5,5,5,5,5,5,5,5,5,5,5,5,5,5,5,5,5,5,5,5,5,5,5,5,5,5,5,5,5,5,5,5,5,5,5,5,5,5,5,5,5,5,5,5,5,5,5,5,5,5,5,5,5,5,5,5,5,5,5,5,5,5],"t_ns":51186076938000}}
51198480872041	stand	depth	{"jsonrpc":"2.0","method":"tof.frame","params":{"at_us":12124652,"cols":8,"distance_mm":[1312,1963,2368,3107,558,558,540,548,1323,1943,2359,3122,562,542,549,538,1308,1963,2368,2393,561,550,551,545,1190,1164,1172,1179,566,548,557,556,788,787,779,791,572,565,561,562,599,596,585,608,595,575,575,578,492,476,476,484,487,487,495,518,414,404,420,413,417,417,425,437],"rows":8,"seq":165,"status":[5,5,5,5,5,5,5,5,5,5,5,5,5,5,5,5,5,5,5,5,5,5,5,5,5,5,5,5,5,5,5,5,5,5,5,5,5,5,5,5,5,5,5,5,5,5,5,5,5,5,5,5,5,5,5,5,5,5,5,5,5,5,5,5],"t_ns":51186154278000}}
51198557875125	stand	depth	{"jsonrpc":"2.0","method":"tof.frame","params":{"at_us":12201933,"cols":8,"distance_mm":[1327,1964,2395,3058,553,549,545,556,1331,1917,2369,3078,553,552,554,550,1312,1928,2362,2406,559,555,541,536,1194,1179,1160,1176,569,552,554,560,797,778,795,785,579,564,572,578,598,604,588,592,587,595,579,597,489,488,484,475,482,494,505,517,414,407,413,409,407,417,430,434],"rows":8,"seq":166,"status":[5,5,5,5,5,5,5,5,5,5,5,5,5,5,5,5,5,5,5,5,5,5,5,5,5,5,5,5,5,5,5,5,5,5,5,5,5,5,5,5,5,5,5,5,5,5,5,5,5,5,5,5,5,5,5,5,5,5,5,5,5,5,5,5],"t_ns":51186231559000}}
51198634533500	stand	depth	{"jsonrpc":"2.0","method":"tof.frame","params":{"at_us":12279222,"cols":8,"distance_mm":[1321,1946,2379,3115,555,556,551,546,1305,1931,2370,3102,546,542,538,545,1309,1930,2332,2371,548,548,547,553,1177,1163,1166,1161,558,548,554,559,790,778,766,789,583,566,560,565,589,589,588,592,597,581,576,584,490,477,463,478,483,495,501,512,414,412,408,417,420,436,423,451],"rows":8,"seq":167,"status":[5,5,5,5,5,5,5,5,5,5,5,5,5,5,5,5,5,5,5,5,5,5,5,5,5,5,5,5,5,5,5,5,5,5,5,5,5,5,5,5,5,5,5,5,5,5,5,5,5,5,5,5,5,5,5,5,5,5,5,5,5,5,5,5],"t_ns":51186308850000}}
51198709413125	stand	depth	{"jsonrpc":"2.0","method":"tof.frame","params":{"at_us":12354339,"cols":8,"distance_mm":[1322,1949,2370,3101,562,547,541,545,1319,1895,2348,3106,562,549,543,548,1312,1936,2302,2346,550,549,540,548,1173,1153,1159,1160,565,555,555,556,782,783,775,791,574,565,561,575,585,589,602,601,596,587,590,589,495,479,482,475,474,489,500,508,419,418,410,413,409,417,420,434],"rows":8,"seq":168,"status":[5,5,5,5,5,5,5,5,5,5,5,5,5,5,5,5,5,5,5,5,5,5,5,5,5,5,5,5,5,5,5,5,5,5,5,5,5,5,5,5,5,5,5,5,5,5,5,5,5,5,5,5,5,5,5,5,5,5,5,5,5,5,5,5],"t_ns":51186383966000}}
51198786851208	stand	depth	{"jsonrpc":"2.0","method":"tof.frame","params":{"at_us":12431610,"cols":8,"distance_mm":[1323,1943,2398,3089,563,559,544,553,1320,1924,2345,3139,567,543,551,532,1323,1939,2289,2334,555,553,550,547,1186,1155,1149,1167,569,554,551,552,786,764,787,782,579,578,571,576,592,588,590,581,590,584,577,591,481,483,472,475,489,487,503,506,415,407,402,408,412,420,427,438],"rows":8,"seq":169,"status":[5,5,5,5,5,5,5,5,5,5,5,5,5,5,5,5,5,5,5,5,5,5,5,5,5,5,5,5,5,5,5,5,5,5,5,5,5,5,5,5,5,5,5,5,5,5,5,5,5,5,5,5,5,5,5,5,5,5,5,5,5,5,5,5],"t_ns":51186461237000}}
51198862736166	stand	depth	{"jsonrpc":"2.0","method":"tof.frame","params":{"at_us":12506981,"cols":8,"distance_mm":[1322,1947,2372,3106,560,555,540,554,1311,1940,2358,3111,553,542,536,554,1313,1939,2257,2322,559,544,540,547,1164,1147,1142,1163,559,561,543,556,786,763,771,771,571,574,566,562,585,590,583,591,601,587,580,578,489,485,461,477,483,473,498,501,416,419,404,407,413,416,418,434],"rows":8,"seq":170,"status":[5,5,5,5,5,5,5,5,5,5,5,5,5,5,5,5,5,5,5,5,5,5,5,5,5,5,5,5,5,5,5,5,5,5,5,5,5,5,5,5,5,5,5,5,5,5,5,5,5,5,5,5,5,5,5,5,5,5,5,5,5,5,5,5],"t_ns":51186536608000}}
51198938628250	stand	depth	{"jsonrpc":"2.0","method":"tof.frame","params":{"at_us":12582388,"cols":8,"distance_mm":[1318,1951,2359,3110,557,541,542,552,1312,1948,2380,3094,562,540,540,549,1325,1930,2273,2333,554,548,549,541,1164,1152,1157,1157,556,554,551,545,784,758,776,771,565,572,562,560,589,582,579,593,590,589,585,584,486,472,472,474,486,491,501,505,412,411,416,409,418,430,416,436],"rows":8,"seq":171,"status":[5,5,5,5,5,5,5,5,5,5,5,5,5,5,5,5,5,5,5,5,5,5,5,5,5,5,5,5,5,5,5,5,5,5,5,5,5,5,5,5,5,5,5,5,5,5,5,5,5,5,5,5,5,5,5,5,5,5,5,5,5,5,5,5],"t_ns":51186612015000}}
51199007389791	stand	depth	{"jsonrpc":"2.0","method":"tof.frame","params":{"at_us":12651381,"cols":8,"distance_mm":[1337,1937,2378,3073,559,549,544,550,1323,1936,2376,3123,546,548,539,544,1314,1951,2234,2328,549,548,550,538,1163,1154,1142,1145,563,548,553,555,774,775,768,780,574,565,566,576,592,595,583,592,599,588,589,587,491,481,469,476,477,477,502,506,411,408,403,408,421,414,426,430],"rows":8,"seq":172,"status":[5,5,5,5,5,5,5,5,5,5,5,5,5,5,5,5,5,5,5,5,5,5,5,5,5,5,5,5,5,5,5,5,5,5,5,5,5,5,5,5,5,5,5,5,5,5,5,5,5,5,5,5,5,5,5,5,5,5,5,5,5,5,5,5],"t_ns":51186681009000}}
51199085979708	stand	depth	{"jsonrpc":"2.0","method":"tof.frame","params":{"at_us":12730318,"cols":8,"distance_mm":[1332,1954,2406,3086,562,542,548,553,1331,1925,2358,3082,546,543,537,543,1298,1951,2297,2350,556,548,534,543,1155,1141,1151,1158,564,556,550,572,779,781,772,776,582,574,560,565,596,588,578,587,594,583,586,578,488,491,479,471,476,487,498,511,415,412,409,404,417,425,428,444],"rows":8,"seq":173,"status":[5,5,5,5,5,5,5,5,5,5,5,5,5,5,5,5,5,5,5,5,5,5,5,5,5,5,5,5,5,5,5,5,5,5,5,5,5,5,5,5,5,5,5,5,5,5,5,5,5,5,5,5,5,5,5,5,5,5,5,5,5,5,5,5],"t_ns":51186759946000}}
51199154747041	stand	depth	{"jsonrpc":"2.0","method":"tof.frame","params":{"at_us":12799070,"cols":8,"distance_mm":[1346,1958,2352,3083,564,547,553,552,1317,1927,2375,3137,559,550,551,543,1313,1940,2302,2359,545,539,544,545,1173,1162,1161,1171,565,556,543,549,785,781,769,780,586,579,568,561,596,582,594,590,599,587,583,594,482,481,482,485,482,483,493,511,414,411,416,411,410,415,421,431],"rows":8,"seq":174,"status":[5,5,5,5,5,5,5,5,5,5,5,5,5,5,5,5,5,5,5,5,5,5,5,5,5,5,5,5,5,5,5,5,5,5,5,5,5,5,5,5,5,5,5,5,5,5,5,5,5,5,5,5,5,5,5,5,5,5,5,5,5,5,5,5],"t_ns":51186828699000}}
51199232080750	stand	depth	{"jsonrpc":"2.0","method":"tof.frame","params":{"at_us":12876674,"cols":8,"distance_mm":[1330,1937,2367,3085,552,564,550,558,1304,1935,2375,3121,554,535,543,543,1303,1914,2323,2354,557,544,545,557,1190,1156,1143,1155,564,558,555,562,784,780,771,784,577,575,562,559,597,572,587,595,588,582,599,583,491,484,473,478,483,496,489,512,410,417,409,409,414,418,431,433],"rows":8,"seq":175,"status":[5,5,5,5,5,5,5,5,5,5,5,5,5,5,5,5,5,5,5,5,5,5,5,5,5,5,5,5,5,5,5,5,5,5,5,5,5,5,5,5,5,5,5,5,5,5,5,5,5,5,5,5,5,5,5,5,5,5,5,5,5,5,5,5],"t_ns":51186906303000}}
51199306170916	stand	depth	{"jsonrpc":"2.0","method":"tof.frame","params":{"at_us":12950158,"cols":8,"distance_mm":[1326,1936,2383,3081,562,548,547,549,1326,1900,2380,3120,555,542,541,543,1304,1929,2300,2353,558,541,534,552,1172,1163,1152,1157,565,551,549,542,770,784,769,775,573,569,547,585,594,598,574,588,590,589,585,581,487,478,484,482,488,487,502,516,409,416,412,422,415,419,422,440],"rows":8,"seq":176,"status":[5,5,5,5,5,5,5,5,5,5,5,5,5,5,5,5,5,5,5,5,5,5,5,5,5,5,5,5,5,5,5,5,5,5,5,5,5,5,5,5,5,5,5,5,5,5,5,5,5,5,5,5,5,5,5,5,5,5,5,5,5,5,5,5],"t_ns":51186979787000}}
51199384359416	stand	depth	{"jsonrpc":"2.0","method":"tof.frame","params":{"at_us":13029928,"cols":8,"distance_mm":[1318,1944,2364,3048,559,552,544,556,1307,1953,2385,3090,539,544,548,552,1332,1941,2329,2350,547,546,548,546,1164,1160,1159,1163,566,553,547,560,789,774,776,792,582,555,564,563,581,577,585,582,590,590,582,583,492,477,477,484,485,484,493,505,411,420,418,415,418,426,428,427],"rows":8,"seq":177,"status":[5,5,5,5,5,5,5,5,5,5,5,5,5,5,5,5,5,5,5,5,5,5,5,5,5,5,5,5,5,5,5,5,5,5,5,5,5,5,5,5,5,5,5,5,5,5,5,5,5,5,5,5,5,5,5,5,5,5,5,5,5,5,5,5],"t_ns":51187059558000}}
51199458942083	stand	depth	{"jsonrpc":"2.0","method":"tof.frame","params":{"at_us":13102119,"cols":8,"distance_mm":[1337,1937,2389,3103,566,548,542,551,1328,1908,2363,3116,557,547,543,548,1307,1941,2293,2347,547,542,544,545,1166,1158,1159,1157,568,557,559,555,780,779,776,771,572,571,555,557,599,581,584,587,594,577,577,590,487,475,476,477,487,490,497,505,416,411,414,409,419,427,425,428],"rows":8,"seq":178,"status":[5,5,5,5,5,5,5,5,5,5,5,5,5,5,5,5,5,5,5,5,5,5,5,5,5,5,5,5,5,5,5,5,5,5,5,5,5,5,5,5,5,5,5,5,5,5,5,5,5,5,5,5,5,5,5,5,5,5,5,5,5,5,5,5],"t_ns":51187131749000}}
51199533155083	stand	depth	{"jsonrpc":"2.0","method":"tof.frame","params":{"at_us":13177612,"cols":8,"distance_mm":[1339,1948,2370,3088,554,533,558,560,1328,1941,2371,3118,554,549,543,536,1310,1893,2337,2370,556,539,545,543,1170,1139,1166,1165,564,554,551,559,790,765,779,782,570,564,564,570,593,601,582,592,599,590,591,576,501,472,468,479,480,498,491,515,415,414,404,409,408,411,427,438],"rows":8,"seq":179,"status":[5,5,5,5,5,5,5,5,5,5,5,5,5,5,5,5,5,5,5,5,5,5,5,5,5,5,5,5,5,5,5,5,5,5,5,5,5,5,5,5,5,5,5,5,5,5,5,5,5,5,5,5,5,5,5,5,5,5,5,5,5,5,5,5],"t_ns":51187207242000}}
51199604627583	stand	depth	{"jsonrpc":"2.0","method":"tof.frame","params":{"at_us":13248508,"cols":8,"distance_mm":[1326,1927,2367,3108,559,553,546,556,1317,1923,2389,3114,561,542,539,545,1307,1925,2327,2365,556,543,548,551,1166,1156,1161,1177,565,571,543,552,776,773,763,775,571,574,559,570,593,586,576,584,599,596,587,597,496,478,484,489,486,484,501,519,412,415,417,417,417,422,431,436],"rows":8,"seq":180,"status":[5,5,5,5,5,5,5,5,5,5,5,5,5,5,5,5,5,5,5,5,5,5,5,5,5,5,5,5,5,5,5,5,5,5,5,5,5,5,5,5,5,5,5,5,5,5,5,5,5,5,5,5,5,5,5,5,5,5,5,5,5,5,5,5],"t_ns":51187278139000}}
51199681838208	stand	depth	{"jsonrpc":"2.0","method":"tof.frame","params":{"at_us":13326118,"cols":8,"distance_mm":[1322,1961,2347,3077,568,544,542,548,1312,1954,2365,3102,556,557,550,551,1306,1926,2312,2382,552,546,546,558,1196,1165,1169,1154,566,549,547,547,791,789,785,772,572,568,565,567,592,584,595,586,602,588,583,591,498,484,473,479,482,486,499,509,418,407,405,414,418,426,424,441],"rows":8,"seq":181,"status":[5,5,5,5,5,5,5,5,5,5,5,5,5,5,5,5,5,5,5,5,5,5,5,5,5,5,5,5,5,5,5,5,5,5,5,5,5,5,5,5,5,5,5,5,5,5,5,5,5,5,5,5,5,5,5,5,5,5,5,5,5,5,5,5],"t_ns":51187355748000}}
51199750046541	stand	depth	{"jsonrpc":"2.0","method":"tof.frame","params":{"at_us":13395597,"cols":8,"distance_mm":[1334,1953,2371,3073,561,545,555,542,1305,1934,2370,3114,560,558,553,541,1309,1928,2334,2359,549,548,544,549,1186,1148,1161,1170,568,555,547,550,785,778,775,780,576,566,562,579,599,589,589,592,590,583,574,580,491,470,478,478,478,495,500,508,419,415,409,404,414,414,429,441],"rows":8,"seq":182,"status":[5,5,5,5,5,5,5,5,5,5,5,5,5,5,5,5,5,5,5,5,5,5,5,5,5,5,5,5,5,5,5,5,5,5,5,5,5,5,5,5,5,5,5,5,5,5,5,5,5,5,5,5,5,5,5,5,5,5,5,5,5,5,5,5],"t_ns":51187425228000}}
51199819167750	stand	depth	{"jsonrpc":"2.0","method":"tof.frame","params":{"at_us":13464418,"cols":8,"distance_mm":[1346,1944,2393,3082,558,556,548,552,1326,1929,2382,3152,555,546,548,544,1320,1943,2333,2380,561,545,535,536,1186,1158,1150,1159,562,554,554,555,800,786,778,790,578,559,567,573,592,592,588,596,598,595,575,596,490,479,474,481,488,493,498,501,414,410,412,408,416,414,426,435],"rows":8,"seq":183,"status":[5,5,5,5,5,5,5,5,5,5,5,5,5,5,5,5,5,5,5,5,5,5,5,5,5,5,5,5,5,5,5,5,5,5,5,5,5,5,5,5,5,5,5,5,5,5,5,5,5,5,5,5,5,5,5,5,5,5,5,5,5,5,5,5],"t_ns":51187494049000}}
51199891992541	stand	depth	{"jsonrpc":"2.0","method":"tof.frame","params":{"at_us":13534975,"cols":8,"distance_mm":[1333,1956,2375,3032,556,545,544,552,1325,1953,2373,3104,566,542,546,554,1308,1932,2339,2386,564,555,539,548,1180,1154,1167,1169,571,557,554,562,785,790,759,786,582,571,574,559,590,595,590,573,590,591,573,600,484,483,480,478,480,490,490,513,412,405,418,414,422,419,417,441],"rows":8,"seq":184,"status":[5,5,5,5,5,5,5,5,5,5,5,5,5,5,5,5,5,5,5,5,5,5,5,5,5,5,5,5,5,5,5,5,5,5,5,5,5,5,5,5,5,5,5,5,5,5,5,5,5,5,5,5,5,5,5,5,5,5,5,5,5,5,5,5],"t_ns":51187564606000}}
51199961712041	stand	depth	{"jsonrpc":"2.0","method":"tof.frame","params":{"at_us":13605708,"cols":8,"distance_mm":[1325,1942,2365,3119,557,550,563,549,1313,1923,2336,3097,564,544,554,545,1312,1924,2375,2428,559,551,545,549,1182,1179,1169,1173,554,556,554,554,787,780,785,778,570,571,562,566,604,598,587,591,601,584,579,592,485,485,467,478,485,493,490,506,418,412,407,413,423,423,421,443],"rows":8,"seq":185,"status":[5,5,5,5,5,5,5,5,5,5,5,5,5,5,5,5,5,5,5,5,5,5,5,5,5,5,5,5,5,5,5,5,5,5,5,5,5,5,5,5,5,5,5,5,5,5,5,5,5,5,5,5,5,5,5,5,5,5,5,5,5,5,5,5],"t_ns":51187635340000}}
51200040377291	stand	depth	{"jsonrpc":"2.0","method":"tof.frame","params":{"at_us":13684781,"cols":8,"distance_mm":[1335,1954,2383,3088,559,550,542,550,1300,1948,2399,3103,560,542,550,547,1287,1908,2359,2394,563,548,546,535,1197,1164,1164,1169,562,558,542,556,787,784,781,793,579,567,552,566,593,600,603,596,590,575,582,578,489,480,476,478,478,491,498,515,425,409,398,412,416,425,428,435],"rows":8,"seq":186,"status":[5,5,5,5,5,5,5,5,5,5,5,5,5,5,5,5,5,5,5,5,5,5,5,5,5,5,5,5,5,5,5,5,5,5,5,5,5,5,5,5,5,5,5,5,5,5,5,5,5,5,5,5,5,5,5,5,5,5,5,5,5,5,5,5],"t_ns":51187714414000}}
51200113928708	stand	depth	{"jsonrpc":"2.0","method":"tof.frame","params":{"at_us":13758843,"cols":8,"distance_mm":[1325,1973,2374,3105,567,548,547,544,1325,1943,2375,3105,565,554,537,546,1321,1941,2384,2424,561,554,552,545,1202,1170,1162,1163,564,548,548,557,797,771,787,784,581,574,560,569,595,585,589,599,600,590,580,574,495,478,479,481,486,491,502,511,410,411,418,424,423,415,423,433],"rows":8,"seq":187,"status":[5,5,5,5,5,5,5,5,5,5,5,5,5,5,5,5,5,5,5,5,5,5,5,5,5,5,5,5,5,5,5,5,5,5,5,5,5,5,5,5,5,5,5,5,5,5,5,5,5,5,5,5,5,5,5,5,5,5,5,5,5,5,5,5],"t_ns":51187788476000}}
51200186787666	stand	depth	{"jsonrpc":"2.0","method":"tof.frame","params":{"at_us":13830661,"cols":8,"distance_mm":[1327,1934,2388,3079,556,555,546,541,1323,1938,2361,3091,555,535,551,556,1304,1912,2343,2425,560,556,542,551,1182,1163,1160,1168,564,556,561,556,793,777,784,775,569,557,571,565,597,596,593,591,584,584,584,592,495,474,482,483,478,490,497,509,419,418,408,411,411,413,431,435],"rows":8,"seq":188,"status":[5,5,5,5,5,5,5,5,5,5,5,5,5,5,5,5,5,5,5,5,5,5,5,5,5,5,5,5,5,5,5,5,5,5,5,5,5,5,5,5,5,5,5,5,5,5,5,5,5,5,5,5,5,5,5,5,5,5,5,5,5,5,5,5],"t_ns":51187860294000}}
51200267974750	stand	depth	{"jsonrpc":"2.0","method":"tof.frame","params":{"at_us":13911491,"cols":8,"distance_mm":[1310,1956,2359,3109,551,552,545,543,1312,1938,2366,3081,555,545,539,548,1307,1926,2363,2414,563,550,543,546,1194,1161,1173,1175,567,559,551,558,788,778,792,797,571,566,573,568,593,585,592,595,598,585,583,584,486,479,478,483,478,482,497,510,414,423,418,409,415,418,439,433],"rows":8,"seq":189,"status":[5,5,5,5,5,5,5,5,5,5,5,5,5,5,5,5,5,5,5,5,5,5,5,5,5,5,5,5,5,5,5,5,5,5,5,5,5,5,5,5,5,5,5,5,5,5,5,5,5,5,5,5,5,5,5,5,5,5,5,5,5,5,5,5],"t_ns":51187941124000}}
51200340577041	stand	depth	{"jsonrpc":"2.0","method":"tof.frame","params":{"at_us":13983979,"cols":8,"distance_mm":[1335,1949,2360,3102,561,553,549,538,1324,1920,2395,3092,552,545,539,538,1316,1919,2378,2396,560,548,552,554,1201,1159,1177,1183,574,554,554,551,790,784,786,777,582,558,571,568,604,575,600,592,598,585,586,582,485,482,474,475,479,499,496,520,413,409,410,409,412,419,414,443],"rows":8,"seq":190,"status":[5,5,5,5,5,5,5,5,5,5,5,5,5,5,5,5,5,5,5,5,5,5,5,5,5,5,5,5,5,5,5,5,5,5,5,5,5,5,5,5,5,5,5,5,5,5,5,5,5,5,5,5,5,5,5,5,5,5,5,5,5,5,5,5],"t_ns":51188013613000}}
51200413379416	stand	depth	{"jsonrpc":"2.0","method":"tof.frame","params":{"at_us":14058652,"cols":8,"distance_mm":[1324,1961,2353,3076,550,550,548,558,1317,1944,2371,3136,549,557,543,550,1311,1948,2369,2424,567,552,547,547,1182,1183,1180,1192,563,560,551,551,796,784,783,797,577,574,570,559,601,592,594,590,598,593,579,588,494,477,482,484,483,489,505,508,411,417,410,413,419,425,435,438],"rows":8,"seq":191,"status":[5,5,5,5,5,5,5,5,5,5,5,5,5,5,5,5,5,5,5,5,5,5,5,5,5,5,5,5,5,5,5,5,5,5,5,5,5,5,5,5,5,5,5,5,5,5,5,5,5,5,5,5,5,5,5,5,5,5,5,5,5,5,5,5],"t_ns":51188088286000}}
51200491469541	stand	depth	{"jsonrpc":"2.0","method":"tof.frame","params":{"at_us":14134668,"cols":8,"distance_mm":[1327,1938,2356,3105,558,555,549,549,1294,1922,2370,3120,560,551,544,543,1304,1940,2384,2416,559,537,547,541,1197,1167,1166,1174,563,560,550,555,797,776,791,795,575,567,557,563,592,600,590,590,595,580,568,581,500,490,478,486,485,484,503,522,415,405,419,410,411,419,422,440],"rows":8,"seq":192,"status":[5,5,5,5,5,5,5,5,5,5,5,5,5,5,5,5,5,5,5,5,5,5,5,5,5,5,5,5,5,5,5,5,5,5,5,5,5,5,5,5,5,5,5,5,5,5,5,5,5,5,5,5,5,5,5,5,5,5,5,5,5,5,5,5],"t_ns":51188164302000}}
51200567531583	stand	depth	{"jsonrpc":"2.0","method":"tof.frame","params":{"at_us":14210856,"cols":8,"distance_mm":[1341,1927,2372,3103,557,560,550,549,1316,1942,2369,3077,551,544,553,542,1299,1935,2382,2428,557,546,544,551,1208,1179,1173,1184,559,552,543,554,792,793,769,799,579,569,562,561,588,594,583,608,598,579,584,580,486,480,471,483,492,495,497,510,416,416,417,419,417,422,434,432],"rows":8,"seq":193,"status":[5,5,5,5,5,5,5,5,5,5,5,5,5,5,5,5,5,5,5,5,5,5,5,5,5,5,5,5,5,5,5,5,5,5,5,5,5,5,5,5,5,5,5,5,5,5,5,5,5,5,5,5,5,5,5,5,5,5,5,5,5,5,5,5],"t_ns":51188240490000}}
51200644914583	stand	depth	{"jsonrpc":"2.0","method":"tof.frame","params":{"at_us":14289714,"cols":8,"distance_mm":[1326,1935,2359,3082,557,544,553,546,1308,1923,2354,3086,559,553,550,549,1314,1935,2392,2450,559,547,544,551,1193,1200,1158,1168,558,557,545,560,797,784,775,801,581,565,571,561,595,590,602,604,592,588,586,582,493,485,476,484,480,490,505,508,420,415,412,412,421,427,431,434],"rows":8,"seq":194,"status":[5,5,5,5,5,5,5,5,5,5,5,5,5,5,5,5,5,5,5,5,5,5,5,5,5,5,5,5,5,5,5,5,5,5,5,5,5,5,5,5,5,5,5,5,5,5,5,5,5,5,5,5,5,5,5,5,5,5,5,5,5,5,5,5],"t_ns":51188319349000}}
51200723137250	stand	depth	{"jsonrpc":"2.0","method":"tof.frame","params":{"at_us":14366519,"cols":8,"distance_mm":[1331,1975,2364,3086,567,546,533,548,1318,1934,2360,3097,559,546,543,543,1315,1939,2379,2427,555,542,547,549,1194,1180,1171,1175,564,567,545,554,800,786,801,794,573,583,561,563,605,597,595,590,602,584,588,582,489,484,481,482,486,489,501,520,424,417,413,415,414,426,433,442],"rows":8,"seq":195,"status":[5,5,5,5,5,5,5,5,5,5,5,5,5,5,5,5,5,5,5,5,5,5,5,5,5,5,5,5,5,5,5,5,5,5,5,5,5,5,5,5,5,5,5,5,5,5,5,5,5,5,5,5,5,5,5,5,5,5,5,5,5,5,5,5],"t_ns":51188396154000}}
51200795818458	stand	depth	{"jsonrpc":"2.0","method":"tof.frame","params":{"at_us":14440680,"cols":8,"distance_mm":[1333,1953,2373,3113,556,560,539,546,1319,1944,2375,3094,552,543,542,547,1305,1923,2373,2450,556,540,534,537,1205,1170,1172,1182,574,554,542,548,790,782,791,797,573,564,556,573,603,593,584,592,578,586,585,590,492,486,487,472,490,502,490,521,409,410,408,406,414,425,435,431],"rows":8,"seq":196,"status":[5,5,5,5,5,5,5,5,5,5,5,5,5,5,5,5,5,5,5,5,5,5,5,5,5,5,5,5,5,5,5,5,5,5,5,5,5,5,5,5,5,5,5,5,5,5,5,5,5,5,5,5,5,5,5,5,5,5,5,5,5,5,5,5],"t_ns":51188470316000}}
51200877212583	stand	depth	{"jsonrpc":"2.0","method":"tof.frame","params":{"at_us":14520276,"cols":8,"distance_mm":[1350,1955,2382,3067,553,543,544,543,1292,1936,2365,3089,554,547,539,554,1316,1932,2377,2415,557,554,554,546,1204,1171,1171,1181,567,561,550,553,809,781,774,788,574,569,566,565,599,596,589,587,589,595,594,587,501,476,476,485,483,487,496,510,413,418,404,408,402,420,425,438],"rows":8,"seq":197,"status":[5,5,5,5,5,5,5,5,5,5,5,5,5,5,5,5,5,5,5,5,5,5,5,5,5,5,5,5,5,5,5,5,5,5,5,5,5,5,5,5,5,5,5,5,5,5,5,5,5,5,5,5,5,5,5,5,5,5,5,5,5,5,5,5],"t_ns":51188549912000}}
51200943642375	stand	depth	{"jsonrpc":"2.0","method":"tof.frame","params":{"at_us":14588871,"cols":8,"distance_mm":[1328,1955,2373,3067,556,553,553,536,1305,1937,2377,3097,553,550,541,542,1314,1949,2403,2446,558,535,545,550,1181,1166,1184,1179,567,560,550,561,789,781,774,786,574,566,565,564,602,590,582,600,600,577,574,593,492,475,471,481,483,495,499,510,408,404,415,412,425,422,420,430],"rows":8,"seq":198,"status":[5,5,5,5,5,5,5,5,5,5,5,5,5,5,5,5,5,5,5,5,5,5,5,5,5,5,5,5,5,5,5,5,5,5,5,5,5,5,5,5,5,5,5,5,5,5,5,5,5,5,5,5,5,5,5,5,5,5,5,5,5,5,5,5],"t_ns":51188618507000}}
51201017503333	stand	depth	{"jsonrpc":"2.0","method":"tof.frame","params":{"at_us":14663068,"cols":8,"distance_mm":[1334,1931,2371,3072,564,547,546,540,1312,1936,2361,3086,552,550,540,538,1290,1918,2354,2436,548,545,546,542,1196,1177,1171,1178,556,540,545,555,778,780,780,787,575,569,556,574,604,598,593,596,584,580,571,584,486,477,484,480,488,489,508,510,412,409,416,417,424,415,428,433],"rows":8,"seq":199,"status":[5,5,5,5,5,5,5,5,5,5,5,5,5,5,5,5,5,5,5,5,5,5,5,5,5,5,5,5,5,5,5,5,5,5,5,5,5,5,5,5,5,5,5,5,5,5,5,5,5,5,5,5,5,5,5,5,5,5,5,5,5,5,5,5],"t_ns":51188692705000}}
51201098045125	stand	depth	{"jsonrpc":"2.0","method":"tof.frame","params":{"at_us":14740952,"cols":8,"distance_mm":[1337,1953,2362,3084,555,541,548,542,1325,1941,2366,3092,560,549,537,543,1313,1926,2371,2407,559,554,541,550,1182,1179,1161,1183,559,548,553,552,798,771,777,781,577,554,561,574,595,591,591,592,598,578,578,586,489,472,488,485,483,494,497,519,411,409,404,418,419,425,425,429],"rows":8,"seq":200,"status":[5,5,5,5,5,5,5,5,5,5,5,5,5,5,5,5,5,5,5,5,5,5,5,5,5,5,5,5,5,5,5,5,5,5,5,5,5,5,5,5,5,5,5,5,5,5,5,5,5,5,5,5,5,5,5,5,5,5,5,5,5,5,5,5],"t_ns":51188770589000}}
51201172837083	stand	depth	{"jsonrpc":"2.0","method":"tof.frame","params":{"at_us":14816020,"cols":8,"distance_mm":[1347,1944,2365,3090,557,547,540,558,1322,1942,2351,3091,555,539,550,552,1311,1935,2342,2375,561,553,542,543,1195,1167,1159,1165,568,551,548,551,774,764,783,786,583,578,568,562,597,595,599,597,597,585,583,589,490,483,480,484,487,489,496,513,420,413,420,418,425,426,425,428],"rows":8,"seq":201,"status":[5,5,5,5,5,5,5,5,5,5,5,5,5,5,5,5,5,5,5,5,5,5,5,5,5,5,5,5,5,5,5,5,5,5,5,5,5,5,5,5,5,5,5,5,5,5,5,5,5,5,5,5,5,5,5,5,5,5,5,5,5,5,5,5],"t_ns":51188845657000}}
51201245816916	stand	depth	{"jsonrpc":"2.0","method":"tof.frame","params":{"at_us":14888860,"cols":8,"distance_mm":[1335,1964,2358,3044,563,541,554,551,1310,1917,2373,3085,569,554,539,538,1303,1944,2362,2396,560,545,544,554,1199,1153,1152,1164,561,554,560,563,793,787,786,775,578,567,572,575,588,591,586,592,595,587,576,589,495,490,478,482,474,495,503,501,417,418,411,410,414,421,418,443],"rows":8,"seq":202,"status":[5,5,5,5,5,5,5,5,5,5,5,5,5,5,5,5,5,5,5,5,5,5,5,5,5,5,5,5,5,5,5,5,5,5,5,5,5,5,5,5,5,5,5,5,5,5,5,5,5,5,5,5,5,5,5,5,5,5,5,5,5,5,5,5],"t_ns":51188918497000}}
51201318067208	stand	depth	{"jsonrpc":"2.0","method":"tof.frame","params":{"at_us":14961027,"cols":8,"distance_mm":[1343,1955,2361,3111,560,554,556,551,1320,1931,2376,3068,550,554,555,542,1317,1944,2334,2378,557,540,534,546,1194,1159,1161,1146,556,553,556,542,792,785,786,773,575,573,565,566,595,591,586,581,589,587,578,571,494,476,486,485,481,484,492,517,416,410,424,408,407,426,426,441],"rows":8,"seq":203,"status":[5,5,5,5,5,5,5,5,5,5,5,5,5,5,5,5,5,5,5,5,5,5,5,5,5,5,5,5,5,5,5,5,5,5,5,5,5,5,5,5,5,5,5,5,5,5,5,5,5,5,5,5,5,5,5,5,5,5,5,5,5,5,5,5],"t_ns":51188990664000}}
51201392887500	stand	depth	{"jsonrpc":"2.0","method":"tof.frame","params":{"at_us":15038195,"cols":8,"distance_mm":[1326,1973,2367,3079,563,556,550,542,1319,1915,2373,3074,553,541,537,552,1301,1933,2333,2404,560,545,542,551,1187,1176,1158,1186,561,554,552,551,787,786,769,788,569,569,570,568,593,589,587,591,591,581,585,581,479,489,483,487,486,487,497,508,415,415,415,417,411,423,427,439],"rows":8,"seq":204,"status":[5,5,5,5,5,5,5,5,5,5,5,5,5,5,5,5,5,5,5,5,5,5,5,5,5,5,5,5,5,5,5,5,5,5,5,5,5,5,5,5,5,5,5,5,5,5,5,5,5,5,5,5,5,5,5,5,5,5,5,5,5,5,5,5],"t_ns":51189067833000}}
51201468307000	stand	depth	{"jsonrpc":"2.0","method":"tof.frame","params":{"at_us":15111558,"cols":8,"distance_mm":[1303,1957,2361,3083,550,555,558,550,1320,1915,2369,3104,555,545,538,546,1315,1941,2335,2391,557,549,556,551,1197,1191,1159,1176,561,561,549,562,786,778,776,788,584,564,569,567,598,598,580,593,584,591,573,583,483,485,484,469,487,483,492,515,415,414,423,412,420,412,424,438],"rows":8,"seq":205,"status":[5,5,5,5,5,5,5,5,5,5,5,5,5,5,5,5,5,5,5,5,5,5,5,5,5,5,5,5,5,5,5,5,5,5,5,5,5,5,5,5,5,5,5,5,5,5,5,5,5,5,5,5,5,5,5,5,5,5,5,5,5,5,5,5],"t_ns":51189141196000}}
51201546536750	stand	depth	{"jsonrpc":"2.0","method":"tof.frame","params":{"at_us":15189928,"cols":8,"distance_mm":[1310,1947,2371,3064,552,553,549,556,1304,1952,2379,3083,550,536,547,552,1303,1929,2335,2398,555,547,552,537,1190,1152,1161,1161,564,547,545,567,796,772,767,780,571,577,561,574,592,589,591,585,593,587,576,580,491,480,476,480,479,484,491,503,410,408,411,414,414,427,428,440],"rows":8,"seq":206,"status":[5,5,5,5,5,5,5,5,5,5,5,5,5,5,5,5,5,5,5,5,5,5,5,5,5,5,5,5,5,5,5,5,5,5,5,5,5,5,5,5,5,5,5,5,5,5,5,5,5,5,5,5,5,5,5,5,5,5,5,5,5,5,5,5],"t_ns":51189219567000}}
51201622520583	stand	depth	{"jsonrpc":"2.0","method":"tof.frame","params":{"at_us":15267364,"cols":8,"distance_mm":[1339,1939,2361,3070,552,554,545,542,1300,1929,2357,3100,558,555,542,550,1303,1935,2312,2382,555,550,541,553,1177,1161,1148,1161,555,558,546,550,791,771,771,779,584,567,566,564,598,583,588,594,594,591,583,589,486,485,478,484,487,486,493,515,412,418,411,416,412,407,426,430],"rows":8,"seq":207,"status":[5,5,5,5,5,5,5,5,5,5,5,5,5,5,5,5,5,5,5,5,5,5,5,5,5,5,5,5,5,5,5,5,5,5,5,5,5,5,5,5,5,5,5,5,5,5,5,5,5,5,5,5,5,5,5,5,5,5,5,5,5,5,5,5],"t_ns":51189297003000}}
51201699829375	stand	depth	{"jsonrpc":"2.0","method":"tof.frame","params":{"at_us":15343108,"cols":8,"distance_mm":[1316,1929,2366,3110,540,548,560,543,1321,1903,2360,3075,556,549,555,545,1303,1933,2313,2363,550,546,545,542,1175,1165,1144,1168,572,565,550,553,778,783,782,784,578,568,578,574,595,589,596,588,601,592,577,583,478,486,475,478,483,490,498,515,422,409,412,416,420,419,423,436],"rows":8,"seq":208,"status":[5,5,5,5,5,5,5,5,5,5,5,5,5,5,5,5,5,5,5,5,5,5,5,5,5,5,5,5,5,5,5,5,5,5,5,5,5,5,5,5,5,5,5,5,5,5,5,5,5,5,5,5,5,5,5,5,5,5,5,5,5,5,5,5],"t_ns":51189372747000}}
51201776002000	stand	depth	{"jsonrpc":"2.0","method":"tof.frame","params":{"at_us":15421448,"cols":8,"distance_mm":[1315,1936,2369,3092,566,552,552,542,1306,1920,2365,3082,548,523,543,540,1323,1940,2336,2322,558,548,544,548,1180,1154,1152,1154,564,551,551,555,770,776,772,771,571,574,555,557,590,584,584,591,598,578,569,578,494,482,484,484,478,493,490,511,408,416,409,405,409,423,428,434],"rows":8,"seq":209,"status":[5,5,5,5,5,5,5,5,5,5,5,5,5,5,5,5,5,5,5,5,5,5,5,5,5,5,5,5,5,5,5,5,5,5,5,5,5,5,5,5,5,5,5,5,5,5,5,5,5,5,5,5,5,5,5,5,5,5,5,5,5,5,5,5],"t_ns":51189451087000}}
51201856345291	stand	depth	{"jsonrpc":"2.0","method":"tof.frame","params":{"at_us":15499550,"cols":8,"distance_mm":[1335,1960,2363,3042,563,546,541,548,1323,1904,2382,3106,555,544,538,549,1297,1903,2344,2394,550,545,547,552,1178,1167,1171,1155,567,551,551,556,784,769,775,788,577,564,558,568,593,593,586,594,602,580,588,579,493,472,472,470,485,488,488,510,411,418,409,409,416,416,431,424],"rows":8,"seq":210,"status":[5,5,5,5,5,5,5,5,5,5,5,5,5,5,5,5,5,5,5,5,5,5,5,5,5,5,5,5,5,5,5,5,5,5,5,5,5,5,5,5,5,5,5,5,5,5,5,5,5,5,5,5,5,5,5,5,5,5,5,5,5,5,5,5],"t_ns":51189529190000}}
51201934256291	stand	depth	{"jsonrpc":"2.0","method":"tof.frame","params":{"at_us":15577401,"cols":8,"distance_mm":[1351,1928,2367,3097,560,561,552,541,1314,1947,2381,3127,557,534,541,544,1300,1938,2351,2401,560,549,540,549,1195,1164,1171,1173,557,557,554,553,779,783,763,793,587,581,563,565,592,597,593,594,602,590,584,572,499,481,479,473,482,486,498,504,406,411,418,422,415,427,424,432],"rows":8,"seq":211,"status":[5,5,5,5,5,5,5,5,5,5,5,5,5,5,5,5,5,5,5,5,5,5,5,5,5,5,5,5,5,5,5,5,5,5,5,5,5,5,5,5,5,5,5,5,5,5,5,5,5,5,5,5,5,5,5,5,5,5,5,5,5,5,5,5],"t_ns":51189607042000}}
51202003980791	stand	depth	{"jsonrpc":"2.0","method":"tof.frame","params":{"at_us":15648212,"cols":8,"distance_mm":[1325,1931,2365,3055,548,545,547,543,1313,1945,2347,3075,546,549,548,538,1326,1919,2335,2373,552,545,539,546,1205,1173,1169,1178,557,548,546,546,800,785,782,785,563,564,555,557,604,590,589,591,602,578,581,586,490,481,477,484,490,492,500,517,412,413,426,420,424,422,431,431],"rows":8,"seq":212,"status":[5,5,5,5,5,5,5,5,5,5,5,5,5,5,5,5,5,5,5,5,5,5,5,5,5,5,5,5,5,5,5,5,5,5,5,5,5,5,5,5,5,5,5,5,5,5,5,5,5,5,5,5,5,5,5,5,5,5,5,5,5,5,5,5],"t_ns":51189677853000}}
51202082332500	stand	depth	{"jsonrpc":"2.0","method":"tof.frame","params":{"at_us":15725983,"cols":8,"distance_mm":[1324,1940,2368,3047,567,552,538,552,1321,1944,2359,3098,550,545,548,546,1311,1915,2361,2383,562,546,548,549,1178,1153,1175,1158,569,546,562,551,783,787,775,777,574,567,570,562,595,596,591,571,585,579,580,581,494,486,479,476,489,492,507,506,416,404,411,408,422,416,428,436],"rows":8,"seq":213,"status":[5,5,5,5,5,5,5,5,5,5,5,5,5,5,5,5,5,5,5,5,5,5,5,5,5,5,5,5,5,5,5,5,5,5,5,5,5,5,5,5,5,5,5,5,5,5,5,5,5,5,5,5,5,5,5,5,5,5,5,5,5,5,5,5],"t_ns":51189755624000}}
51202159791583	stand	depth	{"jsonrpc":"2.0","method":"tof.frame","params":{"at_us":15803621,"cols":8,"distance_mm":[1335,1941,2355,3079,563,552,540,564,1315,1905,2379,3065,556,541,556,554,1317,1930,2356,2419,552,555,548,552,1183,1156,1168,1185,580,553,548,556,802,777,787,791,570,559,572,564,609,574,594,596,591,596,589,600,489,487,483,480,485,485,498,505,413,414,418,416,416,418,430,446],"rows":8,"seq":214,"status":[5,5,5,5,5,5,5,5,5,5,5,5,5,5,5,5,5,5,5,5,5,5,5,5,5,5,5,5,5,5,5,5,5,5,5,5,5,5,5,5,5,5,5,5,5,5,5,5,5,5,5,5,5,5,5,5,5,5,5,5,5,5,5,5],"t_ns":51189833263000}}
51202238025291	stand	depth	{"jsonrpc":"2.0","method":"tof.frame","params":{"at_us":15881272,"cols":8,"distance_mm":[1318,1927,2353,3102,553,545,557,541,1316,1938,2361,3066,556,542,536,539,1301,1921,2374,2419,564,543,543,543,1185,1162,1175,1193,569,556,549,551,776,781,789,784,572,559,564,559,601,583,589,593,604,600,578,583,492,480,479,473,488,488,495,507,421,413,407,415,410,424,427,440],"rows":8,"seq":215,"status":[5,5,5,5,5,5,5,5,5,5,5,5,5,5,5,5,5,5,5,5,5,5,5,5,5,5,5,5,5,5,5,5,5,5,5,5,5,5,5,5,5,5,5,5,5,5,5,5,5,5,5,5,5,5,5,5,5,5,5,5,5,5,5,5],"t_ns":51189910913000}}
51202310794291	stand	depth	{"jsonrpc":"2.0","method":"tof.frame","params":{"at_us":15955166,"cols":8,"distance_mm":[1351,1939,2348,3085,560,548,540,546,1317,1906,2367,3070,560,546,548,553,1307,1935,2390,2405,567,555,551,542,1179,1191,1163,1185,561,558,555,555,796,786,778,797,575,566,562,568,601,595,590,595,604,595,575,576,486,486,474,472,478,495,497,517,413,406,408,415,411,423,427,433],"rows":8,"seq":216,"status":[5,5,5,5,5,5,5,5,5,5,5,5,5,5,5,5,5,5,5,5,5,5,5,5,5,5,5,5,5,5,5,5,5,5,5,5,5,5,5,5,5,5,5,5,5,5,5,5,5,5,5,5,5,5,5,5,5,5,5,5,5,5,5,5],"t_ns":51189984808000}}
51202390507833	stand	depth	{"jsonrpc":"2.0","method":"tof.frame","params":{"at_us":16033354,"cols":8,"distance_mm":[1338,1933,2385,3106,572,557,546,553,1302,1923,2355,3070,559,552,541,545,1299,1913,2398,2421,547,550,542,546,1182,1178,1174,1160,563,549,565,563,791,770,783,791,570,565,561,564,593,595,594,595,595,585,579,571,496,476,485,486,486,485,500,509,409,406,417,415,413,417,431,432],"rows":8,"seq":217,"status":[5,5,5,5,5,5,5,5,5,5,5,5,5,5,5,5,5,5,5,5,5,5,5,5,5,5,5,5,5,5,5,5,5,5,5,5,5,5,5,5,5,5,5,5,5,5,5,5,5,5,5,5,5,5,5,5,5,5,5,5,5,5,5,5],"t_ns":51190062997000}}
51202465188416	stand	depth	{"jsonrpc":"2.0","method":"tof.frame","params":{"at_us":16110182,"cols":8,"distance_mm":[1333,1957,2371,3077,560,553,552,537,1325,1933,2364,3079,559,539,538,549,1308,1946,2344,2408,562,543,541,559,1176,1184,1179,1186,566,552,556,552,787,789,796,798,585,567,561,570,589,591,593,586,603,590,588,583,490,483,479,479,486,493,500,513,417,418,414,411,420,427,428,433],"rows":8,"seq":218,"status":[5,5,5,5,5,5,5,5,5,5,5,5,5,5,5,5,5,5,5,5,5,5,5,5,5,5,5,5,5,5,5,5,5,5,5,5,5,5,5,5,5,5,5,5,5,5,5,5,5,5,5,5,5,5,5,5,5,5,5,5,5,5,5,5],"t_ns":51190139825000}}
51202543349833	stand	depth	{"jsonrpc":"2.0","method":"tof.frame","params":{"at_us":16186589,"cols":8,"distance_mm":[1316,1954,2343,3115,560,541,551,543,1314,1933,2381,3104,553,542,544,534,1305,1922,2338,2396,559,555,554,546,1186,1162,1163,1177,567,551,547,550,789,783,785,781,579,562,568,560,587,585,598,594,594,585,576,585,489,478,483,474,489,499,499,507,416,407,409,418,410,420,433,437],"rows":8,"seq":219,"status":[5,5,5,5,5,5,5,5,5,5,5,5,5,5,5,5,5,5,5,5,5,5,5,5,5,5,5,5,5,5,5,5,5,5,5,5,5,5,5,5,5,5,5,5,5,5,5,5,5,5,5,5,5,5,5,5,5,5,5,5,5,5,5,5],"t_ns":51190216232000}}
51202618200666	stand	depth	{"jsonrpc":"2.0","method":"tof.frame","params":{"at_us":16262199,"cols":8,"distance_mm":[1312,1984,2402,3082,555,554,561,555,1310,1930,2373,3048,552,547,547,543,1308,1938,2339,2383,560,551,538,544,1191,1167,1169,1172,558,555,541,549,790,784,781,793,580,575,560,560,588,593,583,601,593,580,585,591,480,480,486,478,484,493,498,516,414,411,411,411,403,414,420,434],"rows":8,"seq":220,"status":[5,5,5,5,5,5,5,5,5,5,5,5,5,5,5,5,5,5,5,5,5,5,5,5,5,5,5,5,5,5,5,5,5,5,5,5,5,5,5,5,5,5,5,5,5,5,5,5,5,5,5,5,5,5,5,5,5,5,5,5,5,5,5,5],"t_ns":51190291842000}}
51202686344166	stand	depth	{"jsonrpc":"2.0","method":"tof.frame","params":{"at_us":16331504,"cols":8,"distance_mm":[1324,1955,2373,3081,556,560,547,553,1315,1935,2383,3138,549,546,539,551,1306,1952,2334,2422,559,547,544,537,1171,1166,1169,1171,566,555,544,544,783,766,789,782,580,570,570,573,602,594,592,590,592,590,587,572,490,483,476,473,492,484,515,505,413,419,417,415,419,431,427,435],"rows":8,"seq":221,"status":[5,5,5,5,5,5,5,5,5,5,5,5,5,5,5,5,5,5,5,5,5,5,5,5,5,5,5,5,5,5,5,5,5,5,5,5,5,5,5,5,5,5,5,5,5,5,5,5,5,5,5,5,5,5,5,5,5,5,5,5,5,5,5,5],"t_ns":51190361148000}}
51202761310958	stand	depth	{"jsonrpc":"2.0","method":"tof.frame","params":{"at_us":16406471,"cols":8,"distance_mm":[1342,1973,2372,3077,556,548,541,545,1307,1942,2376,3092,546,550,538,547,1318,1918,2353,2412,565,545,540,542,1178,1177,1157,1173,566,548,551,552,791,780,784,792,580,565,564,567,599,585,590,596,608,589,577,590,500,472,475,471,485,494,503,513,411,421,412,419,424,423,420,441],"rows":8,"seq":222,"status":[5,5,5,5,5,5,5,5,5,5,5,5,5,5,5,5,5,5,5,5,5,5,5,5,5,5,5,5,5,5,5,5,5,5,5,5,5,5,5,5,5,5,5,5,5,5,5,5,5,5,5,5,5,5,5,5,5,5,5,5,5,5,5,5],"t_ns":51190436114000}}
51202840324291	stand	depth	{"jsonrpc":"2.0","method":"tof.frame","params":{"at_us":16485321,"cols":8,"distance_mm":[1333,1955,2371,3050,555,553,545,548,1302,1947,2373,3069,554,549,547,540,1314,1935,2351,2402,553,544,543,550,1184,1155,1187,1181,551,556,548,554,788,776,778,788,580,563,563,568,606,595,586,596,604,579,591,581,486,480,474,480,481,494,511,511,418,409,421,408,419,427,424,427],"rows":8,"seq":223,"status":[5,5,5,5,5,5,5,5,5,5,5,5,5,5,5,5,5,5,5,5,5,5,5,5,5,5,5,5,5,5,5,5,5,5,5,5,5,5,5,5,5,5,5,5,5,5,5,5,5,5,5,5,5,5,5,5,5,5,5,5,5,5,5,5],"t_ns":51190514966000}}
51202916408875	stand	depth	{"jsonrpc":"2.0","method":"tof.frame","params":{"at_us":16561774,"cols":8,"distance_mm":[1333,1958,2363,3090,562,557,543,543,1316,1934,2354,3057,560,545,539,549,1323,1932,2373,2405,548,543,547,550,1190,1184,1189,1175,569,551,546,554,797,777,780,798,578,571,564,569,599,595,595,597,588,584,588,581,492,470,484,485,479,494,506,503,424,404,419,407,421,420,425,442],"rows":8,"seq":224,"status":[5,5,5,5,5,5,5,5,5,5,5,5,5,5,5,5,5,5,5,5,5,5,5,5,5,5,5,5,5,5,5,5,5,5,5,5,5,5,5,5,5,5,5,5,5,5,5,5,5,5,5,5,5,5,5,5,5,5,5,5,5,5,5,5],"t_ns":51190591419000}}
51202997741958	stand	depth	{"jsonrpc":"2.0","method":"tof.frame","params":{"at_us":16640434,"cols":8,"distance_mm":[1334,1932,2385,3051,557,555,543,561,1309,1931,2369,3088,552,545,547,542,1318,1926,2378,2400,550,548,539,539,1187,1179,1169,1178,563,561,561,556,801,787,783,788,575,567,566,558,601,588,598,595,594,577,579,586,489,475,477,485,485,499,502,502,419,414,419,413,429,430,418,439],"rows":8,"seq":225,"status":[5,5,5,5,5,5,5,5,5,5,5,5,5,5,5,5,5,5,5,5,5,5,5,5,5,5,5,5,5,5,5,5,5,5,5,5,5,5,5,5,5,5,5,5,5,5,5,5,5,5,5,5,5,5,5,5,5,5,5,5,5,5,5,5],"t_ns":51190670078000}}
51203064064125	stand	depth	{"jsonrpc":"2.0","method":"tof.frame","params":{"at_us":16709516,"cols":8,"distance_mm":[1329,1932,2349,3063,557,550,547,544,1296,1952,2339,3088,562,544,544,543,1326,1920,2349,2400,567,555,536,547,1196,1176,1157,1182,558,548,541,549,767,769,793,781,581,557,562,567,595,592,590,589,590,587,577,574,494,481,478,485,494,489,497,512,409,421,414,412,413,417,430,432],"rows":8,"seq":226,"status":[5,5,5,5,5,5,5,5,5,5,5,5,5,5,5,5,5,5,5,5,5,5,5,5,5,5,5,5,5,5,5,5,5,5,5,5,5,5,5,5,5,5,5,5,5,5,5,5,5,5,5,5,5,5,5,5,5,5,5,5,5,5,5,5],"t_ns":51190739161000}}
51203141980208	stand	depth	{"jsonrpc":"2.0","method":"tof.frame","params":{"at_us":16785292,"cols":8,"distance_mm":[1322,1930,2382,3098,557,543,539,545,1312,1905,2346,3132,554,544,541,551,1317,1947,2333,2385,553,545,547,554,1182,1171,1157,1160,552,548,562,559,807,772,780,790,580,565,562,561,604,603,581,588,600,588,588,579,481,470,485,478,484,501,506,519,409,404,408,410,416,418,428,442],"rows":8,"seq":227,"status":[5,5,5,5,5,5,5,5,5,5,5,5,5,5,5,5,5,5,5,5,5,5,5,5,5,5,5,5,5,5,5,5,5,5,5,5,5,5,5,5,5,5,5,5,5,5,5,5,5,5,5,5,5,5,5,5,5,5,5,5,5,5,5,5],"t_ns":51190814937000}}
51203210442041	stand	depth	{"jsonrpc":"2.0","method":"tof.frame","params":{"at_us":16853951,"cols":8,"distance_mm":[1311,1944,2386,3076,556,556,549,547,1313,1924,2366,3096,550,552,534,538,1323,1929,2339,2374,555,538,549,549,1169,1156,1153,1169,559,551,535,555,796,766,791,783,579,558,558,566,585,591,589,592,589,590,584,589,490,490,483,470,481,478,499,513,419,415,410,405,422,428,432,435],"rows":8,"seq":228,"status":[5,5,5,5,5,5,5,5,5,5,5,5,5,5,5,5,5,5,5,5,5,5,5,5,5,5,5,5,5,5,5,5,5,5,5,5,5,5,5,5,5,5,5,5,5,5,5,5,5,5,5,5,5,5,5,5,5,5,5,5,5,5,5,5],"t_ns":51190883596000}}
51203286080208	stand	depth	{"jsonrpc":"2.0","method":"tof.frame","params":{"at_us":16929776,"cols":8,"distance_mm":[1339,1934,2348,3066,554,546,546,545,1314,1918,2342,3072,566,545,549,533,1321,1946,2339,2362,556,542,543,541,1180,1168,1166,1178,563,562,554,557,784,776,770,780,569,564,578,573,588,584,585,594,591,594,583,583,484,480,475,477,477,491,501,512,410,420,410,406,409,419,428,438],"rows":8,"seq":229,"status":[5,5,5,5,5,5,5,5,5,5,5,5,5,5,5,5,5,5,5,5,5,5,5,5,5,5,5,5,5,5,5,5,5,5,5,5,5,5,5,5,5,5,5,5,5,5,5,5,5,5,5,5,5,5,5,5,5,5,5,5,5,5,5,5],"t_ns":51190959422000}}
51203358987333	stand	depth	{"jsonrpc":"2.0","method":"tof.frame","params":{"at_us":17004682,"cols":8,"distance_mm":[1325,1949,2385,3081,561,540,538,542,1309,1931,2358,3087,556,540,552,557,1321,1942,2313,2359,560,555,548,555,1178,1177,1154,1161,568,554,547,547,793,775,780,781,570,568,563,563,598,586,593,593,589,593,582,587,498,478,471,477,479,487,505,516,417,400,409,423,417,428,434,430],"rows":8,"seq":230,"status":[5,5,5,5,5,5,5,5,5,5,5,5,5,5,5,5,5,5,5,5,5,5,5,5,5,5,5,5,5,5,5,5,5,5,5,5,5,5,5,5,5,5,5,5,5,5,5,5,5,5,5,5,5,5,5,5,5,5,5,5,5,5,5,5],"t_ns":51191034328000}}
51203433711833	stand	depth	{"jsonrpc":"2.0","method":"tof.frame","params":{"at_us":17078616,"cols":8,"distance_mm":[1331,1956,2377,3094,550,551,552,560,1306,1918,2336,3052,555,554,538,558,1311,1947,2318,2358,550,558,540,543,1189,1152,1164,1184,566,557,545,560,782,782,789,786,579,568,569,563,584,594,594,594,593,592,573,583,500,487,479,479,487,498,504,497,419,410,417,415,418,419,422,437],"rows":8,"seq":231,"status":[5,5,5,5,5,5,5,5,5,5,5,5,5,5,5,5,5,5,5,5,5,5,5,5,5,5,5,5,5,5,5,5,5,5,5,5,5,5,5,5,5,5,5,5,5,5,5,5,5,5,5,5,5,5,5,5,5,5,5,5,5,5,5,5],"t_ns":51191108262000}}
51203511667125	stand	depth	{"jsonrpc":"2.0","method":"tof.frame","params":{"at_us":17154624,"cols":8,"distance_mm":[1337,1927,2356,3086,557,544,544,550,1326,1906,2392,3068,553,541,542,546,1315,1919,2313,2369,554,534,537,545,1175,1146,1174,1177,568,550,557,552,788,776,783,785,577,568,562,564,595,585,583,594,594,587,571,584,492,469,486,485,481,499,499,504,412,414,414,408,409,415,438,442],"rows":8,"seq":232,"status":[5,5,5,5,5,5,5,5,5,5,5,5,5,5,5,5,5,5,5,5,5,5,5,5,5,5,5,5,5,5,5,5,5,5,5,5,5,5,5,5,5,5,5,5,5,5,5,5,5,5,5,5,5,5,5,5,5,5,5,5,5,5,5,5],"t_ns":51191184271000}}
51203580922375	stand	depth	{"jsonrpc":"2.0","method":"tof.frame","params":{"at_us":17224035,"cols":8,"distance_mm":[1325,1938,2354,3078,550,556,550,547,1309,1926,2355,3112,556,565,533,535,1311,1923,2333,2371,552,549,557,556,1183,1158,1160,1147,566,553,539,558,782,775,784,784,578,572,559,560,593,597,586,596,596,585,580,578,488,475,477,488,493,490,500,516,409,409,406,410,408,415,424,439],"rows":8,"seq":233,"status":[5,5,5,5,5,5,5,5,5,5,5,5,5,5,5,5,5,5,5,5,5,5,5,5,5,5,5,5,5,5,5,5,5,5,5,5,5,5,5,5,5,5,5,5,5,5,5,5,5,5,5,5,5,5,5,5,5,5,5,5,5,5,5,5],"t_ns":51191253683000}}
51203659936875	stand	depth	{"jsonrpc":"2.0","method":"tof.frame","params":{"at_us":17302620,"cols":8,"distance_mm":[1312,1926,2352,3066,561,552,554,554,1274,1916,2337,3060,553,551,539,541,1325,1941,2314,2378,555,547,553,544,1181,1166,1162,1177,556,556,551,557,782,776,771,778,577,567,569,560,591,582,581,594,591,586,574,593,483,479,479,479,482,490,499,510,421,406,415,412,402,428,428,438],"rows":8,"seq":234,"status":[5,5,5,5,5,5,5,5,5,5,5,5,5,5,5,5,5,5,5,5,5,5,5,5,5,5,5,5,5,5,5,5,5,5,5,5,5,5,5,5,5,5,5,5,5,5,5,5,5,5,5,5,5,5,5,5,5,5,5,5,5,5,5,5],"t_ns":51191332267000}}
51203737950791	stand	depth	{"jsonrpc":"2.0","method":"tof.frame","params":{"at_us":17381232,"cols":8,"distance_mm":[1322,1933,2377,3042,568,549,545,548,1327,1899,2339,3107,560,544,533,553,1309,1946,2353,2403,553,549,545,534,1189,1161,1166,1177,565,547,564,556,789,780,776,785,572,564,562,572,598,594,592,586,576,589,572,583,494,473,479,485,484,490,504,507,412,416,416,409,417,418,432,437],"rows":8,"seq":235,"status":[5,5,5,5,5,5,5,5,5,5,5,5,5,5,5,5,5,5,5,5,5,5,5,5,5,5,5,5,5,5,5,5,5,5,5,5,5,5,5,5,5,5,5,5,5,5,5,5,5,5,5,5,5,5,5,5,5,5,5,5,5,5,5,5],"t_ns":51191410879000}}
51203815851791	stand	depth	{"jsonrpc":"2.0","method":"tof.frame","params":{"at_us":17458952,"cols":8,"distance_mm":[1352,1918,2357,3060,554,548,552,533,1308,1945,2349,3033,553,541,540,550,1304,1930,2353,2402,551,547,544,541,1179,1161,1161,1171,576,551,543,554,791,777,789,791,562,575,559,561,588,591,591,586,595,584,574,583,497,489,480,479,483,486,501,510,418,415,405,411,412,422,429,438],"rows":8,"seq":236,"status":[5,5,5,5,5,5,5,5,5,5,5,5,5,5,5,5,5,5,5,5,5,5,5,5,5,5,5,5,5,5,5,5,5,5,5,5,5,5,5,5,5,5,5,5,5,5,5,5,5,5,5,5,5,5,5,5,5,5,5,5,5,5,5,5],"t_ns":51191488600000}}
51203888942583	stand	depth	{"jsonrpc":"2.0","method":"tof.frame","params":{"at_us":17532173,"cols":8,"distance_mm":[1337,1937,2362,3064,560,549,544,555,1292,1905,2345,3078,552,556,545,544,1304,1943,2355,2377,554,549,545,547,1187,1155,1169,1179,562,548,558,550,785,787,776,785,576,568,577,564,602,590,578,595,588,588,578,580,479,481,481,479,490,483,504,519,413,419,418,415,417,422,423,437],"rows":8,"seq":237,"status":[5,5,5,5,5,5,5,5,5,5,5,5,5,5,5,5,5,5,5,5,5,5,5,5,5,5,5,5,5,5,5,5,5,5,5,5,5,5,5,5,5,5,5,5,5,5,5,5,5,5,5,5,5,5,5,5,5,5,5,5,5,5,5,5],"t_ns":51191561821000}}
51203966975791	stand	depth	{"jsonrpc":"2.0","method":"tof.frame","params":{"at_us":17609850,"cols":8,"distance_mm":[1324,1949,2346,3086,541,551,540,550,1306,1919,2359,3070,554,549,547,550,1315,1918,2348,2413,556,551,548,531,1201,1174,1178,1173,572,547,553,552,783,778,789,791,572,566,570,572,583,585,579,593,604,585,580,586,491,477,474,476,492,482,503,521,415,409,416,409,424,415,431,438],"rows":8,"seq":238,"status":[5,5,5,5,5,5,5,5,5,5,5,5,5,5,5,5,5,5,5,5,5,5,5,5,5,5,5,5,5,5,5,5,5,5,5,5,5,5,5,5,5,5,5,5,5,5,5,5,5,5,5,5,5,5,5,5,5,5,5,5,5,5,5,5],"t_ns":51191639499000}}
51204042908958	stand	depth	{"jsonrpc":"2.0","method":"tof.frame","params":{"at_us":17688518,"cols":8,"distance_mm":[1326,1940,2355,3058,546,546,551,549,1320,1950,2362,3079,559,552,546,537,1305,1932,2364,2419,551,549,544,549,1195,1185,1169,1177,568,551,556,558,797,787,796,783,577,576,559,561,593,594,587,589,601,576,585,588,491,479,479,488,495,483,497,504,414,412,416,416,419,426,435,434],"rows":8,"seq":239,"status":[5,5,5,5,5,5,5,5,5,5,5,5,5,5,5,5,5,5,5,5,5,5,5,5,5,5,5,5,5,5,5,5,5,5,5,5,5,5,5,5,5,5,5,5,5,5,5,5,5,5,5,5,5,5,5,5,5,5,5,5,5,5,5,5],"t_ns":51191718168000}}
51204117583291	stand	depth	{"jsonrpc":"2.0","method":"tof.frame","params":{"at_us":17760525,"cols":8,"distance_mm":[1329,1919,2387,3054,560,553,544,549,1317,1923,2331,3080,556,552,537,539,1313,1941,2398,2436,558,543,547,546,1194,1172,1176,1176,567,553,544,559,787,791,784,785,585,560,563,552,592,592,580,599,604,587,581,597,489,489,476,490,481,497,503,507,409,413,418,410,417,417,425,436],"rows":8,"seq":240,"status":[5,5,5,5,5,5,5,5,5,5,5,5,5,5,5,5,5,5,5,5,5,5,5,5,5,5,5,5,5,5,5,5,5,5,5,5,5,5,5,5,5,5,5,5,5,5,5,5,5,5,5,5,5,5,5,5,5,5,5,5,5,5,5,5],"t_ns":51191790174000}}
51204189438833	stand	depth	{"jsonrpc":"2.0","method":"tof.frame","params":{"at_us":17832642,"cols":8,"distance_mm":[1337,1922,2357,3066,544,555,548,537,1314,1907,2356,3098,552,546,542,539,1294,1904,2364,2399,552,542,545,542,1190,1166,1179,1174,556,554,544,552,780,782,777,778,573,575,553,559,588,596,585,588,602,581,590,582,492,485,481,481,471,491,498,515,419,402,407,415,425,416,427,428],"rows":8,"seq":241,"status":[5,5,5,5,5,5,5,5,5,5,5,5,5,5,5,5,5,5,5,5,5,5,5,5,5,5,5,5,5,5,5,5,5,5,5,5,5,5,5,5,5,5,5,5,5,5,5,5,5,5,5,5,5,5,5,5,5,5,5,5,5,5,5,5],"t_ns":51191862292000}}
51204264365541	stand	depth	{"jsonrpc":"2.0","method":"tof.frame","params":{"at_us":17910087,"cols":8,"distance_mm":[1326,1938,2364,3051,560,545,554,555,1324,1927,2347,3046,552,537,536,557,1308,1919,2337,2369,561,549,539,549,1194,1172,1159,1175,567,558,550,557,782,784,773,786,588,564,572,555,597,589,590,596,605,586,584,589,483,480,476,473,485,481,502,511,415,409,413,415,419,416,428,443],"rows":8,"seq":242,"status":[5,5,5,5,5,5,5,5,5,5,5,5,5,5,5,5,5,5,5,5,5,5,5,5,5,5,5,5,5,5,5,5,5,5,5,5,5,5,5,5,5,5,5,5,5,5,5,5,5,5,5,5,5,5,5,5,5,5,5,5,5,5,5,5],"t_ns":51191939737000}}
51204339744166	stand	depth	{"jsonrpc":"2.0","method":"tof.frame","params":{"at_us":17982489,"cols":8,"distance_mm":[1341,1936,2366,3056,555,544,550,560,1322,1921,2359,3061,535,542,548,553,1295,1935,2350,2392,550,536,533,545,1181,1176,1172,1171,566,555,560,549,782,790,781,776,564,564,564,566,601,585,586,594,592,582,587,579,479,484,477,478,478,487,496,518,420,421,411,413,417,416,432,427],"rows":8,"seq":243,"status":[5,5,5,5,5,5,5,5,5,5,5,5,5,5,5,5,5,5,5,5,5,5,5,5,5,5,5,5,5,5,5,5,5,5,5,5,5,5,5,5,5,5,5,5,5,5,5,5,5,5,5,5,5,5,5,5,5,5,5,5,5,5,5,5],"t_ns":51192012140000}}
51204410804375	stand	depth	{"jsonrpc":"2.0","method":"tof.frame","params":{"at_us":18056117,"cols":8,"distance_mm":[1312,1930,2334,3042,567,540,549,557,1313,1926,2361,3080,551,551,543,542,1303,1929,2326,2401,557,550,531,550,1200,1173,1168,1170,564,545,553,563,789,779,770,782,561,562,568,558,593,601,591,605,593,579,577,582,492,479,478,479,489,494,509,511,421,405,414,415,416,418,429,437],"rows":8,"seq":244,"status":[5,5,5,5,5,5,5,5,5,5,5,5,5,5,5,5,5,5,5,5,5,5,5,5,5,5,5,5,5,5,5,5,5,5,5,5,5,5,5,5,5,5,5,5,5,5,5,5,5,5,5,5,5,5,5,5,5,5,5,5,5,5,5,5],"t_ns":51192085768000}}
51204485046458	stand	depth	{"jsonrpc":"2.0","method":"tof.frame","params":{"at_us":18128478,"cols":8,"distance_mm":[1324,1959,2359,3062,552,551,550,553,1315,1931,2356,3068,553,543,540,545,1307,1909,2356,2398,554,552,543,542,1191,1181,1176,1187,558,556,543,543,799,775,784,780,572,562,571,557,595,584,581,605,593,586,577,577,494,477,478,485,481,489,496,512,413,413,404,411,411,420,420,437],"rows":8,"seq":245,"status":[5,5,5,5,5,5,5,5,5,5,5,5,5,5,5,5,5,5,5,5,5,5,5,5,5,5,5,5,5,5,5,5,5,5,5,5,5,5,5,5,5,5,5,5,5,5,5,5,5,5,5,5,5,5,5,5,5,5,5,5,5,5,5,5],"t_ns":51192158129000}}
51204560221375	stand	depth	{"jsonrpc":"2.0","method":"tof.frame","params":{"at_us":18203929,"cols":8,"distance_mm":[1322,1977,2366,3063,563,552,548,547,1329,1914,2340,3078,557,542,543,541,1296,1930,2360,2396,549,547,544,544,1177,1176,1159,1181,552,558,556,551,790,773,783,786,580,574,558,569,588,579,583,584,598,597,582,590,495,483,481,489,477,490,494,505,418,407,416,414,420,427,434,438],"rows":8,"seq":246,"status":[5,5,5,5,5,5,5,5,5,5,5,5,5,5,5,5,5,5,5,5,5,5,5,5,5,5,5,5,5,5,5,5,5,5,5,5,5,5,5,5,5,5,5,5,5,5,5,5,5,5,5,5,5,5,5,5,5,5,5,5,5,5,5,5],"t_ns":51192233580000}}
51204640780333	stand	depth	{"jsonrpc":"2.0","method":"tof.frame","params":{"at_us":18283759,"cols":8,"distance_mm":[1333,1951,2370,3036,558,560,541,548,1308,1911,2349,3060,547,548,544,552,1313,1916,2356,2365,549,544,544,536,1199,1184,1188,1182,565,560,557,545,783,774,779,793,577,577,559,559,593,590,579,592,598,593,580,585,485,477,476,472,477,497,510,513,416,405,412,422,414,417,426,431],"rows":8,"seq":247,"status":[5,5,5,5,5,5,5,5,5,5,5,5,5,5,5,5,5,5,5,5,5,5,5,5,5,5,5,5,5,5,5,5,5,5,5,5,5,5,5,5,5,5,5,5,5,5,5,5,5,5,5,5,5,5,5,5,5,5,5,5,5,5,5,5],"t_ns":51192313410000}}
51204709968833	stand	depth	{"jsonrpc":"2.0","method":"tof.frame","params":{"at_us":18354897,"cols":8,"distance_mm":[1312,1958,2340,3056,558,550,551,543,1308,1944,2346,3106,552,534,543,546,1307,1931,2363,2410,556,553,548,544,1204,1161,1178,1189,575,553,553,549,802,772,785,785,579,573,567,570,600,587,589,586,594,587,584,583,485,478,463,479,487,498,506,514,425,408,418,420,414,420,423,432],"rows":8,"seq":248,"status":[5,5,5,5,5,5,5,5,5,5,5,5,5,5,5,5,5,5,5,5,5,5,5,5,5,5,5,5,5,5,5,5,5,5,5,5,5,5,5,5,5,5,5,5,5,5,5,5,5,5,5,5,5,5,5,5,5,5,5,5,5,5,5,5],"t_ns":51192384549000}}
51204789468166	stand	depth	{"jsonrpc":"2.0","method":"tof.frame","params":{"at_us":18432820,"cols":8,"distance_mm":[1319,1921,2368,3028,556,551,555,549,1288,1940,2339,3062,557,544,539,548,1310,1930,2359,2408,556,537,544,542,1215,1168,1168,1190,558,554,556,554,790,784,776,785,584,557,564,563,593,594,590,589,602,586,578,583,489,478,483,478,484,499,497,524,424,414,417,409,421,423,428,436],"rows":8,"seq":249,"status":[5,5,5,5,5,5,5,5,5,5,5,5,5,5,5,5,5,5,5,5,5,5,5,5,5,5,5,5,5,5,5,5,5,5,5,5,5,5,5,5,5,5,5,5,5,5,5,5,5,5,5,5,5,5,5,5,5,5,5,5,5,5,5,5],"t_ns":51192462472000}}
51204860571375	stand	depth	{"jsonrpc":"2.0","method":"tof.frame","params":{"at_us":18503786,"cols":8,"distance_mm":[1333,1940,2365,3084,553,537,557,540,1312,1908,2362,3076,560,552,542,542,1311,1923,2354,2387,558,550,541,545,1181,1167,1175,1171,566,550,551,554,775,775,776,796,572,558,552,570,594,595,598,598,590,583,588,586,495,476,472,477,488,492,493,510,418,413,412,414,416,418,435,441],"rows":8,"seq":250,"status":[5,5,5,5,5,5,5,5,5,5,5,5,5,5,5,5,5,5,5,5,5,5,5,5,5,5,5,5,5,5,5,5,5,5,5,5,5,5,5,5,5,5,5,5,5,5,5,5,5,5,5,5,5,5,5,5,5,5,5,5,5,5,5,5],"t_ns":51192533439000}}
51204935233541	stand	depth	{"jsonrpc":"2.0","method":"tof.frame","params":{"at_us":18579651,"cols":8,"distance_mm":[1335,1943,2381,3067,555,557,547,548,1301,1921,2333,3058,554,541,538,538,1310,1924,2358,2417,554,545,543,549,1188,1153,1153,1176,561,560,550,548,803,784,777,785,570,571,564,568,591,602,577,590,600,592,582,580,493,478,469,479,481,489,500,508,418,417,413,416,410,430,424,435],"rows":8,"seq":251,"status":[5,5,5,5,5,5,5,5,5,5,5,5,5,5,5,5,5,5,5,5,5,5,5,5,5,5,5,5,5,5,5,5,5,5,5,5,5,5,5,5,5,5,5,5,5,5,5,5,5,5,5,5,5,5,5,5,5,5,5,5,5,5,5,5],"t_ns":51192609304000}}
51205015078875	stand	depth	{"jsonrpc":"2.0","method":"tof.frame","params":{"at_us":18658230,"cols":8,"distance_mm":[1323,1949,2361,3068,556,545,559,544,1319,1942,2367,3072,561,554,541,545,1316,1951,2361,2396,553,548,552,547,1191,1162,1170,1158,571,555,550,557,778,773,772,778,580,569,559,572,604,588,591,591,598,584,591,591,485,481,474,481,490,500,496,511,407,415,416,417,420,423,424,430],"rows":8,"seq":252,"status":[5,5,5,5,5,5,5,5,5,5,5,5,5,5,5,5,5,5,5,5,5,5,5,5,5,5,5,5,5,5,5,5,5,5,5,5,5,5,5,5,5,5,5,5,5,5,5,5,5,5,5,5,5,5,5,5,5,5,5,5,5,5,5,5],"t_ns":51192687883000}}
51205091629583	stand	depth	{"jsonrpc":"2.0","method":"tof.frame","params":{"at_us":18735375,"cols":8,"distance_mm":[1329,1933,2397,3064,565,551,551,544,1329,1935,2369,3107,561,549,541,544,1308,1925,2370,2447,550,550,548,546,1201,1169,1179,1187,561,549,543,554,803,789,779,792,573,568,571,565,596,591,588,585,597,588,578,578,496,479,482,487,493,494,496,515,417,409,417,419,416,426,431,436],"rows":8,"seq":253,"status":[5,5,5,5,5,5,5,5,5,5,5,5,5,5,5,5,5,5,5,5,5,5,5,5,5,5,5,5,5,5,5,5,5,5,5,5,5,5,5,5,5,5,5,5,5,5,5,5,5,5,5,5,5,5,5,5,5,5,5,5,5,5,5,5],"t_ns":51192765031000}}
51205166588458	stand	depth	{"jsonrpc":"2.0","method":"tof.frame","params":{"at_us":18810718,"cols":8,"distance_mm":[1340,1904,2354,3057,558,542,546,546,1317,1929,2340,3072,557,550,543,549,1302,1909,2370,2419,558,548,544,542,1188,1154,1172,1214,560,556,546,549,796,798,781,788,585,569,559,571,602,582,592,592,592,585,586,580,491,480,478,476,489,483,495,509,419,411,420,413,413,426,428,438],"rows":8,"seq":254,"status":[5,5,5,5,5,5,5,5,5,5,5,5,5,5,5,5,5,5,5,5,5,5,5,5,5,5,5,5,5,5,5,5,5,5,5,5,5,5,5,5,5,5,5,5,5,5,5,5,5,5,5,5,5,5,5,5,5,5,5,5,5,5,5,5],"t_ns":51192840371000}}
51205243752375	stand	depth	{"jsonrpc":"2.0","method":"tof.frame","params":{"at_us":18886512,"cols":8,"distance_mm":[1330,1946,2340,3029,558,557,554,546,1305,1912,2340,3072,548,550,542,550,1305,1920,2370,2448,557,549,551,551,1182,1181,1191,1185,566,556,539,552,785,776,797,792,572,572,553,558,603,588,593,593,594,590,582,580,498,485,477,484,494,483,500,500,421,418,408,404,414,415,436,442],"rows":8,"seq":255,"status":[5,5,5,5,5,5,5,5,5,5,5,5,5,5,5,5,5,5,5,5,5,5,5,5,5,5,5,5,5,5,5,5,5,5,5,5,5,5,5,5,5,5,5,5,5,5,5,5,5,5,5,5,5,5,5,5,5,5,5,5,5,5,5,5],"t_ns":51192916166000}}
51205315663208	stand	depth	{"jsonrpc":"2.0","method":"tof.frame","params":{"at_us":18958537,"cols":8,"distance_mm":[1321,1941,2341,3062,557,553,545,549,1300,1916,2344,3091,567,545,544,539,1309,1922,2366,2386,562,553,551,539,1174,1171,1176,1177,564,561,553,557,793,778,782,783,573,570,569,566,598,583,593,595,595,587,588,577,490,480,490,480,481,500,507,504,416,421,407,413,411,420,421,428],"rows":8,"seq":256,"status":[5,5,5,5,5,5,5,5,5,5,5,5,5,5,5,5,5,5,5,5,5,5,5,5,5,5,5,5,5,5,5,5,5,5,5,5,5,5,5,5,5,5,5,5,5,5,5,5,5,5,5,5,5,5,5,5,5,5,5,5,5,5,5,5],"t_ns":51192988191000}}
51205387507916	stand	depth	{"jsonrpc":"2.0","method":"tof.frame","params":{"at_us":19031014,"cols":8,"distance_mm":[1331,1940,2352,3053,549,547,543,554,1324,1896,2346,3058,561,545,538,538,1299,1915,2351,2415,556,543,547,541,1185,1161,1177,1180,567,560,544,554,786,780,777,796,574,559,565,575,597,600,583,598,613,586,573,586,486,481,482,478,484,486,503,511,422,404,414,409,417,429,435,437],"rows":8,"seq":257,"status":[5,5,5,5,5,5,5,5,5,5,5,5,5,5,5,5,5,5,5,5,5,5,5,5,5,5,5,5,5,5,5,5,5,5,5,5,5,5,5,5,5,5,5,5,5,5,5,5,5,5,5,5,5,5,5,5,5,5,5,5,5,5,5,5],"t_ns":51193060669000}}
51205460257041	stand	depth	{"jsonrpc":"2.0","method":"tof.frame","params":{"at_us":19103269,"cols":8,"distance_mm":[1318,1948,2365,3056,554,554,541,543,1312,1911,2353,3038,554,543,544,551,1326,1936,2388,2416,555,546,543,548,1192,1188,1162,1186,557,545,549,550,790,791,784,780,584,575,567,553,603,592,599,593,596,584,574,579,493,480,481,483,479,505,500,507,414,413,416,407,424,412,430,433],"rows":8,"seq":258,"status":[5,5,5,5,5,5,5,5,5,5,5,5,5,5,5,5,5,5,5,5,5,5,5,5,5,5,5,5,5,5,5,5,5,5,5,5,5,5,5,5,5,5,5,5,5,5,5,5,5,5,5,5,5,5,5,5,5,5,5,5,5,5,5,5],"t_ns":51193132924000}}
51205535908916	stand	depth	{"jsonrpc":"2.0","method":"tof.frame","params":{"at_us":19181178,"cols":8,"distance_mm":[1335,1952,2396,3085,552,548,563,548,1328,1930,2371,3059,543,535,539,551,1317,1937,2352,2435,564,546,556,543,1190,1184,1166,1176,567,549,550,547,787,779,793,784,564,556,550,565,592,586,595,595,600,589,586,578,482,481,484,477,486,486,499,504,414,405,414,417,412,419,434,445],"rows":8,"seq":259,"status":[5,5,5,5,5,5,5,5,5,5,5,5,5,5,5,5,5,5,5,5,5,5,5,5,5,5,5,5,5,5,5,5,5,5,5,5,5,5,5,5,5,5,5,5,5,5,5,5,5,5,5,5,5,5,5,5,5,5,5,5,5,5,5,5],"t_ns":51193210833000}}
51205610151041	stand	depth	{"jsonrpc":"2.0","method":"tof.frame","params":{"at_us":19254948,"cols":8,"distance_mm":[1324,1901,2347,3012,549,544,559,541,1318,1933,2345,3075,558,554,536,538,1301,1930,2401,2402,559,547,536,553,1207,1167,1170,1176,569,562,551,556,795,790,787,782,576,574,567,561,595,593,592,593,600,589,582,584,499,481,480,480,483,492,494,516,416,420,411,423,415,419,429,441],"rows":8,"seq":260,"status":[5,5,5,5,5,5,5,5,5,5,5,5,5,5,5,5,5,5,5,5,5,5,5,5,5,5,5,5,5,5,5,5,5,5,5,5,5,5,5,5,5,5,5,5,5,5,5,5,5,5,5,5,5,5,5,5,5,5,5,5,5,5,5,5],"t_ns":51193284604000}}
51205683063041	stand	depth	{"jsonrpc":"2.0","method":"tof.frame","params":{"at_us":19326563,"cols":8,"distance_mm":[1323,1948,2357,3065,554,550,553,547,1312,1904,2324,3065,557,542,551,546,1307,1938,2355,2409,549,545,541,548,1186,1176,1160,1189,559,560,556,549,788,774,775,797,577,572,566,579,605,594,600,591,600,592,575,577,491,486,486,477,485,494,499,507,408,401,413,414,413,428,427,436],"rows":8,"seq":261,"status":[5,5,5,5,5,5,5,5,5,5,5,5,5,5,5,5,5,5,5,5,5,5,5,5,5,5,5,5,5,5,5,5,5,5,5,5,5,5,5,5,5,5,5,5,5,5,5,5,5,5,5,5,5,5,5,5,5,5,5,5,5,5,5,5],"t_ns":51193356219000}}
51205757988833	stand	depth	{"jsonrpc":"2.0","method":"tof.frame","params":{"at_us":19401825,"cols":8,"distance_mm":[1334,1937,2359,3040,561,545,547,554,1312,1930,2368,3059,559,542,542,551,1310,1933,2356,2415,561,558,546,551,1215,1170,1157,1180,564,553,553,559,786,778,772,794,587,560,546,561,597,594,597,586,590,578,583,586,498,484,479,482,484,491,489,513,413,418,418,408,407,420,425,432],"rows":8,"seq":262,"status":[5,5,5,5,5,5,5,5,5,5,5,5,5,5,5,5,5,5,5,5,5,5,5,5,5,5,5,5,5,5,5,5,5,5,5,5,5,5,5,5,5,5,5,5,5,5,5,5,5,5,5,5,5,5,5,5,5,5,5,5,5,5,5,5],"t_ns":51193431482000}}
51205836349500	stand	depth	{"jsonrpc":"2.0","method":"tof.frame","params":{"at_us":19479646,"cols":8,"distance_mm":[1325,1934,2382,3048,556,545,549,542,1308,1928,2337,3062,551,542,534,542,1317,1942,2358,2395,555,540,549,539,1180,1166,1154,1171,569,550,550,553,798,784,776,789,579,561,558,559,589,598,590,591,596,585,582,589,500,480,475,467,484,485,506,514,416,411,416,410,417,414,432,437],"rows":8,"seq":263,"status":[5,5,5,5,5,5,5,5,5,5,5,5,5,5,5,5,5,5,5,5,5,5,5,5,5,5,5,5,5,5,5,5,5,5,5,5,5,5,5,5,5,5,5,5,5,5,5,5,5,5,5,5,5,5,5,5,5,5,5,5,5,5,5,5],"t_ns":51193509302000}}
51205904646208	stand	depth	{"jsonrpc":"2.0","method":"tof.frame","params":{"at_us":19548900,"cols":8,"distance_mm":[1333,1917,2358,3067,542,551,542,546,1310,1925,2351,3076,558,540,535,544,1300,1917,2311,2393,562,549,556,548,1173,1179,1161,1175,566,546,551,547,780,775,771,773,567,569,559,564,589,588,593,588,593,584,577,583,492,486,474,481,482,503,491,518,412,400,403,404,409,428,434,441],"rows":8,"seq":264,"status":[5,5,5,5,5,5,5,5,5,5,5,5,5,5,5,5,5,5,5,5,5,5,5,5,5,5,5,5,5,5,5,5,5,5,5,5,5,5,5,5,5,5,5,5,5,5,5,5,5,5,5,5,5,5,5,5,5,5,5,5,5,5,5,5],"t_ns":51193578556000}}
51205945246041	approach	phase	start
51205948288958	approach	control	{"jsonrpc":"2.0","id":3,"result":{"accepted":true}}
51205972400750	approach	depth	{"jsonrpc":"2.0","method":"tof.frame","params":{"at_us":19616357,"cols":8,"distance_mm":[1313,1938,2355,3072,555,551,552,546,1297,1943,2320,3062,551,548,554,543,1326,1927,2357,2391,556,550,541,535,1197,1164,1173,1173,573,559,551,550,783,781,779,780,577,574,561,559,589,596,598,585,581,583,584,585,488,484,480,484,486,479,497,503,418,410,410,413,415,423,424,432],"rows":8,"seq":265,"status":[5,5,5,5,5,5,5,5,5,5,5,5,5,5,5,5,5,5,5,5,5,5,5,5,5,5,5,5,5,5,5,5,5,5,5,5,5,5,5,5,5,5,5,5,5,5,5,5,5,5,5,5,5,5,5,5,5,5,5,5,5,5,5,5],"t_ns":51193646014000}}
51206041021500	approach	depth	{"jsonrpc":"2.0","method":"tof.frame","params":{"at_us":19684494,"cols":8,"distance_mm":[1314,1948,2391,3112,553,552,555,557,1323,1934,2368,3094,556,542,539,546,1301,1932,2381,2901,548,546,551,543,1305,1295,1288,1279,564,550,553,549,838,833,832,832,572,559,564,569,622,621,618,614,592,580,587,587,509,495,504,506,497,505,517,526,431,424,425,430,433,430,448,430],"rows":8,"seq":266,"status":[5,5,5,5,5,5,5,5,5,5,5,5,5,5,5,5,5,5,5,5,5,5,5,5,5,5,5,5,5,5,5,5,5,5,5,5,5,5,5,5,5,5,5,5,5,5,5,5,5,5,5,5,5,5,5,5,5,5,5,5,5,5,5,5],"t_ns":51193714152000}}
51206050081166	approach	control	{"jsonrpc":"2.0","id":4,"result":{"accepted":true}}
51206117005625	approach	depth	{"jsonrpc":"2.0","method":"tof.frame","params":{"at_us":19761790,"cols":8,"distance_mm":[1387,2021,2493,3280,550,558,560,562,1339,1991,2460,3181,550,547,547,548,1327,1955,2392,3210,549,563,541,546,1336,1867,1806,1801,552,553,549,556,1063,1060,1022,1024,554,566,560,558,726,736,725,720,584,568,564,585,579,563,561,562,550,580,564,569,472,476,464,456,461,459,455,472],"rows":8,"seq":267,"status":[5,5,5,5,5,5,5,5,5,5,5,5,5,5,5,5,5,5,5,5,5,5,5,5,5,5,5,5,5,5,5,5,5,5,5,5,5,5,5,5,5,5,5,5,5,5,5,5,5,5,5,5,5,5,5,5,5,5,5,5,5,5,5,5],"t_ns":51193791448000}}
51206150223166	approach	control	{"jsonrpc":"2.0","id":5,"result":{"accepted":true}}
51206195379583	approach	depth	{"jsonrpc":"2.0","method":"tof.frame","params":{"at_us":19839097,"cols":8,"distance_mm":[1416,2047,2551,3384,547,550,551,555,1362,2027,2470,3288,564,546,538,541,1350,1995,2448,3245,561,537,539,539,1330,1976,2435,2383,540,539,546,545,1283,1229,1223,1181,570,546,542,558,834,818,814,787,586,569,563,560,620,621,614,602,603,588,582,583,518,494,484,482,493,496,490,485],"rows":8,"seq":268,"status":[5,5,5,5,5,5,5,5,5,5,5,5,5,5,5,5,5,5,5,5,5,5,5,5,5,5,5,5,5,5,5,5,5,5,5,5,5,5,5,5,5,5,5,5,5,5,5,5,5,5,5,5,5,5,5,5,5,5,5,5,5,5,5,5],"t_ns":51193868755000}}
51206251721625	approach	control	{"jsonrpc":"2.0","id":6,"result":{"accepted":true}}
51206263789708	approach	depth	{"jsonrpc":"2.0","method":"tof.frame","params":{"at_us":19908880,"cols":8,"distance_mm":[1428,2132,2657,549,552,546,540,552,1382,2045,2585,3470,537,542,545,546,1355,2020,2503,3381,544,530,534,546,1340,1990,2468,2561,541,543,548,546,1340,1319,1269,1228,558,548,539,554,887,855,825,825,563,559,557,559,642,629,613,614,589,589,580,581,519,508,492,494,498,487,494,489],"rows":8,"seq":269,"status":[5,5,5,5,5,5,5,5,5,5,5,5,5,5,5,5,5,5,5,5,5,5,5,5,5,5,5,5,5,5,5,5,5,5,5,5,5,5,5,5,5,5,5,5,5,5,5,5,5,5,5,5,5,5,5,5,5,5,5,5,5,5,5,5],"t_ns":51193938539000}}
51206342154333	approach	depth	{"jsonrpc":"2.0","method":"tof.frame","params":{"at_us":19986102,"cols":8,"distance_mm":[1920,2353,2961,555,554,534,539,550,1844,2248,2814,544,540,535,533,535,1439,2137,2742,541,534,523,541,534,1423,2099,2682,564,545,542,536,537,1395,1326,1254,559,532,546,546,540,910,860,831,570,571,563,553,564,662,646,625,609,588,588,573,571,531,515,509,504,473,470,472,474],"rows":8,"seq":270,"status":[5,5,5,5,5,5,5,5,5,5,5,5,5,5,5,5,5,5,5,5,5,5,5,5,5,5,5,5,5,5,5,5,5,5,5,5,5,5,5,5,5,5,5,5,5,5,5,5,5,5,5,5,5,5,5,5,5,5,5,5,5,5,5,5],"t_ns":51194015761000}}
51206354259875	approach	control	{"jsonrpc":"2.0","id":7,"result":{"accepted":true}}
51206413794000	approach	depth	{"jsonrpc":"2.0","method":"tof.frame","params":{"at_us":20058204,"cols":8,"distance_mm":[1980,2429,3136,551,539,537,543,542,1881,2322,2949,557,531,526,526,536,1832,2242,2836,541,540,528,539,541,1446,2145,2435,550,536,532,536,548,1392,1284,1211,550,543,544,548,544,900,833,795,582,569,555,560,560,662,627,604,597,582,569,549,550,517,503,491,483,477,469,460,463],"rows":8,"seq":271,"status":[5,5,5,5,5,5,5,5,5,5,5,5,5,5,5,5,5,5,5,5,5,5,5,5,5,5,5,5,5,5,5,5,5,5,5,5,5,5,5,5,5,5,5,5,5,5,5,5,5,5,5,5,5,5,5,5,5,5,5,5,5,5,5,5],"t_ns":51194087863000}}
51206455502416	approach	control	{"jsonrpc":"2.0","id":8,"result":{"accepted":true}}
51206481887541	approach	depth	{"jsonrpc":"2.0","method":"tof.frame","params":{"at_us":20126017,"cols":8,"distance_mm":[1436,2149,2680,561,538,532,520,543,1386,2074,2597,3524,546,538,529,531,1373,2028,2529,3410,534,536,530,523,1336,2005,2065,1913,540,534,536,539,1230,1147,1092,1046,554,541,542,541,817,771,753,723,578,558,551,561,609,606,574,575,558,553,550,553,504,474,474,461,467,452,455,452],"rows":8,"seq":272,"status":[5,5,5,5,5,5,5,5,5,5,5,5,5,5,5,5,5,5,5,5,5,5,5,5,5,5,5,5,5,5,5,5,5,5,5,5,5,5,5,5,5,5,5,5,5,5,5,5,5,5,5,5,5,5,5,5,5,5,5,5,5,5,5,5],"t_ns":51194155676000}}
51206555522916	approach	control	{"jsonrpc":"2.0","id":9,"result":{"accepted":true}}
51206558545375	approach	depth	{"jsonrpc":"2.0","method":"tof.frame","params":{"at_us":20203306,"cols":8,"distance_mm":[1261,1844,2259,2856,556,547,533,538,1242,1806,2182,2839,540,536,537,527,1224,1426,2186,2835,549,537,524,533,1235,1460,1754,1723,552,539,535,528,1042,1011,999,998,551,549,544,537,732,715,708,718,576,560,553,553,558,555,558,552,552,558,552,567,467,461,448,460,452,453,453,458],"rows":8,"seq":273,"status":[5,5,5,5,5,5,5,5,5,5,5,5,5,5,5,5,5,5,5,5,5,5,5,5,5,5,5,5,5,5,5,5,5,5,5,5,5,5,5,5,5,5,5,5,5,5,5,5,5,5,5,5,5,5,5,5,5,5,5,5,5,5,5,5],"t_ns":51194232965000}}
51206628494000	approach	depth	{"jsonrpc":"2.0","method":"tof.frame","params":{"at_us":20272323,"cols":8,"distance_mm":[1400,2090,2611,3495,537,537,536,539,1354,2033,2524,3362,524,524,515,524,1342,1986,2502,3358,524,533,513,534,1327,2014,2490,2368,534,529,520,527,1278,1235,1229,1204,544,526,539,537,860,833,824,794,546,545,545,543,630,613,611,600,576,573,563,557,501,497,489,495,495,494,492,486],"rows":8,"seq":274,"status":[5,5,5,5,5,5,5,5,5,5,5,5,5,5,5,5,5,5,5,5,5,5,5,5,5,5,5,5,5,5,5,5,5,5,5,5,5,5,5,5,5,5,5,5,5,5,5,5,5,5,5,5,5,5,5,5,5,5,5,5,5,5,5,5],"t_ns":51194301983000}}
51206655678000	approach	control	{"jsonrpc":"2.0","id":10,"result":{"accepted":true}}
51206699994750	approach	depth	{"jsonrpc":"2.0","method":"tof.frame","params":{"at_us":20344052,"cols":8,"distance_mm":[1919,2298,2954,543,535,532,523,537,1812,2205,2777,533,524,507,520,521,1414,2128,2681,539,519,513,513,523,1372,2061,2607,526,510,524,512,518,1369,1896,1721,530,527,529,528,524,1127,1047,1010,551,541,525,529,538,778,751,719,701,544,548,547,551,596,573,568,558,534,530,520,503],"rows":8,"seq":275,"status":[5,5,5,5,5,5,5,5,5,5,5,5,5,5,5,5,5,5,5,5,5,5,5,5,5,5,5,5,5,5,5,5,5,5,5,5,5,5,5,5,5,5,5,5,5,5,5,5,5,5,5,5,5,5,5,5,5,5,5,5,5,5,5,5],"t_ns":51194373712000}}
51206755216125	approach	control	{"jsonrpc":"2.0","id":11,"result":{"accepted":true}}
51206770306833	approach	depth	{"jsonrpc":"2.0","method":"tof.frame","params":{"at_us":20415408,"cols":8,"distance_mm":[1478,2181,2735,531,525,511,518,510,1398,2042,2556,527,516,500,507,497,1359,1998,2417,521,508,494,498,499,1328,1935,2359,519,504,502,498,500,1282,1887,1983,1795,520,514,510,509,1277,1193,1104,1048,520,517,510,517,859,816,778,734,548,527,529,537,635,616,601,584,561,552,539,520],"rows":8,"seq":276,"status":[5,5,5,5,5,5,5,5,5,5,5,5,5,5,5,5,5,5,5,5,5,5,5,5,5,5,5,5,5,5,5,5,5,5,5,5,5,5,5,5,5,5,5,5,5,5,5,5,5,5,5,5,5,5,5,5,5,5,5,5,5,5,5,5],"t_ns":51194445068000}}
51206844816208	approach	depth	{"jsonrpc":"2.0","method":"tof.frame","params":{"at_us":20489114,"cols":8,"distance_mm":[1303,1880,2232,2801,509,501,503,500,1240,1423,2107,2667,514,500,501,491,1198,1376,2057,2568,515,506,497,486,1177,1357,1997,2490,514,512,486,503,1161,1346,1523,1390,512,510,508,503,1070,998,936,905,862,524,513,518,737,716,691,663,650,541,532,525,584,570,540,539,519,504,512,495],"rows":8,"seq":277,"status":[5,5,5,5,5,5,5,5,5,5,5,5,5,5,5,5,5,5,5,5,5,5,5,5,5,5,5,5,5,5,5,5,5,5,5,5,5,5,5,5,5,5,5,5,5,5,5,5,5,5,5,5,5,5,5,5,5,5,5,5,5,5,5,5],"t_ns":51194518775000}}
51206856885250	approach	control	{"jsonrpc":"2.0","id":12,"result":{"accepted":true}}
51206913817500	approach	depth	{"jsonrpc":"2.0","method":"tof.frame","params":{"at_us":20557324,"cols":8,"distance_mm":[1177,1359,1998,2427,3200,515,500,495,1141,1295,1928,2343,3097,487,494,491,1122,1264,1893,2296,3064,501,485,487,1111,1277,1880,2285,3010,502,494,484,1117,1259,1457,1410,1379,506,494,492,963,937,918,893,872,514,510,506,692,679,664,658,639,541,520,528,560,543,526,527,518,512,520,524],"rows":8,"seq":278,"status":[5,5,5,5,5,5,5,5,5,5,5,5,5,5,5,5,5,5,5,5,5,5,5,5,5,5,5,5,5,5,5,5,5,5,5,5,5,5,5,5,5,5,5,5,5,5,5,5,5,5,5,5,5,5,5,5,5,5,5,5,5,5,5,5],"t_ns":51194586985000}}
51206957297625	approach	control	{"jsonrpc":"2.0","id":13,"result":{"accepted":true}}
51206981454083	approach	depth	{"jsonrpc":"2.0","method":"tof.frame","params":{"at_us":20624988,"cols":8,"distance_mm":[1142,1312,1917,2365,3119,505,499,496,1114,1262,1909,2301,3057,506,488,500,1100,1267,1879,2338,3070,493,491,490,1092,1262,1908,2334,3115,494,492,477,1113,1278,1617,1604,1636,502,494,489,969,980,965,967,996,506,500,495,693,694,694,706,709,519,506,516,544,553,554,560,542,533,535,530],"rows":8,"seq":279,"status":[5,5,5,5,5,5,5,5,5,5,5,5,5,5,5,5,5,5,5,5,5,5,5,5,5,5,5,5,5,5,5,5,5,5,5,5,5,5,5,5,5,5,5,5,5,5,5,5,5,5,5,5,5,5,5,5,5,5,5,5,5,5,5,5],"t_ns":51194654649000}}
51207056328708	approach	depth	{"jsonrpc":"2.0","method":"tof.frame","params":{"at_us":20699856,"cols":8,"distance_mm":[1395,2078,2619,3539,490,470,488,493,1373,2033,2566,3515,480,468,483,471,1330,2018,2547,3516,475,475,472,471,1350,2037,2535,3546,474,476,483,487,1355,1574,1558,1594,478,474,467,467,965,956,970,967,489,485,498,488,703,697,693,697,498,512,500,497,552,551,551,555,532,523,526,524],"rows":8,"seq":280,"status":[5,5,5,5,5,5,5,5,5,5,5,5,5,5,5,5,5,5,5,5,5,5,5,5,5,5,5,5,5,5,5,5,5,5,5,5,5,5,5,5,5,5,5,5,5,5,5,5,5,5,5,5,5,5,5,5,5,5,5,5,5,5,5,5],"t_ns":51194729518000}}
51207058507708	approach	control	{"jsonrpc":"2.0","id":14,"result":{"accepted":true}}
51207127248250	approach	depth	{"jsonrpc":"2.0","method":"tof.frame","params":{"at_us":20770298,"cols":8,"distance_mm":[2370,3109,473,466,468,470,475,482,2309,2999,471,461,464,464,472,469,2236,2880,462,460,455,459,455,476,2205,2856,470,461,460,450,462,469,1901,1802,466,456,456,463,464,476,1081,1034,487,477,464,476,472,480,755,743,497,501,482,490,484,497,584,567,510,513,507,506,510,537],"rows":8,"seq":281,"status":[5,5,5,5,5,5,5,5,5,5,5,5,5,5,5,5,5,5,5,5,5,5,5,5,5,5,5,5,5,5,5,5,5,5,5,5,5,5,5,5,5,5,5,5,5,5,5,5,5,5,5,5,5,5,5,5,5,5,5,5,5,5,5,5],"t_ns":51194799959000}}
51207161798333	approach	control	{"jsonrpc":"2.0","id":15,"result":{"accepted":true}}
51207201995833	approach	depth	{"jsonrpc":"2.0","method":"tof.frame","params":{"at_us":20847539,"cols":8,"distance_mm":[2214,2757,476,471,460,451,457,469,2105,2649,462,460,452,452,450,456,2024,2514,448,454,441,453,447,447,1988,2438,468,458,449,442,441,458,1912,1935,470,457,437,446,446,459,1156,1092,473,471,464,466,467,482,786,766,497,479,476,477,479,483,610,590,578,513,491,498,507,516],"rows":8,"seq":282,"status":[5,5,5,5,5,5,5,5,5,5,5,5,5,5,5,5,5,5,5,5,5,5,5,5,5,5,5,5,5,5,5,5,5,5,5,5,5,5,5,5,5,5,5,5,5,5,5,5,5,5,5,5,5,5,5,5,5,5,5,5,5,5,5,5],"t_ns":51194877201000}}
51207264605083	approach	control	{"jsonrpc":"2.0","id":16,"result":{"accepted":true}}
51207270633958	approach	depth	{"jsonrpc":"2.0","method":"tof.frame","params":{"at_us":20915221,"cols":8,"distance_mm":[1794,2129,2678,469,450,455,439,442,1370,2054,2534,455,445,433,429,438,1340,1956,2419,458,451,437,433,444,1300,1923,2359,462,448,453,433,441,1300,1567,1465,461,449,452,454,452,1013,956,918,864,475,469,461,453,722,705,676,666,485,476,485,489,574,554,534,537,501,501,509,492],"rows":8,"seq":283,"status":[5,5,5,5,5,5,5,5,5,5,5,5,5,5,5,5,5,5,5,5,5,5,5,5,5,5,5,5,5,5,5,5,5,5,5,5,5,5,5,5,5,5,5,5,5,5,5,5,5,5,5,5,5,5,5,5,5,5,5,5,5,5,5,5],"t_ns":51194944883000}}
51207339091000	approach	depth	{"jsonrpc":"2.0","method":"tof.frame","params":{"at_us":20984418,"cols":8,"distance_mm":[1214,1760,2059,2606,454,442,440,452,1169,1335,2019,2502,457,446,430,441,1145,1318,1960,2461,449,441,434,436,1132,1307,1928,2188,2028,434,444,436,1136,1270,1195,1153,1097,460,439,445,871,837,805,786,767,471,461,456,649,628,610,589,594,481,470,485,516,504,495,485,485,473,472,468],"rows":8,"seq":284,"status":[5,5,5,5,5,5,5,5,5,5,5,5,5,5,5,5,5,5,5,5,5,5,5,5,5,5,5,5,5,5,5,5,5,5,5,5,5,5,5,5,5,5,5,5,5,5,5,5,5,5,5,5,5,5,5,5,5,5,5,5,5,5,5,5],"t_ns":51195014081000}}
51207366159833	approach	control	{"jsonrpc":"2.0","id":17,"result":{"accepted":true}}
51207410209291	approach	depth	{"jsonrpc":"2.0","method":"tof.frame","params":{"at_us":21054946,"cols":8,"distance_mm":[1142,1301,1960,2392,3164,441,441,443,1118,1305,1925,2388,3182,446,437,440,1118,1288,1902,2351,3216,434,435,436,1107,1283,1930,2352,2381,431,440,428,1115,1175,1181,1173,1185,446,442,443,806,805,797,790,792,451,449,456,602,604,601,603,607,475,462,468,498,503,490,497,500,499,488,475],"rows":8,"seq":285,"status":[5,5,5,5,5,5,5,5,5,5,5,5,5,5,5,5,5,5,5,5,5,5,5,5,5,5,5,5,5,5,5,5,5,5,5,5,5,5,5,5,5,5,5,5,5,5,5,5,5,5,5,5,5,5,5,5,5,5,5,5,5,5,5,5],"t_ns":51195084609000}}
51207467479125	approach	control	{"jsonrpc":"2.0","id":18,"result":{"accepted":true}}
51207488581916	approach	depth	{"jsonrpc":"2.0","method":"tof.frame","params":{"at_us":21132180,"cols":8,"distance_mm":[1781,2139,2716,433,422,424,435,429,1754,2128,2675,430,418,412,425,416,1715,2081,2645,419,414,420,424,418,1745,2086,2542,424,426,416,420,423,1248,1249,1256,432,440,425,439,425,827,834,828,440,439,431,437,435,621,625,617,460,453,453,444,443,501,506,500,485,472,473,461,477],"rows":8,"seq":286,"status":[5,5,5,5,5,5,5,5,5,5,5,5,5,5,5,5,5,5,5,5,5,5,5,5,5,5,5,5,5,5,5,5,5,5,5,5,5,5,5,5,5,5,5,5,5,5,5,5,5,5,5,5,5,5,5,5,5,5,5,5,5,5,5,5],"t_ns":51195161843000}}
51207557877541	approach	depth	{"jsonrpc":"2.0","method":"tof.frame","params":{"at_us":21201380,"cols":8,"distance_mm":[2278,2880,432,429,424,422,423,440,2161,2803,418,414,411,406,412,429,2131,2734,414,401,411,407,409,421,2105,2682,414,413,408,411,402,419,1506,1466,425,410,415,413,416,420,934,915,433,422,430,416,423,435,685,674,451,439,422,431,440,443,539,544,465,454,455,455,458,464],"rows":8,"seq":287,"status":[5,5,5,5,5,5,5,5,5,5,5,5,5,5,5,5,5,5,5,5,5,5,5,5,5,5,5,5,5,5,5,5,5,5,5,5,5,5,5,5,5,5,5,5,5,5,5,5,5,5,5,5,5,5,5,5,5,5,5,5,5,5,5,5],"t_ns":51195231044000}}
51207569973333	approach	control	{"jsonrpc":"2.0","id":19,"result":{"accepted":true}}
51207633116791	approach	depth	{"jsonrpc":"2.0","method":"tof.frame","params":{"at_us":21277645,"cols":8,"distance_mm":[2226,429,422,396,392,408,402,412,2093,2655,407,408,402,400,394,410,2023,2537,411,393,398,399,397,406,1993,2486,410,400,395,400,392,404,1875,1725,413,406,402,393,396,413,1092,1007,420,423,403,415,414,421,759,717,455,436,417,431,430,430,579,566,455,452,442,440,447,456],"rows":8,"seq":288,"status":[5,5,5,5,5,5,5,5,5,5,5,5,5,5,5,5,5,5,5,5,5,5,5,5,5,5,5,5,5,5,5,5,5,5,5,5,5,5,5,5,5,5,5,5,5,5,5,5,5,5,5,5,5,5,5,5,5,5,5,5,5,5,5,5],"t_ns":51195307309000}}
51207671368333	approach	control	{"jsonrpc":"2.0","id":20,"result":{"accepted":true}}
51207706964875	approach	depth	{"jsonrpc":"2.0","method":"tof.frame","params":{"at_us":21351881,"cols":8,"distance_mm":[1847,2185,2774,395,398,396,400,390,1763,2108,2620,400,389,384,385,387,1700,2017,2529,396,391,384,381,384,1694,1971,2478,397,392,387,388,386,1313,1397,1306,404,400,383,394,395,948,889,861,420,405,409,408,411,692,654,639,445,430,422,427,427,545,531,511,465,448,445,450,442],"rows":8,"seq":289,"status":[5,5,5,5,5,5,5,5,5,5,5,5,5,5,5,5,5,5,5,5,5,5,5,5,5,5,5,5,5,5,5,5,5,5,5,5,5,5,5,5,5,5,5,5,5,5,5,5,5,5,5,5,5,5,5,5,5,5,5,5,5,5,5,5],"t_ns":51195381545000}}
51207772424666	approach	control	{"jsonrpc":"2.0","id":21,"result":{"accepted":true}}
51207781483958	approach	depth	{"jsonrpc":"2.0","method":"tof.frame","params":{"at_us":21427151,"cols":8,"distance_mm":[1223,1779,2134,2688,409,394,386,392,1194,1706,2075,2573,404,392,385,393,1166,1714,2025,2556,397,389,384,379,1155,1678,1993,2454,396,392,377,391,1155,1279,1238,1200,400,399,389,381,856,836,819,811,417,399,395,399,644,611,607,614,434,419,425,411,514,509,492,495,451,436,434,434],"rows":8,"seq":290,"status":[5,5,5,5,5,5,5,5,5,5,5,5,5,5,5,5,5,5,5,5,5,5,5,5,5,5,5,5,5,5,5,5,5,5,5,5,5,5,5,5,5,5,5,5,5,5,5,5,5,5,5,5,5,5,5,5,5,5,5,5,5,5,5,5],"t_ns":51195456816000}}
51207858917375	approach	depth	{"jsonrpc":"2.0","method":"tof.frame","params":{"at_us":21504481,"cols":8,"distance_mm":[1177,1737,2071,2615,393,387,389,384,1155,1725,2049,2630,392,385,381,390,1149,1669,2032,2617,392,385,374,376,1143,1703,2058,2650,392,385,378,368,1164,1329,1328,1340,392,394,383,385,873,860,854,860,399,400,387,388,635,641,646,649,414,416,398,404,519,515,511,521,434,430,416,426],"rows":8,"seq":291,"status":[5,5,5,5,5,5,5,5,5,5,5,5,5,5,5,5,5,5,5,5,5,5,5,5,5,5,5,5,5,5,5,5,5,5,5,5,5,5,5,5,5,5,5,5,5,5,5,5,5,5,5,5,5,5,5,5,5,5,5,5,5,5,5,5],"t_ns":51195534146000}}
51207872997125	approach	control	{"jsonrpc":"2.0","id":22,"result":{"accepted":true}}
51207931912125	approach	depth	{"jsonrpc":"2.0","method":"tof.frame","params":{"at_us":21575862,"cols":8,"distance_mm":[1864,2231,2903,385,373,377,373,374,1810,2206,2824,375,362,367,369,376,1806,2160,2805,369,363,362,364,368,1792,2153,2833,363,361,370,371,371,1474,1454,1466,379,369,372,375,373,928,919,909,386,379,387,376,379,674,669,690,393,396,382,389,403,550,527,535,419,409,403,402,411],"rows":8,"seq":292,"status":[5,5,5,5,5,5,5,5,5,5,5,5,5,5,5,5,5,5,5,5,5,5,5,5,5,5,5,5,5,5,5,5,5,5,5,5,5,5,5,5,5,5,5,5,5,5,5,5,5,5,5,5,5,5,5,5,5,5,5,5,5,5,5,5],"t_ns":51195605527000}}
51207976666291	approach	control	{"jsonrpc":"2.0","id":23,"result":{"accepted":true}}
51208002468333	approach	depth	{"jsonrpc":"2.0","method":"tof.frame","params":{"at_us":21646573,"cols":8,"distance_mm":[2367,389,371,366,358,368,364,379,2258,372,369,351,353,359,362,364,2185,367,370,353,350,351,356,372,2147,378,363,357,355,350,362,363,2031,371,359,359,352,368,353,369,1102,1041,372,362,365,359,377,377,757,736,386,370,378,373,380,380,589,589,409,399,389,395,397,398],"rows":8,"seq":293,"status":[5,5,5,5,5,5,5,5,5,5,5,5,5,5,5,5,5,5,5,5,5,5,5,5,5,5,5,5,5,5,5,5,5,5,5,5,5,5,5,5,5,5,5,5,5,5,5,5,5,5,5,5,5,5,5,5,5,5,5,5,5,5,5,5],"t_ns":51195676238000}}
51208077649583	approach	control	{"jsonrpc":"2.0","id":24,"result":{"accepted":true}}
51208077656583	approach	depth	{"jsonrpc":"2.0","method":"tof.frame","params":{"at_us":21721195,"cols":8,"distance_mm":[2389,360,366,361,361,357,361,359,2280,370,361,354,344,347,352,357,2182,367,351,352,344,345,347,354,2087,363,354,357,350,343,349,360,2084,378,361,347,353,344,360,360,1175,373,368,360,361,349,361,372,798,773,377,373,366,364,377,378,629,603,397,387,387,390,390,398],"rows":8,"seq":294,"status":[5,5,5,5,5,5,5,5,5,5,5,5,5,5,5,5,5,5,5,5,5,5,5,5,5,5,5,5,5,5,5,5,5,5,5,5,5,5,5,5,5,5,5,5,5,5,5,5,5,5,5,5,5,5,5,5,5,5,5,5,5,5,5,5],"t_ns":51195750861000}}
51208150502708	approach	depth	{"jsonrpc":"2.0","method":"tof.frame","params":{"at_us":21794877,"cols":8,"distance_mm":[2038,2527,371,356,346,344,344,347,1946,2391,354,346,344,336,340,341,1863,2291,351,345,332,341,336,342,1821,2227,346,343,336,337,338,350,1804,1861,354,345,351,333,342,337,1110,1073,359,350,348,346,347,352,773,750,377,369,353,362,358,356,599,587,567,379,373,378,375,376],"rows":8,"seq":295,"status":[5,5,5,5,5,5,5,5,5,5,5,5,5,5,5,5,5,5,5,5,5,5,5,5,5,5,5,5,5,5,5,5,5,5,5,5,5,5,5,5,5,5,5,5,5,5,5,5,5,5,5,5,5,5,5,5,5,5,5,5,5,5,5,5],"t_ns":51195824543000}}
51208180444916	approach	control	{"jsonrpc":"2.0","id":25,"result":{"accepted":true}}
51208223896333	approach	depth	{"jsonrpc":"2.0","method":"tof.frame","params":{"at_us":21867693,"cols":8,"distance_mm":[1738,2053,2602,352,349,343,344,349,1702,2006,2519,344,346,337,335,328,1668,1980,2465,347,334,327,330,339,1628,1965,2468,343,332,334,333,339,1637,1803,1767,346,334,335,333,332,1052,1040,1017,350,347,346,337,340,740,715,720,356,351,353,342,346,573,571,555,380,364,366,368,365],"rows":8,"seq":296,"status":[5,5,5,5,5,5,5,5,5,5,5,5,5,5,5,5,5,5,5,5,5,5,5,5,5,5,5,5,5,5,5,5,5,5,5,5,5,5,5,5,5,5,5,5,5,5,5,5,5,5,5,5,5,5,5,5,5,5,5,5,5,5,5,5],"t_ns":51195897359000}}
51208281985833	approach	control	{"jsonrpc":"2.0","id":26,"result":{"accepted":true}}
51208291058125	approach	depth	{"jsonrpc":"2.0","method":"tof.frame","params":{"at_us":21934991,"cols":8,"distance_mm":[1693,2031,2547,351,332,339,337,343,1663,1994,2520,339,331,330,332,335,1627,1997,2494,331,325,323,329,335,1651,1988,2510,346,325,330,323,327,1674,1845,1859,334,327,324,322,326,1072,1048,1066,342,339,324,327,335,742,735,746,354,349,339,336,339,573,584,577,361,347,343,350,344],"rows":8,"seq":297,"status":[5,5,5,5,5,5,5,5,5,5,5,5,5,5,5,5,5,5,5,5,5,5,5,5,5,5,5,5,5,5,5,5,5,5,5,5,5,5,5,5,5,5,5,5,5,5,5,5,5,5,5,5,5,5,5,5,5,5,5,5,5,5,5,5],"t_ns":51195964658000}}
51208359817583	approach	depth	{"jsonrpc":"2.0","method":"tof.frame","params":{"at_us":22002929,"cols":8,"distance_mm":[2038,2522,331,332,324,330,329,334,1974,2496,324,318,314,314,324,327,1971,2456,314,328,321,311,313,319,1974,2474,320,310,309,313,314,319,1810,1788,322,322,318,319,317,321,1040,1042,331,321,323,323,317,334,729,735,335,342,324,328,332,334,577,566,353,350,334,346,344,350],"rows":8,"seq":298,"status":[5,5,5,5,5,5,5,5,5,5,5,5,5,5,5,5,5,5,5,5,5,5,5,5,5,5,5,5,5,5,5,5,5,5,5,5,5,5,5,5,5,5,5,5,5,5,5,5,5,5,5,5,5,5,5,5,5,5,5,5,5,5,5,5],"t_ns":51196032596000}}
51208382475791	approach	control	{"jsonrpc":"2.0","id":27,"result":{"accepted":true}}
51208436700541	approach	depth	{"jsonrpc":"2.0","method":"tof.frame","params":{"at_us":22080148,"cols":8,"distance_mm":[329,331,311,307,304,318,311,324,324,314,313,304,305,305,315,322,315,310,297,305,304,299,308,321,321,318,297,295,298,291,311,311,317,313,305,306,300,299,323,312,323,324,308,302,307,308,316,329,803,328,320,321,315,324,318,328,611,340,329,332,331,331,334,348],"rows":8,"seq":299,"status":[5,5,5,5,5,5,5,5,5,5,5,5,5,5,5,5,5,5,5,5,5,5,5,5,5,5,5,5,5,5,5,5,5,5,5,5,5,5,5,5,5,5,5,5,5,5,5,5,5,5,5,5,5,5,5,5,5,5,5,5,5,5,5,5],"t_ns":51196109815000}}
51208481995625	approach	control	{"jsonrpc":"2.0","id":28,"result":{"accepted":true}}
51208509603791	approach	depth	{"jsonrpc":"2.0","method":"tof.frame","params":{"at_us":22153109,"cols":8,"distance_mm":[320,323,308,297,307,302,304,313,314,314,295,286,292,289,294,300,314,308,297,292,281,289,291,292,326,303,292,288,292,293,292,304,2136,304,293,293,290,290,295,304,1375,306,301,301,293,293,295,305,901,324,312,317,304,307,306,315,660,336,321,320,317,311,326,330],"rows":8,"seq":300,"status":[5,5,5,5,5,5,5,5,5,5,5,5,5,5,5,5,5,5,5,5,5,5,5,5,5,5,5,5,5,5,5,5,5,5,5,5,5,5,5,5,5,5,5,5,5,5,5,5,5,5,5,5,5,5,5,5,5,5,5,5,5,5,5,5],"t_ns":51196182777000}}
51208509638208	settle	phase	start
51208586890125	settle	depth	{"jsonrpc":"2.0","method":"tof.frame","params":{"at_us":22229965,"cols":8,"distance_mm":[1856,2247,310,289,281,283,287,293,1775,2150,298,285,279,283,286,288,1709,2031,297,290,281,281,282,280,1681,1989,302,288,291,284,283,278,1655,1573,307,295,296,281,278,294,1023,963,324,306,286,291,296,300,718,695,674,311,312,311,297,308,565,563,537,330,318,313,314,324],"rows":8,"seq":301,"status":[5,5,5,5,5,5,5,5,5,5,5,5,5,5,5,5,5,5,5,5,5,5,5,5,5,5,5,5,5,5,5,5,5,5,5,5,5,5,5,5,5,5,5,5,5,5,5,5,5,5,5,5,5,5,5,5,5,5,5,5,5,5,5,5],"t_ns":51196259633000}}
51208660697708	settle	depth	{"jsonrpc":"2.0","method":"tof.frame","params":{"at_us":22304192,"cols":8,"distance_mm":[1587,1864,2251,303,290,277,279,278,1206,1773,2187,299,292,275,282,284,1180,1774,2121,294,289,283,274,273,1160,1747,2118,292,284,288,273,275,1160,1292,1230,292,290,283,278,282,870,821,811,817,299,297,292,285,644,628,605,605,310,307,302,299,520,511,497,496,331,315,319,310],"rows":8,"seq":302,"status":[5,5,5,5,5,5,5,5,5,5,5,5,5,5,5,5,5,5,5,5,5,5,5,5,5,5,5,5,5,5,5,5,5,5,5,5,5,5,5,5,5,5,5,5,5,5,5,5,5,5,5,5,5,5,5,5,5,5,5,5,5,5,5,5],"t_ns":51196333861000}}
51208735595250	settle	depth	{"jsonrpc":"2.0","method":"tof.frame","params":{"at_us":22381421,"cols":8,"distance_mm":[1625,1906,2417,277,272,276,276,278,1577,1906,2376,280,271,263,268,276,1599,1897,2366,279,277,261,267,271,1602,1893,2367,278,273,269,266,266,1220,1223,1215,274,273,273,269,279,816,814,812,289,283,283,284,283,598,610,616,302,293,286,282,293,485,500,509,308,301,304,302,307],"rows":8,"seq":303,"status":[5,5,5,5,5,5,5,5,5,5,5,5,5,5,5,5,5,5,5,5,5,5,5,5,5,5,5,5,5,5,5,5,5,5,5,5,5,5,5,5,5,5,5,5,5,5,5,5,5,5,5,5,5,5,5,5,5,5,5,5,5,5,5,5],"t_ns":51196411089000}}
51208813306208	settle	depth	{"jsonrpc":"2.0","method":"tof.frame","params":{"at_us":22458742,"cols":8,"distance_mm":[2226,269,264,254,264,259,255,265,2166,266,257,252,256,256,259,262,2168,260,254,253,260,261,255,267,2142,267,261,255,254,262,265,269,1277,264,264,261,260,256,269,271,836,279,270,268,256,265,270,277,633,288,286,275,275,270,276,280,511,297,290,277,282,287,288,293],"rows":8,"seq":304,"status":[5,5,5,5,5,5,5,5,5,5,5,5,5,5,5,5,5,5,5,5,5,5,5,5,5,5,5,5,5,5,5,5,5,5,5,5,5,5,5,5,5,5,5,5,5,5,5,5,5,5,5,5,5,5,5,5,5,5,5,5,5,5,5,5],"t_ns":51196488411000}}
51208891814583	settle	depth	{"jsonrpc":"2.0","method":"tof.frame","params":{"at_us":22536032,"cols":8,"distance_mm":[265,253,250,245,249,249,257,256,259,258,244,247,250,249,246,262,252,245,248,243,244,240,248,255,264,247,243,241,243,245,249,264,258,255,245,251,244,251,261,258,277,260,251,251,255,255,269,267,278,273,266,259,266,271,270,276,293,283,270,281,267,274,273,293],"rows":8,"seq":305,"status":[5,5,5,5,5,5,5,5,5,5,5,5,5,5,5,5,5,5,5,5,5,5,5,5,5,5,5,5,5,5,5,5,5,5,5,5,5,5,5,5,5,5,5,5,5,5,5,5,5,5,5,5,5,5,5,5,5,5,5,5,5,5,5,5],"t_ns":51196565701000}}
51208961175958	settle	depth	{"jsonrpc":"2.0","method":"tof.frame","params":{"at_us":22604734,"cols":8,"distance_mm":[258,250,240,242,238,243,243,251,252,252,240,234,235,242,244,253,255,248,240,238,232,238,238,247,254,244,244,235,233,242,240,248,254,252,243,241,239,241,242,254,263,260,254,245,251,240,251,255,279,264,259,261,255,252,259,267,286,274,269,266,267,261,272,288],"rows":8,"seq":306,"status":[5,5,5,5,5,5,5,5,5,5,5,5,5,5,5,5,5,5,5,5,5,5,5,5,5,5,5,5,5,5,5,5,5,5,5,5,5,5,5,5,5,5,5,5,5,5,5,5,5,5,5,5,5,5,5,5,5,5,5,5,5,5,5,5],"t_ns":51196634407000}}
51209030338708	settle	depth	{"jsonrpc":"2.0","method":"tof.frame","params":{"at_us":22673776,"cols":8,"distance_mm":[249,243,248,238,234,232,223,236,2000,250,231,238,234,234,221,238,1952,247,226,233,226,223,229,237,1893,244,237,230,224,229,224,239,1466,248,242,246,236,229,232,234,929,257,248,246,239,242,246,250,677,267,260,248,258,243,250,254,536,280,267,269,264,261,264,264],"rows":8,"seq":307,"status":[5,5,5,5,5,5,5,5,5,5,5,5,5,5,5,5,5,5,5,5,5,5,5,5,5,5,5,5,5,5,5,5,5,5,5,5,5,5,5,5,5,5,5,5,5,5,5,5,5,5,5,5,5,5,5,5,5,5,5,5,5,5,5,5],"t_ns":51196703446000}}
51209100456500	settle	depth	{"jsonrpc":"2.0","method":"tof.frame","params":{"at_us":22744100,"cols":8,"distance_mm":[1798,2198,237,230,230,225,227,233,1790,2175,236,233,215,224,225,226,1752,2164,228,216,222,222,212,224,1749,2155,240,231,218,211,217,222,1203,1194,236,225,227,232,224,235,799,790,242,243,237,230,234,235,603,610,244,244,241,241,238,247,491,478,259,250,255,248,248,253],"rows":8,"seq":308,"status":[5,5,5,5,5,5,5,5,5,5,5,5,5,5,5,5,5,5,5,5,5,5,5,5,5,5,5,5,5,5,5,5,5,5,5,5,5,5,5,5,5,5,5,5,5,5,5,5,5,5,5,5,5,5,5,5,5,5,5,5,5,5,5,5],"t_ns":51196773770000}}
51209167336708	settle	depth	{"jsonrpc":"2.0","method":"tof.frame","params":{"at_us":22811998,"cols":8,"distance_mm":[1883,2329,226,215,218,218,226,219,1897,2369,225,215,214,214,217,216,1872,2328,216,214,218,217,216,213,1866,1932,230,217,218,216,212,219,1051,1066,229,220,220,221,216,226,733,765,235,227,225,217,235,223,571,579,232,238,231,234,234,244,479,473,252,249,245,242,244,241],"rows":8,"seq":309,"status":[5,5,5,5,5,5,5,5,5,5,5,5,5,5,5,5,5,5,5,5,5,5,5,5,5,5,5,5,5,5,5,5,5,5,5,5,5,5,5,5,5,5,5,5,5,5,5,5,5,5,5,5,5,5,5,5,5,5,5,5,5,5,5,5],"t_ns":51196841669000}}
51209240084708	settle	depth	{"jsonrpc":"2.0","method":"tof.frame","params":{"at_us":22882964,"cols":8,"distance_mm":[2052,221,209,208,202,203,213,213,2019,217,211,211,204,211,207,218,2013,215,209,214,210,197,201,212,1546,214,207,209,204,207,212,215,932,224,213,222,213,206,214,224,676,230,223,219,218,221,226,226,518,249,236,232,227,223,230,238,438,262,240,241,242,235,236,242],"rows":8,"seq":310,"status":[5,5,5,5,5,5,5,5,5,5,5,5,5,5,5,5,5,5,5,5,5,5,5,5,5,5,5,5,5,5,5,5,5,5,5,5,5,5,5,5,5,5,5,5,5,5,5,5,5,5,5,5,5,5,5,5,5,5,5,5,5,5,5,5],"t_ns":51196912634000}}
51209305544916	settle	depth	{"jsonrpc":"2.0","method":"tof.frame","params":{"at_us":22951008,"cols":8,"distance_mm":[214,204,200,209,198,202,199,203,215,213,198,191,201,201,202,200,215,204,212,196,203,201,199,204,224,204,203,200,204,205,196,215,224,205,204,212,213,215,212,224,230,225,213,212,217,223,222,227,241,235,228,233,219,225,232,238,259,251,243,238,240,234,247,256],"rows":8,"seq":311,"status":[5,5,5,5,5,5,5,5,5,5,5,5,5,5,5,5,5,5,5,5,5,5,5,5,5,5,5,5,5,5,5,5,5,5,5,5,5,5,5,5,5,5,5,5,5,5,5,5,5,5,5,5,5,5,5,5,5,5,5,5,5,5,5,5],"t_ns":51196980679000}}
51209375449041	settle	depth	{"jsonrpc":"2.0","method":"tof.frame","params":{"at_us":23020636,"cols":8,"distance_mm":[196,193,189,189,185,194,197,203,199,191,193,193,190,197,194,209,207,189,195,198,190,198,204,208,211,203,201,198,198,203,205,209,219,214,210,206,208,212,212,225,230,227,218,215,209,212,225,228,233,228,233,223,227,235,239,248,256,253,242,249,245,245,262,263],"rows":8,"seq":312,"status":[5,5,5,5,5,5,5,5,5,5,5,5,5,5,5,5,5,5,5,5,5,5,5,5,5,5,5,5,5,5,5,5,5,5,5,5,5,5,5,5,5,5,5,5,5,5,5,5,5,5,5,5,5,5,5,5,5,5,5,5,5,5,5,5],"t_ns":51197050308000}}
51209444868583	settle	depth	{"jsonrpc":"2.0","method":"tof.frame","params":{"at_us":23088333,"cols":8,"distance_mm":[197,189,188,187,191,193,201,206,194,190,196,184,198,191,206,200,202,197,197,195,199,196,211,207,216,199,200,196,201,200,213,220,216,214,208,210,210,211,226,235,229,215,218,215,220,223,230,243,242,237,237,244,234,246,245,253,260,257,248,246,255,260,262,282],"rows":8,"seq":313,"status":[5,5,5,5,5,5,5,5,5,5,5,5,5,5,5,5,5,5,5,5,5,5,5,5,5,5,5,5,5,5,5,5,5,5,5,5,5,5,5,5,5,5,5,5,5,5,5,5,5,5,5,5,5,5,5,5,5,5,5,5,5,5,5,5],"t_ns":51197118005000}}
51209512277875	settle	depth	{"jsonrpc":"2.0","method":"tof.frame","params":{"at_us":23155765,"cols":8,"distance_mm":[201,196,195,195,196,201,206,215,198,195,190,192,195,195,207,210,211,202,198,199,198,209,215,220,212,204,198,201,214,206,214,225,224,217,212,218,215,214,218,229,233,233,227,220,226,217,231,252,251,236,238,247,240,244,255,259,256,250,256,250,253,268,271,282],"rows":8,"seq":314,"status":[5,5,5,5,5,5,5,5,5,5,5,5,5,5,5,5,5,5,5,5,5,5,5,5,5,5,5,5,5,5,5,5,5,5,5,5,5,5,5,5,5,5,5,5,5,5,5,5,5,5,5,5,5,5,5,5,5,5,5,5,5,5,5,5],"t_ns":51197185436000}}
51209588046208	settle	depth	{"jsonrpc":"2.0","method":"tof.frame","params":{"at_us":23233051,"cols":8,"distance_mm":[210,208,195,207,200,206,211,217,210,201,197,201,201,203,213,218,214,210,208,205,205,204,217,223,215,206,208,209,209,216,217,227,223,223,220,211,213,222,228,235,236,237,218,224,226,231,235,246,252,242,240,243,243,251,254,255,274,256,251,262,258,267,278,291],"rows":8,"seq":315,"status":[5,5,5,5,5,5,5,5,5,5,5,5,5,5,5,5,5,5,5,5,5,5,5,5,5,5,5,5,5,5,5,5,5,5,5,5,5,5,5,5,5,5,5,5,5,5,5,5,5,5,5,5,5,5,5,5,5,5,5,5,5,5,5,5],"t_ns":51197262723000}}
51209666572541	settle	depth	{"jsonrpc":"2.0","method":"tof.frame","params":{"at_us":23310298,"cols":8,"distance_mm":[210,217,209,201,207,203,214,225,216,206,204,209,209,208,218,222,215,214,208,211,211,217,213,219,222,208,218,212,210,219,216,232,232,224,220,221,218,221,233,241,239,231,230,229,219,229,241,242,248,249,238,247,237,250,246,259,266,259,255,253,253,257,264,278],"rows":8,"seq":316,"status":[5,5,5,5,5,5,5,5,5,5,5,5,5,5,5,5,5,5,5,5,5,5,5,5,5,5,5,5,5,5,5,5,5,5,5,5,5,5,5,5,5,5,5,5,5,5,5,5,5,5,5,5,5,5,5,5,5,5,5,5,5,5,5,5],"t_ns":51197339970000}}
51209743625708	settle	depth	{"jsonrpc":"2.0","method":"tof.frame","params":{"at_us":23387608,"cols":8,"distance_mm":[219,211,214,217,214,209,215,225,221,219,215,205,206,216,217,223,219,214,208,208,217,217,213,226,222,220,209,217,215,213,221,230,224,226,217,215,212,226,225,232,238,230,230,219,226,229,238,240,247,236,236,237,238,241,253,252,267,255,248,255,252,256,255,263],"rows":8,"seq":317,"status":[5,5,5,5,5,5,5,5,5,5,5,5,5,5,5,5,5,5,5,5,5,5,5,5,5,5,5,5,5,5,5,5,5,5,5,5,5,5,5,5,5,5,5,5,5,5,5,5,5,5,5,5,5,5,5,5,5,5,5,5,5,5,5,5],"t_ns":51197417281000}}
51209816092916	settle	depth	{"jsonrpc":"2.0","method":"tof.frame","params":{"at_us":23459614,"cols":8,"distance_mm":[220,214,211,214,220,221,224,225,222,217,217,202,212,214,219,221,217,217,218,205,209,209,224,220,227,210,214,219,218,210,227,225,228,224,210,217,218,223,221,229,231,230,230,229,227,229,233,240,250,236,244,229,242,240,247,250,263,251,245,242,251,253,253,262],"rows":8,"seq":318,"status":[5,5,5,5,5,5,5,5,5,5,5,5,5,5,5,5,5,5,5,5,5,5,5,5,5,5,5,5,5,5,5,5,5,5,5,5,5,5,5,5,5,5,5,5,5,5,5,5,5,5,5,5,5,5,5,5,5,5,5,5,5,5,5,5],"t_ns":51197489287000}}
51209894227208	settle	depth	{"jsonrpc":"2.0","method":"tof.frame","params":{"at_us":23537012,"cols":8,"distance_mm":[227,215,210,211,217,215,223,221,226,216,212,208,218,205,215,215,220,220,210,210,204,215,218,227,222,223,216,210,210,220,221,222,223,224,223,212,225,230,225,225,236,224,224,222,218,216,227,234,252,239,237,226,233,238,240,248,260,256,249,240,243,247,253,260],"rows":8,"seq":319,"status":[5,5,5,5,5,5,5,5,5,5,5,5,5,5,5,5,5,5,5,5,5,5,5,5,5,5,5,5,5,5,5,5,5,5,5,5,5,5,5,5,5,5,5,5,5,5,5,5,5,5,5,5,5,5,5,5,5,5,5,5,5,5,5,5],"t_ns":51197566686000}}
51209959822000	settle	depth	{"jsonrpc":"2.0","method":"tof.frame","params":{"at_us":23605183,"cols":8,"distance_mm":[222,216,210,211,202,207,217,218,215,216,212,209,205,201,213,223,222,216,218,206,208,211,214,215,217,225,213,206,211,218,217,223,232,213,218,212,215,214,222,224,243,227,231,226,215,222,238,238,246,242,233,227,233,245,238,246,256,253,252,246,245,252,252,268],"rows":8,"seq":320,"status":[5,5,5,5,5,5,5,5,5,5,5,5,5,5,5,5,5,5,5,5,5,5,5,5,5,5,5,5,5,5,5,5,5,5,5,5,5,5,5,5,5,5,5,5,5,5,5,5,5,5,5,5,5,5,5,5,5,5,5,5,5,5,5,5],"t_ns":51197634857000}}
51210035672333	settle	depth	{"jsonrpc":"2.0","method":"tof.frame","params":{"at_us":23680063,"cols":8,"distance_mm":[219,213,209,208,206,203,207,229,220,217,207,206,215,211,217,220,226,220,213,203,213,207,210,222,233,214,205,215,211,210,210,222,237,229,226,215,212,223,222,226,248,231,221,229,222,229,230,238,249,248,239,234,242,244,237,244,267,255,249,245,255,258,258,264],"rows":8,"seq":321,"status":[5,5,5,5,5,5,5,5,5,5,5,5,5,5,5,5,5,5,5,5,5,5,5,5,5,5,5,5,5,5,5,5,5,5,5,5,5,5,5,5,5,5,5,5,5,5,5,5,5,5,5,5,5,5,5,5,5,5,5,5,5,5,5,5],"t_ns":51197709737000}}
51210110758083	settle	depth	{"jsonrpc":"2.0","method":"tof.frame","params":{"at_us":23755510,"cols":8,"distance_mm":[221,214,211,202,204,209,214,225,219,213,214,208,208,205,218,214,220,213,203,208,206,213,213,223,227,216,215,208,213,216,221,228,235,222,223,214,214,221,223,233,243,233,220,219,218,227,234,245,249,240,241,239,230,238,243,245,268,258,248,250,247,260,257,255],"rows":8,"seq":322,"status":[5,5,5,5,5,5,5,5,5,5,5,5,5,5,5,5,5,5,5,5,5,5,5,5,5,5,5,5,5,5,5,5,5,5,5,5,5,5,5,5,5,5,5,5,5,5,5,5,5,5,5,5,5,5,5,5,5,5,5,5,5,5,5,5],"t_ns":51197785185000}}
51210187332500	settle	depth	{"jsonrpc":"2.0","method":"tof.frame","params":{"at_us":23831422,"cols":8,"distance_mm":[226,211,210,210,209,219,214,216,220,213,213,207,204,210,203,230,221,212,209,211,206,215,215,226,224,227,213,207,211,211,216,226,232,219,217,221,213,219,226,233,244,235,226,220,223,232,230,239,254,244,240,236,234,234,238,250,264,250,257,247,251,246,258,270],"rows":8,"seq":323,"status":[5,5,5,5,5,5,5,5,5,5,5,5,5,5,5,5,5,5,5,5,5,5,5,5,5,5,5,5,5,5,5,5,5,5,5,5,5,5,5,5,5,5,5,5,5,5,5,5,5,5,5,5,5,5,5,5,5,5,5,5,5,5,5,5],"t_ns":51197861097000}}
51210261450625	settle	depth	{"jsonrpc":"2.0","method":"tof.frame","params":{"at_us":23905131,"cols":8,"distance_mm":[215,209,209,214,211,207,210,219,218,212,207,207,205,210,213,219,226,215,213,207,204,201,213,221,227,219,211,210,214,216,211,214,230,228,224,216,218,211,235,230,238,234,234,225,222,231,226,247,246,250,245,239,234,236,237,250,269,257,253,250,246,238,264,266],"rows":8,"seq":324,"status":[5,5,5,5,5,5,5,5,5,5,5,5,5,5,5,5,5,5,5,5,5,5,5,5,5,5,5,5,5,5,5,5,5,5,5,5,5,5,5,5,5,5,5,5,5,5,5,5,5,5,5,5,5,5,5,5,5,5,5,5,5,5,5,5],"t_ns":51197934806000}}
51210333082083	settle	depth	{"jsonrpc":"2.0","method":"tof.frame","params":{"at_us":23978159,"cols":8,"distance_mm":[217,215,212,211,213,217,215,218,216,205,210,208,205,214,219,224,224,218,211,212,207,212,216,217,223,214,215,210,210,212,223,228,228,222,222,222,213,215,218,236,242,229,227,219,231,229,229,243,242,243,239,230,238,239,238,251,271,256,253,245,246,243,256,270],"rows":8,"seq":325,"status":[5,5,5,5,5,5,5,5,5,5,5,5,5,5,5,5,5,5,5,5,5,5,5,5,5,5,5,5,5,5,5,5,5,5,5,5,5,5,5,5,5,5,5,5,5,5,5,5,5,5,5,5,5,5,5,5,5,5,5,5,5,5,5,5],"t_ns":51198007835000}}
51210407273166	settle	depth	{"jsonrpc":"2.0","method":"tof.frame","params":{"at_us":24050000,"cols":8,"distance_mm":[219,215,212,209,203,214,212,221,221,220,205,204,205,205,206,226,224,214,212,213,219,209,213,222,223,215,214,208,213,213,221,227,239,227,215,218,218,220,222,227,243,226,223,225,217,226,231,241,252,247,238,235,237,234,243,244,271,260,251,255,249,255,269,268],"rows":8,"seq":326,"status":[5,5,5,5,5,5,5,5,5,5,5,5,5,5,5,5,5,5,5,5,5,5,5,5,5,5,5,5,5,5,5,5,5,5,5,5,5,5,5,5,5,5,5,5,5,5,5,5,5,5,5,5,5,5,5,5,5,5,5,5,5,5,5,5],"t_ns":51198079676000}}
51210482471958	settle	depth	{"jsonrpc":"2.0","method":"tof.frame","params":{"at_us":24127758,"cols":8,"distance_mm":[219,222,211,210,221,204,208,224,222,206,205,214,207,214,216,216,222,220,214,213,209,210,221,221,222,219,216,215,212,214,210,228,225,225,215,216,215,220,227,231,237,230,229,225,228,227,233,237,247,248,231,237,238,241,244,250,262,258,247,250,245,257,255,266],"rows":8,"seq":327,"status":[5,5,5,5,5,5,5,5,5,5,5,5,5,5,5,5,5,5,5,5,5,5,5,5,5,5,5,5,5,5,5,5,5,5,5,5,5,5,5,5,5,5,5,5,5,5,5,5,5,5,5,5,5,5,5,5,5,5,5,5,5,5,5,5],"t_ns":51198157434000}}
51210509842250	rest	phase	start
51210561458750	rest	depth	{"jsonrpc":"2.0","method":"tof.frame","params":{"at_us":24206543,"cols":8,"distance_mm":[226,213,217,207,209,211,217,219,214,210,217,205,203,214,211,220,221,214,210,206,211,213,211,214,225,219,214,207,214,215,212,223,230,222,221,220,218,215,226,226,246,233,228,224,227,225,230,231,251,242,245,230,237,242,241,250,267,265,258,247,251,248,260,265],"rows":8,"seq":328,"status":[5,5,5,5,5,5,5,5,5,5,5,5,5,5,5,5,5,5,5,5,5,5,5,5,5,5,5,5,5,5,5,5,5,5,5,5,5,5,5,5,5,5,5,5,5,5,5,5,5,5,5,5,5,5,5,5,5,5,5,5,5,5,5,5],"t_ns":51198236219000}}
51210642353250	rest	depth	{"jsonrpc":"2.0","method":"tof.frame","params":{"at_us":24286487,"cols":8,"distance_mm":[221,217,221,203,210,212,212,223,223,211,209,202,209,202,210,220,220,207,215,211,214,210,221,217,220,214,206,210,220,216,222,223,229,226,221,223,215,224,222,224,236,228,227,222,238,228,234,241,248,253,238,238,242,239,242,253,268,254,248,251,248,251,259,271],"rows":8,"seq":329,"status":[5,5,5,5,5,5,5,5,5,5,5,5,5,5,5,5,5,5,5,5,5,5,5,5,5,5,5,5,5,5,5,5,5,5,5,5,5,5,5,5,5,5,5,5,5,5,5,5,5,5,5,5,5,5,5,5,5,5,5,5,5,5,5,5],"t_ns":51198316165000}}
51210720712666	rest	depth	{"jsonrpc":"2.0","method":"tof.frame","params":{"at_us":24364645,"cols":8,"distance_mm":[221,222,214,214,215,200,218,222,215,219,207,210,204,207,210,218,220,211,210,207,207,210,213,219,226,218,213,215,215,209,220,225,232,218,218,215,218,221,217,222,233,235,223,231,231,232,235,239,241,237,254,235,233,233,239,246,276,262,252,254,247,250,258,262],"rows":8,"seq":330,"status":[5,5,5,5,5,5,5,5,5,5,5,5,5,5,5,5,5,5,5,5,5,5,5,5,5,5,5,5,5,5,5,5,5,5,5,5,5,5,5,5,5,5,5,5,5,5,5,5,5,5,5,5,5,5,5,5,5,5,5,5,5,5,5,5],"t_ns":51198394322000}}
51210789826625	rest	depth	{"jsonrpc":"2.0","method":"tof.frame","params":{"at_us":24433952,"cols":8,"distance_mm":[218,215,208,209,214,204,216,216,232,217,211,212,210,206,218,221,225,212,216,211,200,210,209,218,224,223,209,214,213,214,225,223,223,227,221,220,211,221,217,223,243,230,228,229,221,229,231,241,245,238,232,239,237,236,235,251,265,257,245,243,252,251,257,269],"rows":8,"seq":331,"status":[5,5,5,5,5,5,5,5,5,5,5,5,5,5,5,5,5,5,5,5,5,5,5,5,5,5,5,5,5,5,5,5,5,5,5,5,5,5,5,5,5,5,5,5,5,5,5,5,5,5,5,5,5,5,5,5,5,5,5,5,5,5,5,5],"t_ns":51198463629000}}
51210865078250	rest	depth	{"jsonrpc":"2.0","method":"tof.frame","params":{"at_us":24509793,"cols":8,"distance_mm":[218,210,212,204,213,207,215,224,220,212,201,210,204,210,217,223,230,219,214,208,209,209,207,211,221,223,217,213,217,215,213,232,231,225,222,217,212,216,219,225,242,232,235,230,229,228,231,244,250,246,239,231,227,244,236,244,273,255,255,257,249,252,264,261],"rows":8,"seq":332,"status":[5,5,5,5,5,5,5,5,5,5,5,5,5,5,5,5,5,5,5,5,5,5,5,5,5,5,5,5,5,5,5,5,5,5,5,5,5,5,5,5,5,5,5,5,5,5,5,5,5,5,5,5,5,5,5,5,5,5,5,5,5,5,5,5],"t_ns":51198539471000}}
51210938872541	rest	depth	{"jsonrpc":"2.0","method":"tof.frame","params":{"at_us":24584518,"cols":8,"distance_mm":[212,211,221,211,205,216,223,220,214,216,206,205,215,212,226,213,215,212,210,210,203,208,215,221,219,216,212,215,215,215,209,220,228,225,217,217,213,218,226,227,241,225,227,224,231,236,233,237,250,241,245,234,235,236,242,248,259,261,250,248,247,256,255,266],"rows":8,"seq":333,"status":[5,5,5,5,5,5,5,5,5,5,5,5,5,5,5,5,5,5,5,5,5,5,5,5,5,5,5,5,5,5,5,5,5,5,5,5,5,5,5,5,5,5,5,5,5,5,5,5,5,5,5,5,5,5,5,5,5,5,5,5,5,5,5,5],"t_ns":51198614197000}}
51211011192333	rest	depth	{"jsonrpc":"2.0","method":"tof.frame","params":{"at_us":24655323,"cols":8,"distance_mm":[225,213,212,206,212,216,214,221,214,214,203,213,201,216,217,223,224,216,218,211,204,210,220,218,225,215,214,208,213,215,215,224,231,232,215,213,225,221,224,234,241,235,234,220,229,223,236,241,251,239,242,233,237,240,243,250,271,252,253,247,251,249,263,270],"rows":8,"seq":334,"status":[5,5,5,5,5,5,5,5,5,5,5,5,5,5,5,5,5,5,5,5,5,5,5,5,5,5,5,5,5,5,5,5,5,5,5,5,5,5,5,5,5,5,5,5,5,5,5,5,5,5,5,5,5,5,5,5,5,5,5,5,5,5,5,5],"t_ns":51198685001000}}
51211091955791	rest	depth	{"jsonrpc":"2.0","method":"tof.frame","params":{"at_us":24734838,"cols":8,"distance_mm":[224,209,212,208,204,218,216,211,222,218,207,208,210,209,213,222,219,217,212,207,211,210,216,225,226,216,212,212,213,212,221,220,234,222,213,214,211,216,230,232,240,230,230,221,223,229,226,240,256,248,240,239,231,238,239,250,267,263,253,247,250,253,251,262],"rows":8,"seq":335,"status":[5,5,5,5,5,5,5,5,5,5,5,5,5,5,5,5,5,5,5,5,5,5,5,5,5,5,5,5,5,5,5,5,5,5,5,5,5,5,5,5,5,5,5,5,5,5,5,5,5,5,5,5,5,5,5,5,5,5,5,5,5,5,5,5],"t_ns":51198764517000}}
51211162419083	rest	depth	{"jsonrpc":"2.0","method":"tof.frame","params":{"at_us":24807449,"cols":8,"distance_mm":[225,213,210,206,220,207,209,222,220,210,210,210,213,213,212,218,229,211,203,210,208,211,211,217,221,218,216,215,211,209,218,229,234,213,217,216,224,213,223,237,234,232,226,222,226,225,239,247,254,245,237,230,239,239,247,251,265,260,252,249,252,256,258,271],"rows":8,"seq":336,"status":[5,5,5,5,5,5,5,5,5,5,5,5,5,5,5,5,5,5,5,5,5,5,5,5,5,5,5,5,5,5,5,5,5,5,5,5,5,5,5,5,5,5,5,5,5,5,5,5,5,5,5,5,5,5,5,5,5,5,5,5,5,5,5,5],"t_ns":51198837128000}}
51211233700750	rest	depth	{"jsonrpc":"2.0","method":"tof.frame","params":{"at_us":24878691,"cols":8,"distance_mm":[225,216,214,203,211,220,212,219,227,213,207,208,211,206,214,219,224,219,211,210,213,212,223,215,220,218,211,217,211,217,224,221,227,229,217,217,213,223,218,220,242,228,235,226,224,220,233,234,251,237,243,229,232,237,236,250,270,256,256,246,245,249,257,269],"rows":8,"seq":337,"status":[5,5,5,5,5,5,5,5,5,5,5,5,5,5,5,5,5,5,5,5,5,5,5,5,5,5,5,5,5,5,5,5,5,5,5,5,5,5,5,5,5,5,5,5,5,5,5,5,5,5,5,5,5,5,5,5,5,5,5,5,5,5,5,5],"t_ns":51198908371000}}
51211311301625	rest	depth	{"jsonrpc":"2.0","method":"tof.frame","params":{"at_us":24956092,"cols":8,"distance_mm":[217,216,212,207,207,213,210,222,226,214,208,217,211,211,215,220,223,214,214,208,220,208,212,221,218,214,216,208,220,212,214,225,229,222,225,216,218,219,226,239,238,232,226,226,217,223,222,242,251,241,242,235,240,234,237,248,267,254,252,254,249,260,259,273],"rows":8,"seq":338,"status":[5,5,5,5,5,5,5,5,5,5,5,5,5,5,5,5,5,5,5,5,5,5,5,5,5,5,5,5,5,5,5,5,5,5,5,5,5,5,5,5,5,5,5,5,5,5,5,5,5,5,5,5,5,5,5,5,5,5,5,5,5,5,5,5],"t_ns":51198985772000}}
51211389131041	rest	depth	{"jsonrpc":"2.0","method":"tof.frame","params":{"at_us":25034780,"cols":8,"distance_mm":[222,204,210,199,205,211,217,224,227,214,205,213,209,208,215,224,222,209,211,216,214,216,215,203,226,217,217,214,214,214,219,224,227,215,215,219,218,220,225,236,244,222,223,226,229,229,231,239,251,240,234,236,247,238,243,261,271,252,252,242,249,250,253,274],"rows":8,"seq":339,"status":[5,5,5,5,5,5,5,5,5,5,5,5,5,5,5,5,5,5,5,5,5,5,5,5,5,5,5,5,5,5,5,5,5,5,5,5,5,5,5,5,5,5,5,5,5,5,5,5,5,5,5,5,5,5,5,5,5,5,5,5,5,5,5,5],"t_ns":51199064460000}}
51211463473833	rest	depth	{"jsonrpc":"2.0","method":"tof.frame","params":{"at_us":25106404,"cols":8,"distance_mm":[225,213,207,209,205,210,218,221,220,217,203,210,207,211,206,215,221,226,205,207,222,212,219,220,232,220,216,217,210,213,214,230,221,223,216,216,219,222,227,224,234,235,226,227,224,235,229,243,248,245,242,235,231,235,242,245,266,258,251,254,243,251,259,259],"rows":8,"seq":340,"status":[5,5,5,5,5,5,5,5,5,5,5,5,5,5,5,5,5,5,5,5,5,5,5,5,5,5,5,5,5,5,5,5,5,5,5,5,5,5,5,5,5,5,5,5,5,5,5,5,5,5,5,5,5,5,5,5,5,5,5,5,5,5,5,5],"t_ns":51199136085000}}
51211530595416	rest	depth	{"jsonrpc":"2.0","method":"tof.frame","params":{"at_us":25176178,"cols":8,"distance_mm":[226,209,213,207,208,214,206,221,226,201,207,214,206,210,214,219,227,220,219,207,206,209,213,231,227,216,208,215,206,219,216,229,231,226,226,216,216,218,220,231,238,227,221,223,229,233,234,244,258,236,240,238,232,237,253,252,260,257,244,252,259,253,260,264],"rows":8,"seq":341,"status":[5,5,5,5,5,5,5,5,5,5,5,5,5,5,5,5,5,5,5,5,5,5,5,5,5,5,5,5,5,5,5,5,5,5,5,5,5,5,5,5,5,5,5,5,5,5,5,5,5,5,5,5,5,5,5,5,5,5,5,5,5,5,5,5],"t_ns":51199205859000}}
51211602452500	rest	depth	{"jsonrpc":"2.0","method":"tof.frame","params":{"at_us":25247203,"cols":8,"distance_mm":[220,218,210,207,208,209,219,219,219,218,214,212,206,212,209,215,217,223,205,208,208,214,214,220,229,224,219,216,214,211,215,218,230,218,219,220,218,224,220,230,237,232,231,225,229,229,237,240,249,238,246,238,229,232,242,249,269,255,256,249,240,246,260,266],"rows":8,"seq":342,"status":[5,5,5,5,5,5,5,5,5,5,5,5,5,5,5,5,5,5,5,5,5,5,5,5,5,5,5,5,5,5,5,5,5,5,5,5,5,5,5,5,5,5,5,5,5,5,5,5,5,5,5,5,5,5,5,5,5,5,5,5,5,5,5,5],"t_ns":51199276884000}}
51211683545375	rest	depth	{"jsonrpc":"2.0","method":"tof.frame","params":{"at_us":25327299,"cols":8,"distance_mm":[215,219,216,214,214,212,217,221,215,210,209,205,206,209,215,215,219,219,206,208,209,207,212,218,225,219,217,206,217,218,221,223,230,229,219,215,210,217,216,227,240,236,228,220,230,221,233,235,252,251,235,234,238,236,239,256,263,257,253,247,249,254,253,265],"rows":8,"seq":343,"status":[5,5,5,5,5,5,5,5,5,5,5,5,5,5,5,5,5,5,5,5,5,5,5,5,5,5,5,5,5,5,5,5,5,5,5,5,5,5,5,5,5,5,5,5,5,5,5,5,5,5,5,5,5,5,5,5,5,5,5,5,5,5,5,5],"t_ns":51199356980000}}
51211752989208	rest	depth	{"jsonrpc":"2.0","method":"tof.frame","params":{"at_us":25396568,"cols":8,"distance_mm":[215,221,210,215,215,205,214,223,230,220,210,214,203,211,209,216,227,214,212,206,207,207,213,223,230,219,210,207,218,219,221,220,235,223,229,223,225,220,222,235,249,229,229,225,217,225,232,238,253,243,236,231,232,233,248,254,269,252,255,242,251,246,252,270],"rows":8,"seq":344,"status":[5,5,5,5,5,5,5,5,5,5,5,5,5,5,5,5,5,5,5,5,5,5,5,5,5,5,5,5,5,5,5,5,5,5,5,5,5,5,5,5,5,5,5,5,5,5,5,5,5,5,5,5,5,5,5,5,5,5,5,5,5,5,5,5],"t_ns":51199426250000}}
51211828094500	rest	depth	{"jsonrpc":"2.0","method":"tof.frame","params":{"at_us":25472487,"cols":8,"distance_mm":[224,216,217,207,213,211,213,223,224,210,220,211,208,207,212,222,216,206,206,222,209,214,213,228,217,213,212,209,212,213,210,225,235,220,215,222,213,218,214,233,237,234,227,220,225,223,235,244,248,242,235,237,237,237,240,256,268,258,253,250,249,250,265,262],"rows":8,"seq":345,"status":[5,5,5,5,5,5,5,5,5,5,5,5,5,5,5,5,5,5,5,5,5,5,5,5,5,5,5,5,5,5,5,5,5,5,5,5,5,5,5,5,5,5,5,5,5,5,5,5,5,5,5,5,5,5,5,5,5,5,5,5,5,5,5,5],"t_ns":51199502169000}}
51211905522333	rest	depth	{"jsonrpc":"2.0","method":"tof.frame","params":{"at_us":25549846,"cols":8,"distance_mm":[216,212,212,212,207,211,213,222,213,222,211,207,203,214,215,217,224,219,218,211,206,215,215,224,221,218,208,217,208,214,214,230,227,228,225,223,214,220,231,231,242,229,226,226,221,226,229,240,243,246,247,242,238,235,247,247,269,265,246,248,242,248,262,268],"rows":8,"seq":346,"status":[5,5,5,5,5,5,5,5,5,5,5,5,5,5,5,5,5,5,5,5,5,5,5,5,5,5,5,5,5,5,5,5,5,5,5,5,5,5,5,5,5,5,5,5,5,5,5,5,5,5,5,5,5,5,5,5,5,5,5,5,5,5,5,5],"t_ns":51199579528000}}
51211982115291	rest	depth	{"jsonrpc":"2.0","method":"tof.frame","params":{"at_us":25627215,"cols":8,"distance_mm":[223,207,207,208,211,212,214,224,220,218,209,200,216,208,216,222,221,213,206,211,207,213,217,223,222,215,214,215,214,212,216,222,232,228,224,210,220,213,226,225,242,239,218,228,232,222,235,240,258,244,233,234,238,235,243,247,268,254,249,247,249,260,263,264],"rows":8,"seq":347,"status":[5,5,5,5,5,5,5,5,5,5,5,5,5,5,5,5,5,5,5,5,5,5,5,5,5,5,5,5,5,5,5,5,5,5,5,5,5,5,5,5,5,5,5,5,5,5,5,5,5,5,5,5,5,5,5,5,5,5,5,5,5,5,5,5],"t_ns":51199656897000}}
51212051789416	rest	depth	{"jsonrpc":"2.0","method":"tof.frame","params":{"at_us":25695452,"cols":8,"distance_mm":[222,209,213,215,207,217,213,219,215,211,211,211,205,216,214,225,224,219,216,212,214,213,220,223,218,221,216,208,209,215,223,218,231,228,223,219,217,213,220,232,237,238,230,223,225,223,233,237,257,232,238,232,246,239,232,249,268,257,253,251,246,247,261,274],"rows":8,"seq":348,"status":[5,5,5,5,5,5,5,5,5,5,5,5,5,5,5,5,5,5,5,5,5,5,5,5,5,5,5,5,5,5,5,5,5,5,5,5,5,5,5,5,5,5,5,5,5,5,5,5,5,5,5,5,5,5,5,5,5,5,5,5,5,5,5,5],"t_ns":51199725135000}}
51212126916250	rest	depth	{"jsonrpc":"2.0","method":"tof.frame","params":{"at_us":25772346,"cols":8,"distance_mm":[221,214,211,214,202,213,202,225,216,218,210,209,210,207,208,224,220,224,209,208,205,214,221,219,218,214,205,223,214,217,210,228,232,221,225,216,220,228,218,244,245,233,225,220,217,225,223,237,261,240,234,233,237,247,250,249,273,264,253,249,254,251,263,270],"rows":8,"seq":349,"status":[5,5,5,5,5,5,5,5,5,5,5,5,5,5,5,5,5,5,5,5,5,5,5,5,5,5,5,5,5,5,5,5,5,5,5,5,5,5,5,5,5,5,5,5,5,5,5,5,5,5,5,5,5,5,5,5,5,5,5,5,5,5,5,5],"t_ns":51199802028000}}
51212198453458	rest	depth	{"jsonrpc":"2.0","method":"tof.frame","params":{"at_us":25843064,"cols":8,"distance_mm":[222,218,207,205,208,214,210,214,212,207,209,206,210,215,221,217,227,218,211,211,200,211,210,220,226,224,219,212,211,209,219,223,235,231,218,220,205,224,223,237,241,230,223,225,219,230,234,238,258,242,237,225,238,238,241,249,267,256,246,247,251,255,256,267],"rows":8,"seq":350,"status":[5,5,5,5,5,5,5,5,5,5,5,5,5,5,5,5,5,5,5,5,5,5,5,5,5,5,5,5,5,5,5,5,5,5,5,5,5,5,5,5,5,5,5,5,5,5,5,5,5,5,5,5,5,5,5,5,5,5,5,5,5,5,5,5],"t_ns":51199872747000}}
51212267001833	rest	depth	{"jsonrpc":"2.0","method":"tof.frame","params":{"at_us":25911649,"cols":8,"distance_mm":[217,220,215,209,211,199,217,222,219,206,214,206,212,215,216,220,219,210,210,202,207,210,217,224,228,208,212,206,212,206,221,235,230,231,222,224,217,223,219,230,243,235,227,221,220,225,233,239,250,244,238,236,232,239,239,247,266,263,254,245,245,253,259,263],"rows":8,"seq":351,"status":[5,5,5,5,5,5,5,5,5,5,5,5,5,5,5,5,5,5,5,5,5,5,5,5,5,5,5,5,5,5,5,5,5,5,5,5,5,5,5,5,5,5,5,5,5,5,5,5,5,5,5,5,5,5,5,5,5,5,5,5,5,5,5,5],"t_ns":51199941332000}}
51212345997083	rest	depth	{"jsonrpc":"2.0","method":"tof.frame","params":{"at_us":25989271,"cols":8,"distance_mm":[230,215,210,200,204,212,217,223,219,209,212,210,205,214,209,222,218,213,207,207,205,209,210,228,231,218,214,207,207,217,213,222,233,219,217,212,219,216,221,236,247,229,222,225,226,226,235,241,259,248,237,237,242,236,252,252,266,260,256,252,254,252,259,262],"rows":8,"seq":352,"status":[5,5,5,5,5,5,5,5,5,5,5,5,5,5,5,5,5,5,5,5,5,5,5,5,5,5,5,5,5,5,5,5,5,5,5,5,5,5,5,5,5,5,5,5,5,5,5,5,5,5,5,5,5,5,5,5,5,5,5,5,5,5,5,5],"t_ns":51200018954000}}
51212414660125	rest	depth	{"jsonrpc":"2.0","method":"tof.frame","params":{"at_us":26059662,"cols":8,"distance_mm":[223,217,216,209,220,210,214,216,225,214,210,209,207,208,214,215,223,215,209,210,211,210,218,227,228,220,206,211,218,214,216,225,229,226,219,223,214,214,230,226,242,227,225,220,222,221,233,240,254,246,245,234,234,240,242,255,264,257,257,243,250,258,251,270],"rows":8,"seq":353,"status":[5,5,5,5,5,5,5,5,5,5,5,5,5,5,5,5,5,5,5,5,5,5,5,5,5,5,5,5,5,5,5,5,5,5,5,5,5,5,5,5,5,5,5,5,5,5,5,5,5,5,5,5,5,5,5,5,5,5,5,5,5,5,5,5],"t_ns":51200089347000}}
51212491277583	rest	depth	{"jsonrpc":"2.0","method":"tof.frame","params":{"at_us":26135083,"cols":8,"distance_mm":[218,217,215,214,202,203,209,222,216,215,210,208,207,208,217,218,218,223,212,210,210,208,212,223,229,220,214,210,211,215,220,224,229,224,215,218,224,222,227,231,240,233,229,224,225,227,230,241,249,239,243,235,228,238,241,254,264,259,262,253,248,248,259,276],"rows":8,"seq":354,"status":[5,5,5,5,5,5,5,5,5,5,5,5,5,5,5,5,5,5,5,5,5,5,5,5,5,5,5,5,5,5,5,5,5,5,5,5,5,5,5,5,5,5,5,5,5,5,5,5,5,5,5,5,5,5,5,5,5,5,5,5,5,5,5,5],"t_ns":51200164767000}}
51212563803541	rest	depth	{"jsonrpc":"2.0","method":"tof.frame","params":{"at_us":26207069,"cols":8,"distance_mm":[218,216,205,211,203,213,218,225,219,207,214,218,205,212,209,220,211,216,210,204,210,215,211,221,220,218,210,213,210,221,221,220,235,220,222,213,223,225,221,234,237,227,233,224,227,232,234,243,248,245,233,240,233,238,242,249,262,262,259,253,253,251,265,263],"rows":8,"seq":355,"status":[5,5,5,5,5,5,5,5,5,5,5,5,5,5,5,5,5,5,5,5,5,5,5,5,5,5,5,5,5,5,5,5,5,5,5,5,5,5,5,5,5,5,5,5,5,5,5,5,5,5,5,5,5,5,5,5,5,5,5,5,5,5,5,5],"t_ns":51200236754000}}
51212638154625	rest	depth	{"jsonrpc":"2.0","method":"tof.frame","params":{"at_us":26283693,"cols":8,"distance_mm":[213,217,206,208,208,212,219,216,217,220,213,210,207,212,207,219,221,218,214,206,206,212,210,213,225,222,215,212,220,215,225,229,237,220,223,210,215,211,219,226,243,231,227,230,220,224,231,237,250,245,241,238,229,238,239,246,280,253,250,256,247,260,264,271],"rows":8,"seq":356,"status":[5,5,5,5,5,5,5,5,5,5,5,5,5,5,5,5,5,5,5,5,5,5,5,5,5,5,5,5,5,5,5,5,5,5,5,5,5,5,5,5,5,5,5,5,5,5,5,5,5,5,5,5,5,5,5,5,5,5,5,5,5,5,5,5],"t_ns":51200313378000}}
51212707492500	rest	depth	{"jsonrpc":"2.0","method":"tof.frame","params":{"at_us":26351746,"cols":8,"distance_mm":[225,220,205,208,210,218,215,219,217,215,208,205,207,211,214,219,220,224,211,210,214,201,213,220,227,215,215,214,207,212,224,223,230,222,221,214,221,219,221,227,237,225,225,225,224,224,228,240,254,241,240,240,233,237,246,245,265,261,249,255,248,253,253,267],"rows":8,"seq":357,"status":[5,5,5,5,5,5,5,5,5,5,5,5,5,5,5,5,5,5,5,5,5,5,5,5,5,5,5,5,5,5,5,5,5,5,5,5,5,5,5,5,5,5,5,5,5,5,5,5,5,5,5,5,5,5,5,5,5,5,5,5,5,5,5,5],"t_ns":51200381432000}}
51212786050125	rest	depth	{"jsonrpc":"2.0","method":"tof.frame","params":{"at_us":26429390,"cols":8,"distance_mm":[217,213,212,217,205,209,215,214,224,217,201,210,201,211,218,215,220,212,202,202,210,207,217,225,222,218,221,210,211,216,218,235,230,229,213,214,217,223,222,232,240,233,224,228,233,224,232,230,247,247,236,231,240,237,241,254,269,252,255,239,255,246,261,267],"rows":8,"seq":358,"status":[5,5,5,5,5,5,5,5,5,5,5,5,5,5,5,5,5,5,5,5,5,5,5,5,5,5,5,5,5,5,5,5,5,5,5,5,5,5,5,5,5,5,5,5,5,5,5,5,5,5,5,5,5,5,5,5,5,5,5,5,5,5,5,5],"t_ns":51200459076000}}
51212855791375	rest	depth	{"jsonrpc":"2.0","method":"tof.frame","params":{"at_us":26500548,"cols":8,"distance_mm":[224,219,215,206,205,211,223,217,220,217,214,200,213,205,215,214,216,218,205,211,208,214,220,220,228,209,211,215,215,215,217,229,231,225,221,218,219,213,227,231,231,230,231,232,225,221,236,244,251,241,237,237,238,235,238,254,270,260,249,256,251,253,255,270],"rows":8,"seq":359,"status":[5,5,5,5,5,5,5,5,5,5,5,5,5,5,5,5,5,5,5,5,5,5,5,5,5,5,5,5,5,5,5,5,5,5,5,5,5,5,5,5,5,5,5,5,5,5,5,5,5,5,5,5,5,5,5,5,5,5,5,5,5,5,5,5],"t_ns":51200530234000}}
51212934392125	rest	depth	{"jsonrpc":"2.0","method":"tof.frame","params":{"at_us":26577597,"cols":8,"distance_mm":[220,212,219,199,209,212,218,227,222,217,212,210,214,209,213,219,223,214,209,211,207,210,213,227,221,216,215,211,217,213,219,219,229,224,220,216,225,223,229,230,244,225,225,226,223,226,235,240,252,246,240,235,234,234,240,251,270,249,258,254,254,254,252,259],"rows":8,"seq":360,"status":[5,5,5,5,5,5,5,5,5,5,5,5,5,5,5,5,5,5,5,5,5,5,5,5,5,5,5,5,5,5,5,5,5,5,5,5,5,5,5,5,5,5,5,5,5,5,5,5,5,5,5,5,5,5,5,5,5,5,5,5,5,5,5,5],"t_ns":51200607283000}}
51213003684791	rest	depth	{"jsonrpc":"2.0","method":"tof.frame","params":{"at_us":26647760,"cols":8,"distance_mm":[229,209,210,217,207,214,211,223,224,209,208,209,215,209,215,222,225,213,206,207,204,209,214,218,224,220,217,212,216,215,215,220,237,214,218,215,217,220,223,230,243,236,229,225,222,226,232,241,252,234,239,234,242,239,249,236,273,259,256,254,250,246,259,261],"rows":8,"seq":361,"status":[5,5,5,5,5,5,5,5,5,5,5,5,5,5,5,5,5,5,5,5,5,5,5,5,5,5,5,5,5,5,5,5,5,5,5,5,5,5,5,5,5,5,5,5,5,5,5,5,5,5,5,5,5,5,5,5,5,5,5,5,5,5,5,5],"t_ns":51200677447000}}
51213081611708	rest	depth	{"jsonrpc":"2.0","method":"tof.frame","params":{"at_us":26726157,"cols":8,"distance_mm":[218,217,209,209,208,213,214,223,214,220,212,205,214,207,216,217,222,222,212,207,202,211,209,217,226,228,219,211,216,212,215,229,233,227,222,220,218,219,222,233,234,236,227,227,223,230,230,239,254,236,236,234,236,241,249,251,276,262,252,243,245,257,258,265],"rows":8,"seq":362,"status":[5,5,5,5,5,5,5,5,5,5,5,5,5,5,5,5,5,5,5,5,5,5,5,5,5,5,5,5,5,5,5,5,5,5,5,5,5,5,5,5,5,5,5,5,5,5,5,5,5,5,5,5,5,5,5,5,5,5,5,5,5,5,5,5],"t_ns":51200755845000}}
51213162749208	rest	depth	{"jsonrpc":"2.0","method":"tof.frame","params":{"at_us":26806677,"cols":8,"distance_mm":[220,214,211,208,215,207,213,220,219,219,205,211,210,215,211,216,223,219,211,208,213,211,214,218,224,222,212,213,210,209,218,221,236,223,218,220,216,219,229,239,234,235,225,225,225,232,228,240,247,249,241,233,235,236,245,248,271,255,251,248,248,246,265,262],"rows":8,"seq":363,"status":[5,5,5,5,5,5,5,5,5,5,5,5,5,5,5,5,5,5,5,5,5,5,5,5,5,5,5,5,5,5,5,5,5,5,5,5,5,5,5,5,5,5,5,5,5,5,5,5,5,5,5,5,5,5,5,5,5,5,5,5,5,5,5,5],"t_ns":51200836365000}}
51213235499041	rest	depth	{"jsonrpc":"2.0","method":"tof.frame","params":{"at_us":26878209,"cols":8,"distance_mm":[223,213,204,209,206,206,215,220,219,219,213,203,209,213,214,230,223,219,208,216,214,206,206,224,222,216,213,215,211,212,218,227,229,227,217,211,212,224,222,232,241,236,227,228,224,230,233,241,256,239,236,234,241,235,237,254,266,257,248,245,244,260,262,262],"rows":8,"seq":364,"status":[5,5,5,5,5,5,5,5,5,5,5,5,5,5,5,5,5,5,5,5,5,5,5,5,5,5,5,5,5,5,5,5,5,5,5,5,5,5,5,5,5,5,5,5,5,5,5,5,5,5,5,5,5,5,5,5,5,5,5,5,5,5,5,5],"t_ns":51200907897000}}
51213309008041	rest	depth	{"jsonrpc":"2.0","method":"tof.frame","params":{"at_us":26951936,"cols":8,"distance_mm":[226,213,215,210,209,211,209,221,221,216,211,211,205,208,212,223,222,214,215,218,214,209,218,218,224,216,215,212,208,217,225,228,233,223,220,217,219,228,223,224,242,240,228,226,220,224,235,231,251,244,233,235,236,236,243,250,259,256,253,255,253,250,270,264],"rows":8,"seq":365,"status":[5,5,5,5,5,5,5,5,5,5,5,5,5,5,5,5,5,5,5,5,5,5,5,5,5,5,5,5,5,5,5,5,5,5,5,5,5,5,5,5,5,5,5,5,5,5,5,5,5,5,5,5,5,5,5,5,5,5,5,5,5,5,5,5],"t_ns":51200981624000}}
51213381677958	rest	depth	{"jsonrpc":"2.0","method":"tof.frame","params":{"at_us":27026058,"cols":8,"distance_mm":[217,211,216,202,212,208,220,216,213,217,207,204,208,206,217,217,217,208,213,211,211,205,212,225,225,224,214,214,209,213,220,223,225,225,218,216,213,210,230,229,240,234,226,221,221,232,230,240,248,248,242,229,234,244,243,252,270,256,250,256,243,252,257,266],"rows":8,"seq":366,"status":[5,5,5,5,5,5,5,5,5,5,5,5,5,5,5,5,5,5,5,5,5,5,5,5,5,5,5,5,5,5,5,5,5,5,5,5,5,5,5,5,5,5,5,5,5,5,5,5,5,5,5,5,5,5,5,5,5,5,5,5,5,5,5,5],"t_ns":51201055746000}}
51213460933333	rest	depth	{"jsonrpc":"2.0","method":"tof.frame","params":{"at_us":27103808,"cols":8,"distance_mm":[221,220,216,207,212,216,218,225,218,212,213,213,206,210,215,216,221,215,209,208,210,213,220,225,224,217,216,213,214,210,219,226,233,220,219,216,221,225,215,226,239,234,231,218,226,223,232,242,254,248,243,234,226,236,244,254,259,254,251,247,246,251,261,269],"rows":8,"seq":367,"status":[5,5,5,5,5,5,5,5,5,5,5,5,5,5,5,5,5,5,5,5,5,5,5,5,5,5,5,5,5,5,5,5,5,5,5,5,5,5,5,5,5,5,5,5,5,5,5,5,5,5,5,5,5,5,5,5,5,5,5,5,5,5,5,5],"t_ns":51201133496000}}
51213532947541	rest	depth	{"jsonrpc":"2.0","method":"tof.frame","params":{"at_us":27178439,"cols":8,"distance_mm":[219,213,213,210,209,214,217,229,224,214,209,215,205,213,221,221,221,211,211,213,210,214,222,219,227,229,212,216,214,213,218,221,236,229,218,220,221,215,215,228,244,235,226,223,227,230,231,242,252,244,231,241,237,235,245,250,271,255,250,247,248,257,251,264],"rows":8,"seq":368,"status":[5,5,5,5,5,5,5,5,5,5,5,5,5,5,5,5,5,5,5,5,5,5,5,5,5,5,5,5,5,5,5,5,5,5,5,5,5,5,5,5,5,5,5,5,5,5,5,5,5,5,5,5,5,5,5,5,5,5,5,5,5,5,5,5],"t_ns":51201208128000}}
51213608228416	rest	depth	{"jsonrpc":"2.0","method":"tof.frame","params":{"at_us":27252185,"cols":8,"distance_mm":[221,215,218,210,201,207,213,220,219,215,213,207,204,210,214,220,221,230,214,201,204,209,217,219,224,220,215,215,211,217,216,225,228,229,226,216,217,213,222,231,239,227,232,225,216,223,226,233,250,238,232,236,233,235,239,250,263,260,251,249,256,245,262,266],"rows":8,"seq":369,"status":[5,5,5,5,5,5,5,5,5,5,5,5,5,5,5,5,5,5,5,5,5,5,5,5,5,5,5,5,5,5,5,5,5,5,5,5,5,5,5,5,5,5,5,5,5,5,5,5,5,5,5,5,5,5,5,5,5,5,5,5,5,5,5,5],"t_ns":51201281875000}}
51213686772000	rest	depth	{"jsonrpc":"2.0","method":"tof.frame","params":{"at_us":27330911,"cols":8,"distance_mm":[225,217,214,218,210,202,222,217,221,215,212,209,203,211,206,226,222,206,209,209,210,210,216,214,223,216,214,207,214,218,220,221,231,221,213,223,209,221,225,226,240,227,226,224,224,223,217,244,251,249,240,239,236,235,241,243,266,258,251,262,252,252,261,269],"rows":8,"seq":370,"status":[5,5,5,5,5,5,5,5,5,5,5,5,5,5,5,5,5,5,5,5,5,5,5,5,5,5,5,5,5,5,5,5,5,5,5,5,5,5,5,5,5,5,5,5,5,5,5,5,5,5,5,5,5,5,5,5,5,5,5,5,5,5,5,5],"t_ns":51201360600000}}
51213764978291	rest	depth	{"jsonrpc":"2.0","method":"tof.frame","params":{"at_us":27408801,"cols":8,"distance_mm":[220,213,214,207,210,211,210,224,223,217,211,207,207,209,214,225,217,219,206,216,208,215,221,218,225,216,224,208,205,218,217,225,228,225,221,219,223,225,227,231,238,235,228,226,229,224,230,234,251,244,240,232,233,244,246,244,268,263,257,252,250,252,254,262],"rows":8,"seq":371,"status":[5,5,5,5,5,5,5,5,5,5,5,5,5,5,5,5,5,5,5,5,5,5,5,5,5,5,5,5,5,5,5,5,5,5,5,5,5,5,5,5,5,5,5,5,5,5,5,5,5,5,5,5,5,5,5,5,5,5,5,5,5,5,5,5],"t_ns":51201438491000}}
51213834490375	rest	depth	{"jsonrpc":"2.0","method":"tof.frame","params":{"at_us":27477494,"cols":8,"distance_mm":[222,219,210,218,211,212,214,212,223,217,203,214,205,208,216,215,225,221,212,211,217,212,217,232,222,219,219,210,200,210,220,229,232,224,223,217,221,219,221,233,248,235,224,225,220,225,232,237,247,244,238,243,232,231,238,258,262,258,251,246,252,249,251,266],"rows":8,"seq":372,"status":[5,5,5,5,5,5,5,5,5,5,5,5,5,5,5,5,5,5,5,5,5,5,5,5,5,5,5,5,5,5,5,5,5,5,5,5,5,5,5,5,5,5,5,5,5,5,5,5,5,5,5,5,5,5,5,5,5,5,5,5,5,5,5,5],"t_ns":51201507184000}}
51213912668916	rest	depth	{"jsonrpc":"2.0","method":"tof.frame","params":{"at_us":27555486,"cols":8,"distance_mm":[215,211,215,213,207,217,217,212,223,212,206,207,209,215,223,222,227,217,212,211,206,212,214,218,230,217,213,220,209,212,216,232,227,222,219,213,220,220,232,230,244,231,224,222,221,232,231,232,251,242,239,232,246,242,232,255,267,261,247,243,249,248,265,267],"rows":8,"seq":373,"status":[5,5,5,5,5,5,5,5,5,5,5,5,5,5,5,5,5,5,5,5,5,5,5,5,5,5,5,5,5,5,5,5,5,5,5,5,5,5,5,5,5,5,5,5,5,5,5,5,5,5,5,5,5,5,5,5,5,5,5,5,5,5,5,5],"t_ns":51201585176000}}
51213989408375	rest	depth	{"jsonrpc":"2.0","method":"tof.frame","params":{"at_us":27633548,"cols":8,"distance_mm":[223,217,214,209,204,209,214,217,211,211,212,208,208,214,216,215,219,219,211,209,205,216,221,218,232,223,217,205,216,218,218,233,232,231,223,221,212,221,220,225,228,233,218,227,231,222,239,243,246,238,241,232,240,240,241,250,266,261,260,246,244,254,256,258],"rows":8,"seq":374,"status":[5,5,5,5,5,5,5,5,5,5,5,5,5,5,5,5,5,5,5,5,5,5,5,5,5,5,5,5,5,5,5,5,5,5,5,5,5,5,5,5,5,5,5,5,5,5,5,5,5,5,5,5,5,5,5,5,5,5,5,5,5,5,5,5],"t_ns":51201663239000}}
51214071189000	rest	depth	{"jsonrpc":"2.0","method":"tof.frame","params":{"at_us":27714196,"cols":8,"distance_mm":[223,212,207,204,210,206,211,219,227,215,209,212,215,204,215,224,213,218,212,211,203,206,215,208,228,221,210,218,211,211,208,227,223,222,218,226,217,221,230,230,238,230,219,222,229,229,229,237,244,249,237,239,242,245,250,252,261,260,258,243,250,250,259,267],"rows":8,"seq":375,"status":[5,5,5,5,5,5,5,5,5,5,5,5,5,5,5,5,5,5,5,5,5,5,5,5,5,5,5,5,5,5,5,5,5,5,5,5,5,5,5,5,5,5,5,5,5,5,5,5,5,5,5,5,5,5,5,5,5,5,5,5,5,5,5,5],"t_ns":51201743888000}}
51214146576500	rest	depth	{"jsonrpc":"2.0","method":"tof.frame","params":{"at_us":27790325,"cols":8,"distance_mm":[218,221,214,207,203,210,209,222,216,210,212,211,211,215,212,221,227,219,209,211,219,213,216,220,224,217,210,216,212,213,210,220,236,229,211,221,218,212,227,231,239,229,232,215,220,237,229,235,250,243,242,229,232,234,251,254,272,250,249,253,244,250,257,267],"rows":8,"seq":376,"status":[5,5,5,5,5,5,5,5,5,5,5,5,5,5,5,5,5,5,5,5,5,5,5,5,5,5,5,5,5,5,5,5,5,5,5,5,5,5,5,5,5,5,5,5,5,5,5,5,5,5,5,5,5,5,5,5,5,5,5,5,5,5,5,5],"t_ns":51201820016000}}
51214214814541	rest	depth	{"jsonrpc":"2.0","method":"tof.frame","params":{"at_us":27858327,"cols":8,"distance_mm":[216,214,207,211,214,217,223,219,222,222,199,209,204,211,212,219,221,219,211,212,209,210,218,224,223,221,217,213,209,208,222,223,229,222,214,218,216,228,224,229,241,229,226,223,231,223,236,250,251,243,236,238,237,235,246,253,265,261,252,252,248,252,257,267],"rows":8,"seq":377,"status":[5,5,5,5,5,5,5,5,5,5,5,5,5,5,5,5,5,5,5,5,5,5,5,5,5,5,5,5,5,5,5,5,5,5,5,5,5,5,5,5,5,5,5,5,5,5,5,5,5,5,5,5,5,5,5,5,5,5,5,5,5,5,5,5],"t_ns":51201888018000}}
51214288344750	rest	depth	{"jsonrpc":"2.0","method":"tof.frame","params":{"at_us":27933660,"cols":8,"distance_mm":[218,213,210,221,214,212,218,218,221,208,207,208,207,211,216,216,223,217,215,202,213,209,220,227,223,222,217,212,207,213,217,222,231,228,223,212,215,218,223,219,248,231,227,231,226,221,224,248,248,242,237,243,240,238,248,253,264,256,257,256,257,254,261,263],"rows":8,"seq":378,"status":[5,5,5,5,5,5,5,5,5,5,5,5,5,5,5,5,5,5,5,5,5,5,5,5,5,5,5,5,5,5,5,5,5,5,5,5,5,5,5,5,5,5,5,5,5,5,5,5,5,5,5,5,5,5,5,5,5,5,5,5,5,5,5,5],"t_ns":51201963352000}}
51214365472750	rest	depth	{"jsonrpc":"2.0","method":"tof.frame","params":{"at_us":28010894,"cols":8,"distance_mm":[224,217,212,209,210,213,213,222,217,222,210,210,209,219,212,213,219,216,212,200,213,207,212,223,228,217,214,208,207,211,226,224,234,223,219,211,218,218,218,234,238,227,223,227,222,218,239,232,253,246,244,233,234,243,247,255,268,258,253,256,246,248,262,267],"rows":8,"seq":379,"status":[5,5,5,5,5,5,5,5,5,5,5,5,5,5,5,5,5,5,5,5,5,5,5,5,5,5,5,5,5,5,5,5,5,5,5,5,5,5,5,5,5,5,5,5,5,5,5,5,5,5,5,5,5,5,5,5,5,5,5,5,5,5,5,5],"t_ns":51202040586000}}
51214439672041	rest	depth	{"jsonrpc":"2.0","method":"tof.frame","params":{"at_us":28083154,"cols":8,"distance_mm":[219,217,213,213,211,212,227,220,213,213,210,210,209,213,215,222,220,218,213,208,208,217,217,220,222,219,209,215,206,211,211,229,219,216,219,218,215,223,227,233,243,231,227,231,230,229,230,244,250,239,240,245,247,238,246,245,272,262,247,250,252,255,257,266],"rows":8,"seq":380,"status":[5,5,5,5,5,5,5,5,5,5,5,5,5,5,5,5,5,5,5,5,5,5,5,5,5,5,5,5,5,5,5,5,5,5,5,5,5,5,5,5,5,5,5,5,5,5,5,5,5,5,5,5,5,5,5,5,5,5,5,5,5,5,5,5],"t_ns":51202112847000}}
51214513985750	rest	depth	{"jsonrpc":"2.0","method":"tof.frame","params":{"at_us":28157384,"cols":8,"distance_mm":[229,214,215,212,208,209,212,221,227,212,208,208,207,208,221,225,219,223,219,204,214,213,217,219,220,218,219,207,214,215,210,228,227,215,225,218,225,215,221,226,233,233,226,229,226,231,238,242,254,243,236,232,239,243,241,257,270,253,257,248,258,254,259,259],"rows":8,"seq":381,"status":[5,5,5,5,5,5,5,5,5,5,5,5,5,5,5,5,5,5,5,5,5,5,5,5,5,5,5,5,5,5,5,5,5,5,5,5,5,5,5,5,5,5,5,5,5,5,5,5,5,5,5,5,5,5,5,5,5,5,5,5,5,5,5,5],"t_ns":51202187077000}}
51214582446958	rest	depth	{"jsonrpc":"2.0","method":"tof.frame","params":{"at_us":28226095,"cols":8,"distance_mm":[226,222,208,212,212,209,213,218,222,214,214,212,200,209,213,223,221,220,209,206,211,206,215,220,221,217,219,207,224,213,218,230,236,221,227,221,219,213,220,230,237,230,230,218,225,228,230,237,247,246,239,233,233,237,245,245,271,262,254,253,250,249,254,260],"rows":8,"seq":382,"status":[5,5,5,5,5,5,5,5,5,5,5,5,5,5,5,5,5,5,5,5,5,5,5,5,5,5,5,5,5,5,5,5,5,5,5,5,5,5,5,5,5,5,5,5,5,5,5,5,5,5,5,5,5,5,5,5,5,5,5,5,5,5,5,5],"t_ns":51202255788000}}
51214650471583	rest	depth	{"jsonrpc":"2.0","method":"tof.frame","params":{"at_us":28295251,"cols":8,"distance_mm":[224,218,211,206,209,208,211,220,221,210,215,213,204,204,206,224,220,216,213,205,211,214,219,222,231,221,214,212,212,214,213,225,225,226,217,216,213,221,221,230,238,222,229,225,221,226,230,240,259,247,233,233,230,229,245,250,274,263,256,253,255,247,260,265],"rows":8,"seq":383,"status":[5,5,5,5,5,5,5,5,5,5,5,5,5,5,5,5,5,5,5,5,5,5,5,5,5,5,5,5,5,5,5,5,5,5,5,5,5,5,5,5,5,5,5,5,5,5,5,5,5,5,5,5,5,5,5,5,5,5,5,5,5,5,5,5],"t_ns":51202324945000}}
51214721139583	rest	depth	{"jsonrpc":"2.0","method":"tof.frame","params":{"at_us":28364672,"cols":8,"distance_mm":[213,216,212,208,213,214,217,216,226,214,196,202,210,213,215,219,227,217,209,216,214,213,216,221,227,216,203,214,212,214,221,223,231,227,215,208,215,217,217,227,240,228,223,228,230,231,226,243,247,244,235,241,247,236,245,247,264,251,253,254,252,257,260,263],"rows":8,"seq":384,"status":[5,5,5,5,5,5,5,5,5,5,5,5,5,5,5,5,5,5,5,5,5,5,5,5,5,5,5,5,5,5,5,5,5,5,5,5,5,5,5,5,5,5,5,5,5,5,5,5,5,5,5,5,5,5,5,5,5,5,5,5,5,5,5,5],"t_ns":51202394365000}}
51214789721500	rest	depth	{"jsonrpc":"2.0","method":"tof.frame","params":{"at_us":28433920,"cols":8,"distance_mm":[218,212,209,205,209,212,219,212,214,212,214,206,203,214,217,225,227,216,216,213,211,211,217,226,222,223,208,210,216,213,218,220,223,226,222,213,224,222,223,230,236,227,232,221,230,236,229,243,250,245,231,234,238,239,237,247,269,257,249,247,246,254,258,268],"rows":8,"seq":385,"status":[5,5,5,5,5,5,5,5,5,5,5,5,5,5,5,5,5,5,5,5,5,5,5,5,5,5,5,5,5,5,5,5,5,5,5,5,5,5,5,5,5,5,5,5,5,5,5,5,5,5,5,5,5,5,5,5,5,5,5,5,5,5,5,5],"t_ns":51202463614000}}
51214867444500	rest	depth	{"jsonrpc":"2.0","method":"tof.frame","params":{"at_us":28511191,"cols":8,"distance_mm":[223,221,213,208,218,212,219,212,221,216,203,209,210,211,204,221,224,220,208,210,212,215,220,222,228,215,215,210,215,214,218,226,229,226,225,217,222,218,220,230,247,227,226,234,218,230,232,243,247,251,236,225,234,238,242,257,267,258,244,249,251,252,253,262],"rows":8,"seq":386,"status":[5,5,5,5,5,5,5,5,5,5,5,5,5,5,5,5,5,5,5,5,5,5,5,5,5,5,5,5,5,5,5,5,5,5,5,5,5,5,5,5,5,5,5,5,5,5,5,5,5,5,5,5,5,5,5,5,5,5,5,5,5,5,5,5],"t_ns":51202540885000}}
51214939010666	rest	depth	{"jsonrpc":"2.0","method":"tof.frame","params":{"at_us":28582796,"cols":8,"distance_mm":[222,223,212,211,211,211,215,217,217,217,209,209,201,210,220,224,218,218,213,213,206,207,217,225,227,212,219,218,217,209,215,219,233,224,220,220,219,221,230,232,245,232,229,224,228,231,234,241,249,245,245,230,238,238,248,253,269,261,253,249,254,256,255,276],"rows":8,"seq":387,"status":[5,5,5,5,5,5,5,5,5,5,5,5,5,5,5,5,5,5,5,5,5,5,5,5,5,5,5,5,5,5,5,5,5,5,5,5,5,5,5,5,5,5,5,5,5,5,5,5,5,5,5,5,5,5,5,5,5,5,5,5,5,5,5,5],"t_ns":51202612491000}}
51215014550250	rest	depth	{"jsonrpc":"2.0","method":"tof.frame","params":{"at_us":28660247,"cols":8,"distance_mm":[224,209,207,208,209,217,214,229,221,223,209,211,198,206,211,221,224,216,216,209,208,218,214,222,222,217,209,215,205,208,218,230,229,223,223,212,222,221,218,228,240,242,224,226,221,223,229,238,246,244,242,239,238,250,248,255,269,253,253,238,257,257,254,273],"rows":8,"seq":388,"status":[5,5,5,5,5,5,5,5,5,5,5,5,5,5,5,5,5,5,5,5,5,5,5,5,5,5,5,5,5,5,5,5,5,5,5,5,5,5,5,5,5,5,5,5,5,5,5,5,5,5,5,5,5,5,5,5,5,5,5,5,5,5,5,5],"t_ns":51202689942000}}
51215086204083	rest	depth	{"jsonrpc":"2.0","method":"tof.frame","params":{"at_us":28729920,"cols":8,"distance_mm":[222,212,212,209,205,216,225,213,221,220,209,207,208,203,207,227,219,221,203,212,208,211,216,222,227,218,212,212,213,209,214,224,234,230,230,218,214,212,224,232,233,230,224,226,221,232,228,239,250,248,235,240,238,237,244,252,272,256,251,251,247,253,253,269],"rows":8,"seq":389,"status":[5,5,5,5,5,5,5,5,5,5,5,5,5,5,5,5,5,5,5,5,5,5,5,5,5,5,5,5,5,5,5,5,5,5,5,5,5,5,5,5,5,5,5,5,5,5,5,5,5,5,5,5,5,5,5,5,5,5,5,5,5,5,5,5],"t_ns":51202759615000}}
51215163133125	rest	depth	{"jsonrpc":"2.0","method":"tof.frame","params":{"at_us":28806923,"cols":8,"distance_mm":[219,222,211,210,210,206,212,219,222,215,212,205,205,209,218,221,223,215,211,203,212,209,216,225,227,218,216,214,216,213,213,227,221,229,214,213,222,223,222,233,243,235,234,225,220,231,225,246,248,246,240,235,236,246,239,250,264,254,254,249,247,255,248,267],"rows":8,"seq":390,"status":[5,5,5,5,5,5,5,5,5,5,5,5,5,5,5,5,5,5,5,5,5,5,5,5,5,5,5,5,5,5,5,5,5,5,5,5,5,5,5,5,5,5,5,5,5,5,5,5,5,5,5,5,5,5,5,5,5,5,5,5,5,5,5,5],"t_ns":51202836618000}}
51215234194625	rest	depth	{"jsonrpc":"2.0","method":"tof.frame","params":{"at_us":28877746,"cols":8,"distance_mm":[223,211,211,206,204,209,222,227,222,216,211,209,214,212,217,221,219,220,210,200,208,214,212,227,230,224,207,220,214,208,219,232,234,227,218,209,223,217,219,227,242,230,227,223,226,225,237,235,248,240,235,240,233,239,244,253,268,254,255,254,253,249,264,265],"rows":8,"seq":391,"status":[5,5,5,5,5,5,5,5,5,5,5,5,5,5,5,5,5,5,5,5,5,5,5,5,5,5,5,5,5,5,5,5,5,5,5,5,5,5,5,5,5,5,5,5,5,5,5,5,5,5,5,5,5,5,5,5,5,5,5,5,5,5,5,5],"t_ns":51202907442000}}
51215303018333	rest	depth	{"jsonrpc":"2.0","method":"tof.frame","params":{"at_us":28948234,"cols":8,"distance_mm":[218,215,212,209,211,212,222,219,216,216,206,198,213,201,213,222,220,213,215,204,209,208,219,221,231,219,221,216,209,210,216,233,232,221,215,217,224,218,225,229,247,230,230,223,220,227,226,248,252,240,238,234,240,233,250,241,262,268,256,252,253,249,262,266],"rows":8,"seq":392,"status":[5,5,5,5,5,5,5,5,5,5,5,5,5,5,5,5,5,5,5,5,5,5,5,5,5,5,5,5,5,5,5,5,5,5,5,5,5,5,5,5,5,5,5,5,5,5,5,5,5,5,5,5,5,5,5,5,5,5,5,5,5,5,5,5],"t_ns":51202977930000}}
51215381269708	rest	depth	{"jsonrpc":"2.0","method":"tof.frame","params":{"at_us":29025844,"cols":8,"distance_mm":[225,221,221,207,210,214,216,218,218,216,207,206,208,219,219,218,231,219,210,213,204,212,217,222,225,225,212,217,211,217,217,227,233,223,217,216,220,220,227,227,247,230,222,229,228,226,235,232,251,242,233,241,234,233,242,254,270,259,247,244,255,250,256,266],"rows":8,"seq":393,"status":[5,5,5,5,5,5,5,5,5,5,5,5,5,5,5,5,5,5,5,5,5,5,5,5,5,5,5,5,5,5,5,5,5,5,5,5,5,5,5,5,5,5,5,5,5,5,5,5,5,5,5,5,5,5,5,5,5,5,5,5,5,5,5,5],"t_ns":51203055540000}}
51215455841250	rest	depth	{"jsonrpc":"2.0","method":"tof.frame","params":{"at_us":29099592,"cols":8,"distance_mm":[223,212,210,209,218,210,208,221,229,219,211,204,207,209,208,215,228,207,210,206,211,216,213,226,225,212,214,215,212,214,221,218,235,225,219,213,215,218,226,233,237,227,227,219,220,230,229,242,249,243,229,234,239,242,237,257,267,258,254,247,245,255,255,265],"rows":8,"seq":394,"status":[5,5,5,5,5,5,5,5,5,5,5,5,5,5,5,5,5,5,5,5,5,5,5,5,5,5,5,5,5,5,5,5,5,5,5,5,5,5,5,5,5,5,5,5,5,5,5,5,5,5,5,5,5,5,5,5,5,5,5,5,5,5,5,5],"t_ns":51203129288000}}
51215533036833	rest	depth	{"jsonrpc":"2.0","method":"tof.frame","params":{"at_us":29176326,"cols":8,"distance_mm":[218,221,205,206,202,209,213,217,219,221,209,210,204,210,224,226,222,214,214,210,215,211,212,217,223,216,209,215,211,206,216,223,231,223,217,213,222,220,223,229,239,227,230,223,226,228,239,238,259,240,245,235,242,238,243,256,261,256,248,249,249,253,261,259],"rows":8,"seq":395,"status":[5,5,5,5,5,5,5,5,5,5,5,5,5,5,5,5,5,5,5,5,5,5,5,5,5,5,5,5,5,5,5,5,5,5,5,5,5,5,5,5,5,5,5,5,5,5,5,5,5,5,5,5,5,5,5,5,5,5,5,5,5,5,5,5],"t_ns":51203206023000}}
51215609428416	rest	depth	{"jsonrpc":"2.0","method":"tof.frame","params":{"at_us":29253567,"cols":8,"distance_mm":[222,212,207,209,210,211,211,216,222,212,214,205,212,210,212,219,221,224,212,203,202,209,217,223,231,219,214,214,219,211,225,215,221,230,220,220,215,222,223,234,234,236,231,228,224,232,234,240,253,236,240,235,230,240,242,249,263,255,248,251,244,260,259,265],"rows":8,"seq":396,"status":[5,5,5,5,5,5,5,5,5,5,5,5,5,5,5,5,5,5,5,5,5,5,5,5,5,5,5,5,5,5,5,5,5,5,5,5,5,5,5,5,5,5,5,5,5,5,5,5,5,5,5,5,5,5,5,5,5,5,5,5,5,5,5,5],"t_ns":51203283264000}}
51215685385583	rest	depth	{"jsonrpc":"2.0","method":"tof.frame","params":{"at_us":29329251,"cols":8,"distance_mm":[221,210,208,216,208,202,212,224,220,217,205,204,210,212,220,220,225,214,209,213,211,213,217,220,224,216,213,212,209,213,226,228,241,217,217,221,217,214,223,232,234,233,231,226,223,230,232,232,244,241,238,240,236,241,242,250,272,260,246,256,250,256,257,266],"rows":8,"seq":397,"status":[5,5,5,5,5,5,5,5,5,5,5,5,5,5,5,5,5,5,5,5,5,5,5,5,5,5,5,5,5,5,5,5,5,5,5,5,5,5,5,5,5,5,5,5,5,5,5,5,5,5,5,5,5,5,5,5,5,5,5,5,5,5,5,5],"t_ns":51203358949000}}
51215761876875	rest	depth	{"jsonrpc":"2.0","method":"tof.frame","params":{"at_us":29405715,"cols":8,"distance_mm":[219,211,215,205,205,210,214,216,217,213,211,210,208,214,215,222,221,218,210,214,215,208,213,227,225,219,213,211,218,213,217,226,223,224,224,219,217,225,221,222,236,233,229,227,225,226,223,239,245,241,240,234,233,227,247,253,265,259,251,245,250,248,261,271],"rows":8,"seq":398,"status":[5,5,5,5,5,5,5,5,5,5,5,5,5,5,5,5,5,5,5,5,5,5,5,5,5,5,5,5,5,5,5,5,5,5,5,5,5,5,5,5,5,5,5,5,5,5,5,5,5,5,5,5,5,5,5,5,5,5,5,5,5,5,5,5],"t_ns":51203435413000}}
51215837335666	rest	depth	{"jsonrpc":"2.0","method":"tof.frame","params":{"at_us":29481120,"cols":8,"distance_mm":[211,217,203,209,206,210,212,223,221,219,212,208,205,212,213,217,218,208,215,212,212,208,211,216,220,217,210,218,219,216,214,225,234,222,219,226,214,217,226,227,248,234,226,225,222,227,238,239,248,247,234,235,240,236,239,257,271,260,253,251,253,252,253,270],"rows":8,"seq":399,"status":[5,5,5,5,5,5,5,5,5,5,5,5,5,5,5,5,5,5,5,5,5,5,5,5,5,5,5,5,5,5,5,5,5,5,5,5,5,5,5,5,5,5,5,5,5,5,5,5,5,5,5,5,5,5,5,5,5,5,5,5,5,5,5,5],"t_ns":51203510818000}}
51215914869375	rest	depth	{"jsonrpc":"2.0","method":"tof.frame","params":{"at_us":29557784,"cols":8,"distance_mm":[223,212,215,208,209,209,212,218,227,212,219,208,210,206,211,220,218,211,215,204,209,215,210,221,221,223,214,209,211,215,222,230,236,225,227,216,216,213,230,224,236,238,224,231,222,226,228,242,253,236,237,238,240,238,246,247,263,250,256,245,249,252,261,270],"rows":8,"seq":400,"status":[5,5,5,5,5,5,5,5,5,5,5,5,5,5,5,5,5,5,5,5,5,5,5,5,5,5,5,5,5,5,5,5,5,5,5,5,5,5,5,5,5,5,5,5,5,5,5,5,5,5,5,5,5,5,5,5,5,5,5,5,5,5,5,5],"t_ns":51203587483000}}
51215989528041	rest	depth	{"jsonrpc":"2.0","method":"tof.frame","params":{"at_us":29633247,"cols":8,"distance_mm":[229,219,210,209,206,214,216,216,227,211,211,210,209,213,214,225,221,216,211,207,205,213,213,217,225,213,205,208,203,209,223,226,225,221,213,219,225,215,225,235,242,233,227,229,228,217,225,241,252,245,244,235,240,238,251,247,271,259,250,244,265,251,259,266],"rows":8,"seq":401,"status":[5,5,5,5,5,5,5,5,5,5,5,5,5,5,5,5,5,5,5,5,5,5,5,5,5,5,5,5,5,5,5,5,5,5,5,5,5,5,5,5,5,5,5,5,5,5,5,5,5,5,5,5,5,5,5,5,5,5,5,5,5,5,5,5],"t_ns":51203662947000}}
51216067527291	rest	depth	{"jsonrpc":"2.0","method":"tof.frame","params":{"at_us":29710876,"cols":8,"distance_mm":[226,215,214,208,208,205,212,219,225,214,211,217,202,213,209,218,227,225,209,209,207,201,223,223,231,218,215,210,213,211,209,223,226,218,216,215,223,215,226,229,241,235,223,227,230,226,235,240,250,246,227,232,233,232,239,249,265,258,255,250,247,259,263,267],"rows":8,"seq":402,"status":[5,5,5,5,5,5,5,5,5,5,5,5,5,5,5,5,5,5,5,5,5,5,5,5,5,5,5,5,5,5,5,5,5,5,5,5,5,5,5,5,5,5,5,5,5,5,5,5,5,5,5,5,5,5,5,5,5,5,5,5,5,5,5,5],"t_ns":51203740576000}}
51216139386333	rest	depth	{"jsonrpc":"2.0","method":"tof.frame","params":{"at_us":29784378,"cols":8,"distance_mm":[219,214,216,218,214,211,214,222,216,213,208,210,207,212,215,217,225,216,212,199,211,216,217,220,226,223,215,210,215,209,220,225,230,226,225,215,215,222,234,231,242,240,224,218,225,225,226,230,250,245,232,236,238,233,239,254,265,253,252,249,252,249,259,261],"rows":8,"seq":403,"status":[5,5,5,5,5,5,5,5,5,5,5,5,5,5,5,5,5,5,5,5,5,5,5,5,5,5,5,5,5,5,5,5,5,5,5,5,5,5,5,5,5,5,5,5,5,5,5,5,5,5,5,5,5,5,5,5,5,5,5,5,5,5,5,5],"t_ns":51203814078000}}
51216217224666	rest	depth	{"jsonrpc":"2.0","method":"tof.frame","params":{"at_us":29860243,"cols":8,"distance_mm":[229,213,202,208,206,213,213,218,220,217,210,206,211,206,209,215,225,213,207,213,212,209,217,223,227,216,219,212,208,213,216,228,230,223,217,222,216,220,220,230,240,235,230,217,223,224,233,240,253,235,240,234,234,240,238,247,258,267,249,251,247,246,259,261],"rows":8,"seq":404,"status":[5,5,5,5,5,5,5,5,5,5,5,5,5,5,5,5,5,5,5,5,5,5,5,5,5,5,5,5,5,5,5,5,5,5,5,5,5,5,5,5,5,5,5,5,5,5,5,5,5,5,5,5,5,5,5,5,5,5,5,5,5,5,5,5],"t_ns":51203889943000}}
51216285418916	rest	depth	{"jsonrpc":"2.0","method":"tof.frame","params":{"at_us":29929960,"cols":8,"distance_mm":[216,211,208,204,210,206,216,218,224,224,208,210,204,214,206,217,220,219,215,211,202,209,209,215,228,213,210,212,216,218,221,224,231,236,227,225,215,222,235,231,241,233,227,219,218,233,231,231,249,242,240,234,240,235,240,251,264,257,251,237,245,255,247,262],"rows":8,"seq":405,"status":[5,5,5,5,5,5,5,5,5,5,5,5,5,5,5,5,5,5,5,5,5,5,5,5,5,5,5,5,5,5,5,5,5,5,5,5,5,5,5,5,5,5,5,5,5,5,5,5,5,5,5,5,5,5,5,5,5,5,5,5,5,5,5,5],"t_ns":51203959661000}}
51216361422958	rest	depth	{"jsonrpc":"2.0","method":"tof.frame","params":{"at_us":30004435,"cols":8,"distance_mm":[230,217,212,210,205,211,216,222,223,212,213,211,202,215,223,221,223,213,216,211,204,208,215,224,226,224,220,213,212,211,220,219,227,226,223,213,215,215,221,234,237,234,225,217,229,222,229,240,248,246,240,233,235,235,244,246,277,269,261,244,250,252,262,266],"rows":8,"seq":406,"status":[5,5,5,5,5,5,5,5,5,5,5,5,5,5,5,5,5,5,5,5,5,5,5,5,5,5,5,5,5,5,5,5,5,5,5,5,5,5,5,5,5,5,5,5,5,5,5,5,5,5,5,5,5,5,5,5,5,5,5,5,5,5,5,5],"t_ns":51204034136000}}
51216435392416	rest	depth	{"jsonrpc":"2.0","method":"tof.frame","params":{"at_us":30078794,"cols":8,"distance_mm":[229,215,214,212,210,205,218,219,216,219,211,218,209,210,214,227,215,212,201,209,205,210,217,218,224,216,215,210,220,211,217,226,230,223,225,213,215,230,226,226,242,226,222,227,223,231,232,241,255,243,239,233,239,238,243,251,273,260,260,242,258,248,255,263],"rows":8,"seq":407,"status":[5,5,5,5,5,5,5,5,5,5,5,5,5,5,5,5,5,5,5,5,5,5,5,5,5,5,5,5,5,5,5,5,5,5,5,5,5,5,5,5,5,5,5,5,5,5,5,5,5,5,5,5,5,5,5,5,5,5,5,5,5,5,5,5],"t_ns":51204108495000}}
51216505272333	rest	depth	{"jsonrpc":"2.0","method":"tof.frame","params":{"at_us":30150124,"cols":8,"distance_mm":[218,213,207,204,210,210,215,221,225,210,205,198,205,209,221,219,224,221,216,211,215,212,224,221,221,222,210,210,211,216,226,222,235,224,225,215,220,226,221,225,234,230,221,223,227,226,236,232,254,236,233,240,237,231,237,250,268,266,251,240,249,251,253,262],"rows":8,"seq":408,"status":[5,5,5,5,5,5,5,5,5,5,5,5,5,5,5,5,5,5,5,5,5,5,5,5,5,5,5,5,5,5,5,5,5,5,5,5,5,5,5,5,5,5,5,5,5,5,5,5,5,5,5,5,5,5,5,5,5,5,5,5,5,5,5,5],"t_ns":51204179826000}}
51216580604125	rest	depth	{"jsonrpc":"2.0","method":"tof.frame","params":{"at_us":30225964,"cols":8,"distance_mm":[222,219,212,211,210,207,216,218,232,221,212,208,217,213,220,222,224,217,208,205,208,218,210,224,227,217,219,217,213,210,218,225,228,222,216,221,215,219,218,229,251,228,235,225,231,232,230,236,254,249,235,238,235,244,243,255,266,254,255,249,245,251,250,275],"rows":8,"seq":409,"status":[5,5,5,5,5,5,5,5,5,5,5,5,5,5,5,5,5,5,5,5,5,5,5,5,5,5,5,5,5,5,5,5,5,5,5,5,5,5,5,5,5,5,5,5,5,5,5,5,5,5,5,5,5,5,5,5,5,5,5,5,5,5,5,5],"t_ns":51204255666000}}
51216659581000	rest	depth	{"jsonrpc":"2.0","method":"tof.frame","params":{"at_us":30302267,"cols":8,"distance_mm":[214,212,216,209,211,206,222,225,228,216,206,206,206,213,213,218,225,211,210,208,207,207,214,222,225,218,214,213,209,212,223,228,230,218,222,218,208,219,227,239,239,232,225,228,227,221,230,237,257,247,237,237,240,235,241,254,270,257,253,248,247,256,253,272],"rows":8,"seq":410,"status":[5,5,5,5,5,5,5,5,5,5,5,5,5,5,5,5,5,5,5,5,5,5,5,5,5,5,5,5,5,5,5,5,5,5,5,5,5,5,5,5,5,5,5,5,5,5,5,5,5,5,5,5,5,5,5,5,5,5,5,5,5,5,5,5],"t_ns":51204331969000}}
51216735196583	rest	depth	{"jsonrpc":"2.0","method":"tof.frame","params":{"at_us":30379903,"cols":8,"distance_mm":[223,217,209,209,204,208,217,226,220,212,209,210,206,213,216,220,226,213,201,207,211,208,210,222,220,220,217,214,211,213,215,222,230,225,215,221,224,217,228,230,242,238,225,222,230,223,231,235,241,243,242,238,233,239,243,244,260,264,248,252,251,241,259,267],"rows":8,"seq":411,"status":[5,5,5,5,5,5,5,5,5,5,5,5,5,5,5,5,5,5,5,5,5,5,5,5,5,5,5,5,5,5,5,5,5,5,5,5,5,5,5,5,5,5,5,5,5,5,5,5,5,5,5,5,5,5,5,5,5,5,5,5,5,5,5,5],"t_ns":51204409605000}}
51216804896750	rest	depth	{"jsonrpc":"2.0","method":"tof.frame","params":{"at_us":30448862,"cols":8,"distance_mm":[221,220,207,213,211,212,216,225,213,215,205,209,209,213,214,216,220,219,213,209,202,207,217,217,227,222,217,213,214,209,215,216,228,228,214,219,216,227,222,225,246,233,231,224,221,232,227,243,253,251,237,233,233,235,243,251,261,255,252,244,244,254,254,266],"rows":8,"seq":412,"status":[5,5,5,5,5,5,5,5,5,5,5,5,5,5,5,5,5,5,5,5,5,5,5,5,5,5,5,5,5,5,5,5,5,5,5,5,5,5,5,5,5,5,5,5,5,5,5,5,5,5,5,5,5,5,5,5,5,5,5,5,5,5,5,5],"t_ns":51204478564000}}
51216880352000	rest	depth	{"jsonrpc":"2.0","method":"tof.frame","params":{"at_us":30525994,"cols":8,"distance_mm":[219,216,201,207,213,216,215,219,220,217,203,208,215,203,212,219,220,218,207,211,209,210,211,221,225,221,213,207,203,225,219,225,227,225,218,219,221,221,223,226,233,236,223,215,231,228,233,242,256,249,230,244,233,236,249,252,269,265,250,252,252,259,261,267],"rows":8,"seq":413,"status":[5,5,5,5,5,5,5,5,5,5,5,5,5,5,5,5,5,5,5,5,5,5,5,5,5,5,5,5,5,5,5,5,5,5,5,5,5,5,5,5,5,5,5,5,5,5,5,5,5,5,5,5,5,5,5,5,5,5,5,5,5,5,5,5],"t_ns":51204555697000}}
51216958558208	rest	depth	{"jsonrpc":"2.0","method":"tof.frame","params":{"at_us":30602337,"cols":8,"distance_mm":[223,216,210,213,205,211,212,218,220,219,211,206,214,206,216,228,229,219,212,210,205,216,210,217,230,217,213,208,212,218,222,229,230,225,209,220,221,214,224,234,245,225,234,226,224,231,233,245,248,242,232,234,234,243,249,252,268,261,254,243,247,256,254,267],"rows":8,"seq":414,"status":[5,5,5,5,5,5,5,5,5,5,5,5,5,5,5,5,5,5,5,5,5,5,5,5,5,5,5,5,5,5,5,5,5,5,5,5,5,5,5,5,5,5,5,5,5,5,5,5,5,5,5,5,5,5,5,5,5,5,5,5,5,5,5,5],"t_ns":51204632040000}}
51217027852500	rest	depth	{"jsonrpc":"2.0","method":"tof.frame","params":{"at_us":30673161,"cols":8,"distance_mm":[224,216,205,210,209,215,210,217,219,216,211,207,215,209,215,217,216,205,211,211,203,211,213,225,230,215,212,217,212,211,211,222,225,229,225,219,209,214,218,232,241,232,228,224,226,228,234,245,259,248,239,232,240,239,242,249,267,257,244,249,243,257,252,266],"rows":8,"seq":415,"status":[5,5,5,5,5,5,5,5,5,5,5,5,5,5,5,5,5,5,5,5,5,5,5,5,5,5,5,5,5,5,5,5,5,5,5,5,5,5,5,5,5,5,5,5,5,5,5,5,5,5,5,5,5,5,5,5,5,5,5,5,5,5,5,5],"t_ns":51204702865000}}
51217099594791	rest	depth	{"jsonrpc":"2.0","method":"tof.frame","params":{"at_us":30744797,"cols":8,"distance_mm":[221,212,204,212,209,211,216,215,228,215,213,204,205,211,210,223,226,205,212,205,213,209,215,225,233,215,218,209,211,210,218,217,228,226,220,213,222,217,219,230,234,236,229,215,222,220,231,232,253,247,231,223,239,228,237,249,263,262,260,255,258,255,255,262],"rows":8,"seq":416,"status":[5,5,5,5,5,5,5,5,5,5,5,5,5,5,5,5,5,5,5,5,5,5,5,5,5,5,5,5,5,5,5,5,5,5,5,5,5,5,5,5,5,5,5,5,5,5,5,5,5,5,5,5,5,5,5,5,5,5,5,5,5,5,5,5],"t_ns":51204774501000}}
51217173728208	rest	depth	{"jsonrpc":"2.0","method":"tof.frame","params":{"at_us":30817852,"cols":8,"distance_mm":[223,217,215,203,208,214,220,214,217,213,205,210,207,213,214,221,214,216,214,211,207,198,218,222,229,224,215,213,207,210,215,227,228,228,222,218,217,221,224,231,241,230,229,223,225,224,234,231,248,246,240,238,233,234,241,256,269,266,255,254,251,257,252,261],"rows":8,"seq":417,"status":[5,5,5,5,5,5,5,5,5,5,5,5,5,5,5,5,5,5,5,5,5,5,5,5,5,5,5,5,5,5,5,5,5,5,5,5,5,5,5,5,5,5,5,5,5,5,5,5,5,5,5,5,5,5,5,5,5,5,5,5,5,5,5,5],"t_ns":51204847556000}}
51217245887250	rest	depth	{"jsonrpc":"2.0","method":"tof.frame","params":{"at_us":30889154,"cols":8,"distance_mm":[217,213,214,209,210,206,209,224,224,212,214,209,208,212,213,226,217,220,209,214,202,208,216,219,217,219,213,219,206,212,217,224,233,222,218,214,217,226,222,229,242,228,234,230,230,229,238,241,255,243,231,238,235,238,245,250,273,257,249,248,245,252,266,266],"rows":8,"seq":418,"status":[5,5,5,5,5,5,5,5,5,5,5,5,5,5,5,5,5,5,5,5,5,5,5,5,5,5,5,5,5,5,5,5,5,5,5,5,5,5,5,5,5,5,5,5,5,5,5,5,5,5,5,5,5,5,5,5,5,5,5,5,5,5,5,5],"t_ns":51204918858000}}
51217318399791	rest	depth	{"jsonrpc":"2.0","method":"tof.frame","params":{"at_us":30963709,"cols":8,"distance_mm":[223,218,214,208,218,214,208,223,221,217,213,206,211,214,212,219,219,212,215,209,210,208,219,221,228,210,208,216,214,212,214,233,228,226,215,212,210,220,229,228,242,236,232,226,219,223,226,232,251,245,242,228,249,236,244,254,267,252,251,246,251,251,262,259],"rows":8,"seq":419,"status":[5,5,5,5,5,5,5,5,5,5,5,5,5,5,5,5,5,5,5,5,5,5,5,5,5,5,5,5,5,5,5,5,5,5,5,5,5,5,5,5,5,5,5,5,5,5,5,5,5,5,5,5,5,5,5,5,5,5,5,5,5,5,5,5],"t_ns":51204993414000}}
51217392419708	rest	depth	{"jsonrpc":"2.0","method":"tof.frame","params":{"at_us":31038153,"cols":8,"distance_mm":[222,209,204,215,214,211,211,217,217,209,201,204,214,210,211,224,224,211,208,205,206,211,219,227,226,214,211,213,210,214,216,231,236,223,213,218,218,217,221,234,232,233,229,223,230,223,232,237,245,249,241,237,233,237,238,245,263,254,256,252,247,250,253,267],"rows":8,"seq":420,"status":[5,5,5,5,5,5,5,5,5,5,5,5,5,5,5,5,5,5,5,5,5,5,5,5,5,5,5,5,5,5,5,5,5,5,5,5,5,5,5,5,5,5,5,5,5,5,5,5,5,5,5,5,5,5,5,5,5,5,5,5,5,5,5,5],"t_ns":51205067859000}}
51217461977833	rest	depth	{"jsonrpc":"2.0","method":"tof.frame","params":{"at_us":31106881,"cols":8,"distance_mm":[221,216,206,208,210,206,213,225,219,209,218,207,208,205,206,220,226,218,210,214,216,210,216,220,228,216,218,213,210,207,224,227,222,227,209,215,216,224,230,224,244,231,228,231,228,229,228,234,250,247,244,231,240,237,243,248,267,255,256,247,248,254,262,262],"rows":8,"seq":421,"status":[5,5,5,5,5,5,5,5,5,5,5,5,5,5,5,5,5,5,5,5,5,5,5,5,5,5,5,5,5,5,5,5,5,5,5,5,5,5,5,5,5,5,5,5,5,5,5,5,5,5,5,5,5,5,5,5,5,5,5,5,5,5,5,5],"t_ns":51205136586000}}
51217539766666	rest	depth	{"jsonrpc":"2.0","method":"tof.frame","params":{"at_us":31183601,"cols":8,"distance_mm":[226,219,216,210,208,211,214,229,212,217,221,207,207,213,216,220,217,219,211,211,212,207,219,220,221,219,210,215,209,216,218,226,231,220,226,214,222,226,226,235,247,238,223,220,226,228,233,238,253,240,239,237,238,238,247,250,271,252,256,252,250,254,257,268],"rows":8,"seq":422,"status":[5,5,5,5,5,5,5,5,5,5,5,5,5,5,5,5,5,5,5,5,5,5,5,5,5,5,5,5,5,5,5,5,5,5,5,5,5,5,5,5,5,5,5,5,5,5,5,5,5,5,5,5,5,5,5,5,5,5,5,5,5,5,5,5],"t_ns":51205213307000}}
51217609747208	rest	depth	{"jsonrpc":"2.0","method":"tof.frame","params":{"at_us":31253988,"cols":8,"distance_mm":[220,215,210,206,213,210,214,226,222,217,209,210,216,212,222,222,226,212,213,211,213,203,211,222,229,220,202,211,214,218,218,226,228,222,222,219,220,221,221,234,239,234,226,230,222,227,235,244,254,248,242,234,239,238,238,248,269,255,259,247,245,255,255,278],"rows":8,"seq":423,"status":[5,5,5,5,5,5,5,5,5,5,5,5,5,5,5,5,5,5,5,5,5,5,5,5,5,5,5,5,5,5,5,5,5,5,5,5,5,5,5,5,5,5,5,5,5,5,5,5,5,5,5,5,5,5,5,5,5,5,5,5,5,5,5,5],"t_ns":51205283694000}}
51217687170125	rest	depth	{"jsonrpc":"2.0","method":"tof.frame","params":{"at_us":31332619,"cols":8,"distance_mm":[220,221,215,209,206,212,212,221,218,215,209,220,207,209,215,219,220,210,211,208,208,208,218,216,233,219,224,219,222,212,218,227,233,218,222,221,215,216,225,229,239,230,225,217,218,230,239,238,242,242,240,231,237,244,241,244,259,259,254,244,249,255,260,268],"rows":8,"seq":424,"status":[5,5,5,5,5,5,5,5,5,5,5,5,5,5,5,5,5,5,5,5,5,5,5,5,5,5,5,5,5,5,5,5,5,5,5,5,5,5,5,5,5,5,5,5,5,5,5,5,5,5,5,5,5,5,5,5,5,5,5,5,5,5,5,5],"t_ns":51205362326000}}
51217764783208	rest	depth	{"jsonrpc":"2.0","method":"tof.frame","params":{"at_us":31408086,"cols":8,"distance_mm":[223,214,221,207,211,213,211,219,223,210,208,204,207,211,222,212,223,218,205,209,205,214,212,228,231,217,219,218,210,215,219,222,240,221,216,223,216,216,223,232,239,239,233,225,225,220,228,233,255,239,228,238,243,242,248,252,263,255,257,246,249,256,255,260],"rows":8,"seq":425,"status":[5,5,5,5,5,5,5,5,5,5,5,5,5,5,5,5,5,5,5,5,5,5,5,5,5,5,5,5,5,5,5,5,5,5,5,5,5,5,5,5,5,5,5,5,5,5,5,5,5,5,5,5,5,5,5,5,5,5,5,5,5,5,5,5],"t_ns":51205437792000}}
51217842738500	rest	depth	{"jsonrpc":"2.0","method":"tof.frame","params":{"at_us":31487703,"cols":8,"distance_mm":[219,211,221,211,215,216,219,221,217,215,210,214,211,212,213,227,223,209,214,210,205,209,213,221,232,225,217,207,210,214,210,224,227,227,223,222,223,229,223,228,239,233,224,225,222,224,235,243,250,247,236,243,237,234,247,254,264,260,253,256,246,258,260,263],"rows":8,"seq":426,"status":[5,5,5,5,5,5,5,5,5,5,5,5,5,5,5,5,5,5,5,5,5,5,5,5,5,5,5,5,5,5,5,5,5,5,5,5,5,5,5,5,5,5,5,5,5,5,5,5,5,5,5,5,5,5,5,5,5,5,5,5,5,5,5,5],"t_ns":51205517410000}}
51217912507041	rest	depth	{"jsonrpc":"2.0","method":"tof.frame","params":{"at_us":31557087,"cols":8,"distance_mm":[219,217,212,209,217,212,215,210,224,221,210,205,215,216,216,211,220,210,214,205,210,215,214,225,224,214,221,220,214,208,212,230,234,224,221,226,215,219,220,236,242,237,228,217,222,223,228,240,250,248,238,235,242,235,238,257,272,255,252,246,249,247,256,272],"rows":8,"seq":427,"status":[5,5,5,5,5,5,5,5,5,5,5,5,5,5,5,5,5,5,5,5,5,5,5,5,5,5,5,5,5,5,5,5,5,5,5,5,5,5,5,5,5,5,5,5,5,5,5,5,5,5,5,5,5,5,5,5,5,5,5,5,5,5,5,5],"t_ns":51205586794000}}
51217984395833	rest	depth	{"jsonrpc":"2.0","method":"tof.frame","params":{"at_us":31628572,"cols":8,"distance_mm":[216,217,215,208,213,209,220,224,217,219,212,206,205,211,216,214,217,209,211,205,204,213,219,220,223,213,218,213,208,209,214,230,227,219,224,217,211,224,226,224,242,229,230,229,227,226,231,237,260,246,240,245,235,235,245,244,265,262,254,254,256,255,253,257],"rows":8,"seq":428,"status":[5,5,5,5,5,5,5,5,5,5,5,5,5,5,5,5,5,5,5,5,5,5,5,5,5,5,5,5,5,5,5,5,5,5,5,5,5,5,5,5,5,5,5,5,5,5,5,5,5,5,5,5,5,5,5,5,5,5,5,5,5,5,5,5],"t_ns":51205658280000}}
51218059793208	rest	depth	{"jsonrpc":"2.0","method":"tof.frame","params":{"at_us":31705071,"cols":8,"distance_mm":[220,209,211,207,201,209,216,222,218,217,210,210,212,206,214,222,217,215,218,210,209,210,215,222,219,219,213,211,210,217,229,229,231,227,217,219,221,223,221,226,241,232,232,226,225,233,235,232,254,248,233,235,236,234,236,249,269,259,255,250,253,251,263,270],"rows":8,"seq":429,"status":[5,5,5,5,5,5,5,5,5,5,5,5,5,5,5,5,5,5,5,5,5,5,5,5,5,5,5,5,5,5,5,5,5,5,5,5,5,5,5,5,5,5,5,5,5,5,5,5,5,5,5,5,5,5,5,5,5,5,5,5,5,5,5,5],"t_ns":51205734779000}}
51218137813333	rest	depth	{"jsonrpc":"2.0","method":"tof.frame","params":{"at_us":31781560,"cols":8,"distance_mm":[225,220,208,210,205,212,216,222,224,213,213,208,206,207,215,222,228,212,212,208,203,215,212,223,217,219,214,219,210,218,219,230,230,225,222,215,220,215,215,232,244,228,233,226,231,231,237,241,256,237,232,236,240,232,247,249,273,260,252,249,247,256,256,269],"rows":8,"seq":430,"status":[5,5,5,5,5,5,5,5,5,5,5,5,5,5,5,5,5,5,5,5,5,5,5,5,5,5,5,5,5,5,5,5,5,5,5,5,5,5,5,5,5,5,5,5,5,5,5,5,5,5,5,5,5,5,5,5,5,5,5,5,5,5,5,5],"t_ns":51205811268000}}
51218215110250	rest	depth	{"jsonrpc":"2.0","method":"tof.frame","params":{"at_us":31859155,"cols":8,"distance_mm":[221,216,216,216,216,214,214,222,218,212,212,207,216,213,216,213,216,218,211,218,209,214,215,221,226,222,215,213,214,214,208,229,224,223,215,219,216,218,224,228,243,232,231,221,233,225,236,240,252,245,239,229,238,237,245,257,265,256,251,256,247,256,255,269],"rows":8,"seq":431,"status":[5,5,5,5,5,5,5,5,5,5,5,5,5,5,5,5,5,5,5,5,5,5,5,5,5,5,5,5,5,5,5,5,5,5,5,5,5,5,5,5,5,5,5,5,5,5,5,5,5,5,5,5,5,5,5,5,5,5,5,5,5,5,5,5],"t_ns":51205888864000}}
51218291847833	rest	depth	{"jsonrpc":"2.0","method":"tof.frame","params":{"at_us":31936924,"cols":8,"distance_mm":[222,218,207,213,214,207,210,221,220,221,214,212,203,207,218,222,223,213,211,211,214,209,210,221,224,217,214,218,214,209,220,232,231,228,221,220,219,227,235,229,243,232,234,226,224,238,235,235,247,247,234,236,237,223,247,253,263,261,251,253,243,249,258,258],"rows":8,"seq":432,"status":[5,5,5,5,5,5,5,5,5,5,5,5,5,5,5,5,5,5,5,5,5,5,5,5,5,5,5,5,5,5,5,5,5,5,5,5,5,5,5,5,5,5,5,5,5,5,5,5,5,5,5,5,5,5,5,5,5,5,5,5,5,5,5,5],"t_ns":51205966633000}}
51218361003375	rest	depth	{"jsonrpc":"2.0","method":"tof.frame","params":{"at_us":32006706,"cols":8,"distance_mm":[223,214,215,209,212,201,216,220,225,212,212,205,210,219,218,222,229,215,210,212,212,217,212,221,228,219,213,217,210,210,221,225,236,226,216,224,212,220,225,238,239,236,224,225,230,223,230,239,251,238,242,232,236,240,246,253,270,264,247,253,254,251,262,267],"rows":8,"seq":433,"status":[5,5,5,5,5,5,5,5,5,5,5,5,5,5,5,5,5,5,5,5,5,5,5,5,5,5,5,5,5,5,5,5,5,5,5,5,5,5,5,5,5,5,5,5,5,5,5,5,5,5,5,5,5,5,5,5,5,5,5,5,5,5,5,5],"t_ns":51206036415000}}
51218434389291	rest	depth	{"jsonrpc":"2.0","method":"tof.frame","params":{"at_us":32077938,"cols":8,"distance_mm":[222,219,206,204,208,209,213,225,218,218,209,215,208,213,227,219,227,211,212,214,209,215,217,224,226,218,214,212,209,219,217,222,230,223,226,223,219,220,225,223,240,233,225,228,230,230,234,238,251,241,233,239,232,240,248,254,274,256,255,255,256,246,253,267],"rows":8,"seq":434,"status":[5,5,5,5,5,5,5,5,5,5,5,5,5,5,5,5,5,5,5,5,5,5,5,5,5,5,5,5,5,5,5,5,5,5,5,5,5,5,5,5,5,5,5,5,5,5,5,5,5,5,5,5,5,5,5,5,5,5,5,5,5,5,5,5],"t_ns":51206107647000}}
51218509821208	rest	depth	{"jsonrpc":"2.0","method":"tof.frame","params":{"at_us":32153080,"cols":8,"distance_mm":[218,215,212,210,210,209,213,218,218,223,211,209,216,212,218,220,224,218,213,219,210,208,214,225,228,225,209,213,217,214,216,229,234,225,219,221,213,215,221,232,235,232,228,227,222,228,233,245,250,249,237,248,231,239,242,249,270,260,249,255,248,254,266,257],"rows":8,"seq":435,"status":[5,5,5,5,5,5,5,5,5,5,5,5,5,5,5,5,5,5,5,5,5,5,5,5,5,5,5,5,5,5,5,5,5,5,5,5,5,5,5,5,5,5,5,5,5,5,5,5,5,5,5,5,5,5,5,5,5,5,5,5,5,5,5,5],"t_ns":51206182790000}}
51218585169750	rest	depth	{"jsonrpc":"2.0","method":"tof.frame","params":{"at_us":32230121,"cols":8,"distance_mm":[229,219,206,216,208,212,211,223,219,216,214,208,210,209,207,221,224,209,207,212,210,207,220,226,235,221,216,212,204,215,224,225,231,227,225,213,222,221,220,228,239,230,224,221,224,224,231,244,253,243,240,232,235,241,237,246,260,257,254,247,253,250,248,269],"rows":8,"seq":436,"status":[5,5,5,5,5,5,5,5,5,5,5,5,5,5,5,5,5,5,5,5,5,5,5,5,5,5,5,5,5,5,5,5,5,5,5,5,5,5,5,5,5,5,5,5,5,5,5,5,5,5,5,5,5,5,5,5,5,5,5,5,5,5,5,5],"t_ns":51206259831000}}
51218654159958	rest	depth	{"jsonrpc":"2.0","method":"tof.frame","params":{"at_us":32298314,"cols":8,"distance_mm":[227,209,213,205,211,209,213,216,218,218,214,212,211,209,218,217,225,218,214,211,211,216,216,219,219,216,221,210,212,212,225,230,236,226,212,214,220,216,226,230,242,234,231,226,227,226,234,233,249,244,236,246,235,244,240,257,263,256,254,248,255,247,254,260],"rows":8,"seq":437,"status":[5,5,5,5,5,5,5,5,5,5,5,5,5,5,5,5,5,5,5,5,5,5,5,5,5,5,5,5,5,5,5,5,5,5,5,5,5,5,5,5,5,5,5,5,5,5,5,5,5,5,5,5,5,5,5,5,5,5,5,5,5,5,5,5],"t_ns":51206328025000}}
51218729986916	rest	depth	{"jsonrpc":"2.0","method":"tof.frame","params":{"at_us":32375797,"cols":8,"distance_mm":[217,219,206,212,209,202,217,214,220,218,212,215,204,205,212,218,225,221,212,206,217,213,219,207,228,217,215,217,210,209,217,226,234,226,224,219,222,220,231,236,244,230,225,228,229,228,235,235,254,237,235,242,234,235,251,251,268,261,256,258,246,251,255,265],"rows":8,"seq":438,"status":[5,5,5,5,5,5,5,5,5,5,5,5,5,5,5,5,5,5,5,5,5,5,5,5,5,5,5,5,5,5,5,5,5,5,5,5,5,5,5,5,5,5,5,5,5,5,5,5,5,5,5,5,5,5,5,5,5,5,5,5,5,5,5,5],"t_ns":51206405507000}}
51218808878500	rest	depth	{"jsonrpc":"2.0","method":"tof.frame","params":{"at_us":32453453,"cols":8,"distance_mm":[220,219,214,210,211,212,218,221,218,213,208,211,203,207,214,220,221,217,213,211,201,209,204,217,221,216,216,215,213,212,216,218,227,226,221,217,221,220,217,230,239,236,231,228,228,225,225,244,249,249,243,232,232,251,239,244,268,261,260,255,247,246,255,268],"rows":8,"seq":439,"status":[5,5,5,5,5,5,5,5,5,5,5,5,5,5,5,5,5,5,5,5,5,5,5,5,5,5,5,5,5,5,5,5,5,5,5,5,5,5,5,5,5,5,5,5,5,5,5,5,5,5,5,5,5,5,5,5,5,5,5,5,5,5,5,5],"t_ns":51206483164000}}
51218879491583	rest	depth	{"jsonrpc":"2.0","method":"tof.frame","params":{"at_us":32522570,"cols":8,"distance_mm":[223,215,218,208,205,212,210,223,218,211,204,209,214,205,220,221,231,217,210,210,206,209,215,222,219,223,216,211,211,214,224,224,231,228,216,216,223,222,224,236,245,233,227,234,229,227,227,236,256,241,235,234,234,241,247,249,267,262,253,252,256,263,268,264],"rows":8,"seq":440,"status":[5,5,5,5,5,5,5,5,5,5,5,5,5,5,5,5,5,5,5,5,5,5,5,5,5,5,5,5,5,5,5,5,5,5,5,5,5,5,5,5,5,5,5,5,5,5,5,5,5,5,5,5,5,5,5,5,5,5,5,5,5,5,5,5],"t_ns":51206552282000}}
51218954283500	rest	depth	{"jsonrpc":"2.0","method":"tof.frame","params":{"at_us":32598257,"cols":8,"distance_mm":[225,214,207,213,214,213,216,223,225,218,209,205,211,214,209,227,215,213,213,209,210,208,212,224,222,224,214,211,208,214,218,224,236,224,227,222,220,226,221,228,242,230,231,231,218,225,228,242,246,249,241,238,244,240,242,258,274,249,251,252,245,255,257,271],"rows":8,"seq":441,"status":[5,5,5,5,5,5,5,5,5,5,5,5,5,5,5,5,5,5,5,5,5,5,5,5,5,5,5,5,5,5,5,5,5,5,5,5,5,5,5,5,5,5,5,5,5,5,5,5,5,5,5,5,5,5,5,5,5,5,5,5,5,5,5,5],"t_ns":51206627968000}}
51219026888625	rest	depth	{"jsonrpc":"2.0","method":"tof.frame","params":{"at_us":32670489,"cols":8,"distance_mm":[224,212,211,208,210,211,216,215,218,213,213,204,210,211,212,222,222,212,216,210,209,208,214,225,224,218,220,217,207,211,216,226,238,229,220,220,214,218,229,226,234,245,231,222,231,231,230,243,254,239,235,235,232,235,249,241,262,256,258,258,249,247,255,272],"rows":8,"seq":442,"status":[5,5,5,5,5,5,5,5,5,5,5,5,5,5,5,5,5,5,5,5,5,5,5,5,5,5,5,5,5,5,5,5,5,5,5,5,5,5,5,5,5,5,5,5,5,5,5,5,5,5,5,5,5,5,5,5,5,5,5,5,5,5,5,5],"t_ns":51206700201000}}
51219104084041	rest	depth	{"jsonrpc":"2.0","method":"tof.frame","params":{"at_us":32748394,"cols":8,"distance_mm":[220,215,208,211,208,214,212,215,230,214,201,199,210,218,218,219,220,215,210,212,212,214,214,222,224,222,209,213,216,215,222,223,227,236,225,212,225,223,222,226,248,232,222,223,226,228,227,238,255,247,245,235,236,233,238,250,266,254,259,256,244,253,254,273],"rows":8,"seq":443,"status":[5,5,5,5,5,5,5,5,5,5,5,5,5,5,5,5,5,5,5,5,5,5,5,5,5,5,5,5,5,5,5,5,5,5,5,5,5,5,5,5,5,5,5,5,5,5,5,5,5,5,5,5,5,5,5,5,5,5,5,5,5,5,5,5],"t_ns":51206778106000}}
51219180696875	rest	depth	{"jsonrpc":"2.0","method":"tof.frame","params":{"at_us":32826178,"cols":8,"distance_mm":[225,215,205,202,214,215,214,224,224,212,209,210,216,214,214,211,213,210,217,221,216,206,220,217,227,216,215,216,206,214,220,228,234,228,216,217,219,223,220,233,244,236,230,219,225,223,228,239,254,237,246,237,239,242,242,254,267,259,249,245,252,251,252,270],"rows":8,"seq":444,"status":[5,5,5,5,5,5,5,5,5,5,5,5,5,5,5,5,5,5,5,5,5,5,5,5,5,5,5,5,5,5,5,5,5,5,5,5,5,5,5,5,5,5,5,5,5,5,5,5,5,5,5,5,5,5,5,5,5,5,5,5,5,5,5,5],"t_ns":51206855890000}}
51219257900958	rest	depth	{"jsonrpc":"2.0","method":"tof.frame","params":{"at_us":32902426,"cols":8,"distance_mm":[230,219,204,210,212,215,213,218,220,218,216,208,205,208,225,220,225,217,210,209,202,206,214,212,225,217,218,215,216,225,223,232,231,221,220,216,224,209,226,228,243,230,231,228,219,222,227,233,251,246,239,236,234,242,240,254,268,256,259,250,248,251,258,264],"rows":8,"seq":445,"status":[5,5,5,5,5,5,5,5,5,5,5,5,5,5,5,5,5,5,5,5,5,5,5,5,5,5,5,5,5,5,5,5,5,5,5,5,5,5,5,5,5,5,5,5,5,5,5,5,5,5,5,5,5,5,5,5,5,5,5,5,5,5,5,5],"t_ns":51206932139000}}
51219335676666	rest	depth	{"jsonrpc":"2.0","method":"tof.frame","params":{"at_us":32980237,"cols":8,"distance_mm":[226,218,217,205,210,208,220,218,223,215,208,206,214,208,211,219,225,212,205,205,208,212,213,224,230,226,216,203,213,219,221,223,232,223,218,219,216,214,223,225,238,232,230,226,225,224,231,240,254,231,235,244,236,237,247,252,263,261,248,255,248,251,260,271],"rows":8,"seq":446,"status":[5,5,5,5,5,5,5,5,5,5,5,5,5,5,5,5,5,5,5,5,5,5,5,5,5,5,5,5,5,5,5,5,5,5,5,5,5,5,5,5,5,5,5,5,5,5,5,5,5,5,5,5,5,5,5,5,5,5,5,5,5,5,5,5],"t_ns":51207009950000}}
51219413050583	rest	depth	{"jsonrpc":"2.0","method":"tof.frame","params":{"at_us":33057266,"cols":8,"distance_mm":[221,219,214,210,210,215,214,225,225,215,214,207,211,213,211,211,224,213,212,210,208,218,207,221,228,218,218,215,210,216,215,225,232,225,213,211,217,221,219,232,237,230,229,225,219,233,232,236,255,249,238,230,239,237,241,254,257,251,248,251,235,249,256,261],"rows":8,"seq":447,"status":[5,5,5,5,5,5,5,5,5,5,5,5,5,5,5,5,5,5,5,5,5,5,5,5,5,5,5,5,5,5,5,5,5,5,5,5,5,5,5,5,5,5,5,5,5,5,5,5,5,5,5,5,5,5,5,5,5,5,5,5,5,5,5,5],"t_ns":51207086980000}}
51219485050250	rest	depth	{"jsonrpc":"2.0","method":"tof.frame","params":{"at_us":33129654,"cols":8,"distance_mm":[222,214,209,205,207,213,223,220,228,206,213,215,208,211,209,220,220,222,223,206,205,214,215,224,231,212,217,216,217,210,212,224,233,223,213,213,228,223,217,224,240,236,227,229,232,230,232,232,251,239,236,234,244,236,243,245,271,261,246,252,252,247,261,266],"rows":8,"seq":448,"status":[5,5,5,5,5,5,5,5,5,5,5,5,5,5,5,5,5,5,5,5,5,5,5,5,5,5,5,5,5,5,5,5,5,5,5,5,5,5,5,5,5,5,5,5,5,5,5,5,5,5,5,5,5,5,5,5,5,5,5,5,5,5,5,5],"t_ns":51207159368000}}
51219559337166	rest	depth	{"jsonrpc":"2.0","method":"tof.frame","params":{"at_us":33202295,"cols":8,"distance_mm":[221,219,209,210,206,208,215,221,218,215,210,205,213,213,210,220,212,211,207,212,217,215,214,222,223,216,214,218,207,207,222,221,231,227,216,216,207,224,222,226,233,228,222,230,225,225,222,238,257,242,243,241,226,236,245,256,268,269,244,248,252,247,263,263],"rows":8,"seq":449,"status":[5,5,5,5,5,5,5,5,5,5,5,5,5,5,5,5,5,5,5,5,5,5,5,5,5,5,5,5,5,5,5,5,5,5,5,5,5,5,5,5,5,5,5,5,5,5,5,5,5,5,5,5,5,5,5,5,5,5,5,5,5,5,5,5],"t_ns":51207232009000}}
51219627860708	rest	depth	{"jsonrpc":"2.0","method":"tof.frame","params":{"at_us":33272189,"cols":8,"distance_mm":[217,213,219,204,211,217,220,217,219,215,213,213,204,203,218,221,223,225,208,207,211,210,217,224,219,218,214,217,211,217,223,228,225,229,219,218,210,223,221,229,242,229,228,219,230,229,233,245,259,238,245,233,242,240,241,253,261,259,260,251,255,254,256,267],"rows":8,"seq":450,"status":[5,5,5,5,5,5,5,5,5,5,5,5,5,5,5,5,5,5,5,5,5,5,5,5,5,5,5,5,5,5,5,5,5,5,5,5,5,5,5,5,5,5,5,5,5,5,5,5,5,5,5,5,5,5,5,5,5,5,5,5,5,5,5,5],"t_ns":51207301904000}}
51219697466625	rest	depth	{"jsonrpc":"2.0","method":"tof.frame","params":{"at_us":33342467,"cols":8,"distance_mm":[227,217,208,208,215,207,218,227,219,219,213,207,205,208,210,226,236,212,214,215,197,214,217,216,226,220,220,214,210,217,214,217,224,224,215,209,216,217,227,234,239,230,232,220,229,220,234,246,251,242,238,230,237,235,245,249,263,257,251,249,250,252,255,264],"rows":8,"seq":451,"status":[5,5,5,5,5,5,5,5,5,5,5,5,5,5,5,5,5,5,5,5,5,5,5,5,5,5,5,5,5,5,5,5,5,5,5,5,5,5,5,5,5,5,5,5,5,5,5,5,5,5,5,5,5,5,5,5,5,5,5,5,5,5,5,5],"t_ns":51207372181000}}
51219770018000	rest	depth	{"jsonrpc":"2.0","method":"tof.frame","params":{"at_us":33414820,"cols":8,"distance_mm":[213,216,213,213,211,213,212,224,225,213,209,213,199,209,212,210,216,222,210,211,210,218,217,219,227,218,211,208,221,210,221,222,228,219,217,209,214,222,230,234,252,233,226,223,225,217,232,237,255,248,237,236,241,232,242,248,269,257,256,254,248,255,252,273],"rows":8,"seq":452,"status":[5,5,5,5,5,5,5,5,5,5,5,5,5,5,5,5,5,5,5,5,5,5,5,5,5,5,5,5,5,5,5,5,5,5,5,5,5,5,5,5,5,5,5,5,5,5,5,5,5,5,5,5,5,5,5,5,5,5,5,5,5,5,5,5],"t_ns":51207444535000}}
51219844546000	rest	depth	{"jsonrpc":"2.0","method":"tof.frame","params":{"at_us":33487781,"cols":8,"distance_mm":[224,219,216,210,205,217,214,219,224,220,214,214,212,212,216,213,223,220,210,206,208,217,205,224,228,216,212,211,212,218,222,219,233,226,220,220,212,214,225,237,233,229,226,216,224,230,239,243,258,245,232,234,240,235,249,253,265,259,255,248,249,248,249,264],"rows":8,"seq":453,"status":[5,5,5,5,5,5,5,5,5,5,5,5,5,5,5,5,5,5,5,5,5,5,5,5,5,5,5,5,5,5,5,5,5,5,5,5,5,5,5,5,5,5,5,5,5,5,5,5,5,5,5,5,5,5,5,5,5,5,5,5,5,5,5,5],"t_ns":51207517497000}}
51219917580333	rest	depth	{"jsonrpc":"2.0","method":"tof.frame","params":{"at_us":33562265,"cols":8,"distance_mm":[226,224,207,213,206,210,221,222,221,211,208,208,204,213,207,221,213,216,210,209,208,212,214,214,229,220,220,214,212,207,212,235,228,230,217,215,223,218,220,231,245,230,225,221,225,236,233,235,252,244,239,235,233,234,249,248,273,269,247,246,253,249,256,268],"rows":8,"seq":454,"status":[5,5,5,5,5,5,5,5,5,5,5,5,5,5,5,5,5,5,5,5,5,5,5,5,5,5,5,5,5,5,5,5,5,5,5,5,5,5,5,5,5,5,5,5,5,5,5,5,5,5,5,5,5,5,5,5,5,5,5,5,5,5,5,5],"t_ns":51207591981000}}
51219994967166	rest	depth	{"jsonrpc":"2.0","method":"tof.frame","params":{"at_us":33639856,"cols":8,"distance_mm":[223,219,205,205,213,219,217,213,228,212,211,198,204,203,213,224,225,215,206,211,206,206,216,220,227,218,218,215,211,215,224,233,238,227,224,219,207,220,220,230,248,231,227,224,218,225,231,236,251,240,242,240,235,232,247,254,268,257,255,250,249,252,259,269],"rows":8,"seq":455,"status":[5,5,5,5,5,5,5,5,5,5,5,5,5,5,5,5,5,5,5,5,5,5,5,5,5,5,5,5,5,5,5,5,5,5,5,5,5,5,5,5,5,5,5,5,5,5,5,5,5,5,5,5,5,5,5,5,5,5,5,5,5,5,5,5],"t_ns":51207669572000}}
51220069063958	rest	depth	{"jsonrpc":"2.0","method":"tof.frame","params":{"at_us":33713402,"cols":8,"distance_mm":[228,226,216,209,205,214,209,223,225,215,211,209,210,209,219,216,222,223,214,212,212,214,214,212,232,221,214,212,206,221,218,236,223,215,221,222,216,213,224,228,240,228,229,227,222,229,236,233,248,246,242,238,236,246,242,252,275,266,254,257,255,251,261,260],"rows":8,"seq":456,"status":[5,5,5,5,5,5,5,5,5,5,5,5,5,5,5,5,5,5,5,5,5,5,5,5,5,5,5,5,5,5,5,5,5,5,5,5,5,5,5,5,5,5,5,5,5,5,5,5,5,5,5,5,5,5,5,5,5,5,5,5,5,5,5,5],"t_ns":51207743118000}}
51220147138875	rest	depth	{"jsonrpc":"2.0","method":"tof.frame","params":{"at_us":33790745,"cols":8,"distance_mm":[224,209,211,210,207,208,217,224,219,219,218,208,208,212,221,220,222,214,214,211,207,206,218,219,227,221,215,217,211,213,218,225,231,220,214,208,211,218,222,228,242,229,226,223,227,220,237,237,245,245,244,234,239,245,238,242,267,260,254,253,263,256,261,269],"rows":8,"seq":457,"status":[5,5,5,5,5,5,5,5,5,5,5,5,5,5,5,5,5,5,5,5,5,5,5,5,5,5,5,5,5,5,5,5,5,5,5,5,5,5,5,5,5,5,5,5,5,5,5,5,5,5,5,5,5,5,5,5,5,5,5,5,5,5,5,5],"t_ns":51207820462000}}
51220220704791	rest	depth	{"jsonrpc":"2.0","method":"tof.frame","params":{"at_us":33866042,"cols":8,"distance_mm":[217,217,207,205,209,207,219,227,226,212,211,207,204,212,213,220,220,216,204,211,209,210,214,213,224,216,217,219,218,213,219,224,231,229,217,212,219,217,222,234,237,237,232,220,226,229,229,238,247,244,241,237,249,236,245,252,271,257,247,257,244,257,252,264],"rows":8,"seq":458,"status":[5,5,5,5,5,5,5,5,5,5,5,5,5,5,5,5,5,5,5,5,5,5,5,5,5,5,5,5,5,5,5,5,5,5,5,5,5,5,5,5,5,5,5,5,5,5,5,5,5,5,5,5,5,5,5,5,5,5,5,5,5,5,5,5],"t_ns":51207895759000}}
51220298541791	rest	depth	{"jsonrpc":"2.0","method":"tof.frame","params":{"at_us":33943418,"cols":8,"distance_mm":[216,218,214,213,217,214,214,220,219,214,214,211,216,220,213,225,224,220,207,203,211,205,212,223,234,227,221,222,208,210,223,221,235,217,215,217,220,226,215,231,245,230,222,224,231,225,235,241,253,240,236,231,229,239,240,249,266,252,251,244,249,252,261,261],"rows":8,"seq":459,"status":[5,5,5,5,5,5,5,5,5,5,5,5,5,5,5,5,5,5,5,5,5,5,5,5,5,5,5,5,5,5,5,5,5,5,5,5,5,5,5,5,5,5,5,5,5,5,5,5,5,5,5,5,5,5,5,5,5,5,5,5,5,5,5,5],"t_ns":51207973135000}}
51220369690333	rest	depth	{"jsonrpc":"2.0","method":"tof.frame","params":{"at_us":34013558,"cols":8,"distance_mm":[220,210,209,205,211,222,218,219,223,216,211,204,203,216,214,223,219,214,211,202,208,211,220,218,227,228,212,210,209,207,214,213,234,227,220,218,220,227,226,228,237,239,223,216,236,232,224,234,252,241,240,225,236,239,242,255,271,267,257,255,247,253,251,259],"rows":8,"seq":460,"status":[5,5,5,5,5,5,5,5,5,5,5,5,5,5,5,5,5,5,5,5,5,5,5,5,5,5,5,5,5,5,5,5,5,5,5,5,5,5,5,5,5,5,5,5,5,5,5,5,5,5,5,5,5,5,5,5,5,5,5,5,5,5,5,5],"t_ns":51208043275000}}
51220438318583	rest	depth	{"jsonrpc":"2.0","method":"tof.frame","params":{"at_us":34081837,"cols":8,"distance_mm":[223,216,215,210,207,210,214,217,217,207,209,218,207,212,209,221,216,216,213,195,217,204,214,218,227,224,210,215,202,219,213,225,236,225,224,216,217,218,223,238,238,227,233,226,224,221,225,243,247,243,244,234,238,240,243,248,263,262,251,254,249,248,258,267],"rows":8,"seq":461,"status":[5,5,5,5,5,5,5,5,5,5,5,5,5,5,5,5,5,5,5,5,5,5,5,5,5,5,5,5,5,5,5,5,5,5,5,5,5,5,5,5,5,5,5,5,5,5,5,5,5,5,5,5,5,5,5,5,5,5,5,5,5,5,5,5],"t_ns":51208111555000}}
51220514159125	rest	depth	{"jsonrpc":"2.0","method":"tof.frame","params":{"at_us":34159133,"cols":8,"distance_mm":[219,209,207,205,210,208,218,230,223,207,212,207,209,206,217,221,220,216,221,211,209,212,218,224,220,217,217,211,214,219,217,226,230,224,225,224,213,217,226,233,245,227,225,228,221,228,235,236,250,241,230,242,229,242,247,249,271,259,255,253,245,256,262,261],"rows":8,"seq":462,"status":[5,5,5,5,5,5,5,5,5,5,5,5,5,5,5,5,5,5,5,5,5,5,5,5,5,5,5,5,5,5,5,5,5,5,5,5,5,5,5,5,5,5,5,5,5,5,5,5,5,5,5,5,5,5,5,5,5,5,5,5,5,5,5,5],"t_ns":51208188851000}}
51220589984708	rest	depth	{"jsonrpc":"2.0","method":"tof.frame","params":{"at_us":34233760,"cols":8,"distance_mm":[218,209,214,216,213,216,215,224,220,216,208,207,207,213,219,221,226,219,210,208,203,206,208,225,229,212,219,208,210,218,217,228,238,222,222,219,222,219,228,234,240,241,227,227,219,225,232,240,253,240,240,236,232,243,240,242,271,253,252,247,246,248,254,260],"rows":8,"seq":463,"status":[5,5,5,5,5,5,5,5,5,5,5,5,5,5,5,5,5,5,5,5,5,5,5,5,5,5,5,5,5,5,5,5,5,5,5,5,5,5,5,5,5,5,5,5,5,5,5,5,5,5,5,5,5,5,5,5,5,5,5,5,5,5,5,5],"t_ns":51208263479000}}
51220666628083	rest	depth	{"jsonrpc":"2.0","method":"tof.frame","params":{"at_us":34310814,"cols":8,"distance_mm":[224,211,207,212,206,203,212,226,222,213,203,212,209,220,210,218,217,215,211,209,215,215,213,220,225,213,209,207,211,215,215,222,228,226,219,225,216,217,227,239,241,234,234,222,229,225,234,238,254,241,237,241,231,233,244,254,259,255,247,251,254,247,258,276],"rows":8,"seq":464,"status":[5,5,5,5,5,5,5,5,5,5,5,5,5,5,5,5,5,5,5,5,5,5,5,5,5,5,5,5,5,5,5,5,5,5,5,5,5,5,5,5,5,5,5,5,5,5,5,5,5,5,5,5,5,5,5,5,5,5,5,5,5,5,5,5],"t_ns":51208340533000}}
51220742688208	rest	depth	{"jsonrpc":"2.0","method":"tof.frame","params":{"at_us":34387492,"cols":8,"distance_mm":[222,214,213,210,207,209,216,226,216,214,203,205,205,208,213,218,226,215,209,207,204,210,213,214,229,219,216,212,212,216,219,227,227,225,225,216,211,218,226,234,243,231,226,229,220,233,228,238,255,248,240,232,236,243,244,251,273,263,254,245,254,257,247,270],"rows":8,"seq":465,"status":[5,5,5,5,5,5,5,5,5,5,5,5,5,5,5,5,5,5,5,5,5,5,5,5,5,5,5,5,5,5,5,5,5,5,5,5,5,5,5,5,5,5,5,5,5,5,5,5,5,5,5,5,5,5,5,5,5,5,5,5,5,5,5,5],"t_ns":51208417211000}}
51220816249583	rest	depth	{"jsonrpc":"2.0","method":"tof.frame","params":{"at_us":34459683,"cols":8,"distance_mm":[225,211,216,208,202,216,213,216,222,223,208,212,210,213,211,225,226,214,210,205,201,209,216,226,226,217,212,218,212,208,220,218,230,225,219,217,218,224,219,230,238,233,232,222,229,225,233,248,255,247,238,236,232,233,246,248,268,250,255,254,248,251,262,272],"rows":8,"seq":466,"status":[5,5,5,5,5,5,5,5,5,5,5,5,5,5,5,5,5,5,5,5,5,5,5,5,5,5,5,5,5,5,5,5,5,5,5,5,5,5,5,5,5,5,5,5,5,5,5,5,5,5,5,5,5,5,5,5,5,5,5,5,5,5,5,5],"t_ns":51208489402000}}
51220892698791	rest	depth	{"jsonrpc":"2.0","method":"tof.frame","params":{"at_us":34536953,"cols":8,"distance_mm":[221,213,214,208,201,210,213,223,213,217,215,206,202,207,211,227,223,214,219,213,207,211,211,222,231,220,214,213,212,225,217,227,226,217,211,214,211,221,229,232,237,238,234,227,223,227,236,238,257,249,235,231,234,237,250,244,269,260,250,252,248,247,261,272],"rows":8,"seq":467,"status":[5,5,5,5,5,5,5,5,5,5,5,5,5,5,5,5,5,5,5,5,5,5,5,5,5,5,5,5,5,5,5,5,5,5,5,5,5,5,5,5,5,5,5,5,5,5,5,5,5,5,5,5,5,5,5,5,5,5,5,5,5,5,5,5],"t_ns":51208566672000}}
51220967210083	rest	depth	{"jsonrpc":"2.0","method":"tof.frame","params":{"at_us":34610172,"cols":8,"distance_mm":[230,218,213,215,210,206,211,225,223,208,210,211,205,217,218,226,235,219,209,210,207,217,214,221,221,213,222,221,206,207,218,221,238,223,220,215,216,222,219,225,248,229,219,227,226,232,236,239,253,239,238,234,239,235,238,251,265,255,258,258,245,255,255,273],"rows":8,"seq":468,"status":[5,5,5,5,5,5,5,5,5,5,5,5,5,5,5,5,5,5,5,5,5,5,5,5,5,5,5,5,5,5,5,5,5,5,5,5,5,5,5,5,5,5,5,5,5,5,5,5,5,5,5,5,5,5,5,5,5,5,5,5,5,5,5,5],"t_ns":51208639892000}}
51221041021958	rest	depth	{"jsonrpc":"2.0","method":"tof.frame","params":{"at_us":34684540,"cols":8,"distance_mm":[225,212,210,211,209,210,212,223,225,209,211,207,204,211,219,222,222,209,212,211,210,213,213,215,226,219,216,218,218,216,216,228,231,226,216,216,216,215,226,226,236,234,226,222,226,226,227,236,247,252,232,242,240,238,239,249,268,270,254,242,250,254,256,266],"rows":8,"seq":469,"status":[5,5,5,5,5,5,5,5,5,5,5,5,5,5,5,5,5,5,5,5,5,5,5,5,5,5,5,5,5,5,5,5,5,5,5,5,5,5,5,5,5,5,5,5,5,5,5,5,5,5,5,5,5,5,5,5,5,5,5,5,5,5,5,5],"t_ns":51208714261000}}
51221110331125	rest	depth	{"jsonrpc":"2.0","method":"tof.frame","params":{"at_us":34753854,"cols":8,"distance_mm":[226,205,209,208,217,211,217,222,228,221,210,206,209,215,206,224,222,216,212,210,210,217,215,224,232,220,213,212,212,219,224,219,237,230,211,218,223,223,226,221,237,235,223,221,225,232,229,236,251,246,245,239,235,241,243,252,266,251,255,257,244,264,262,260],"rows":8,"seq":470,"status":[5,5,5,5,5,5,5,5,5,5,5,5,5,5,5,5,5,5,5,5,5,5,5,5,5,5,5,5,5,5,5,5,5,5,5,5,5,5,5,5,5,5,5,5,5,5,5,5,5,5,5,5,5,5,5,5,5,5,5,5,5,5,5,5],"t_ns":51208783574000}}
51221186260625	rest	depth	{"jsonrpc":"2.0","method":"tof.frame","params":{"at_us":34831141,"cols":8,"distance_mm":[218,215,210,211,205,208,214,216,226,215,207,205,200,215,211,217,227,215,215,205,209,209,212,215,223,214,207,216,212,213,216,225,225,223,223,217,216,220,226,231,242,229,230,232,223,228,233,245,251,243,241,240,234,242,245,250,264,259,262,248,256,255,256,265],"rows":8,"seq":471,"status":[5,5,5,5,5,5,5,5,5,5,5,5,5,5,5,5,5,5,5,5,5,5,5,5,5,5,5,5,5,5,5,5,5,5,5,5,5,5,5,5,5,5,5,5,5,5,5,5,5,5,5,5,5,5,5,5,5,5,5,5,5,5,5,5],"t_ns":51208860862000}}
51221262426791	rest	depth	{"jsonrpc":"2.0","method":"tof.frame","params":{"at_us":34905731,"cols":8,"distance_mm":[223,213,219,208,219,211,211,215,223,216,211,212,210,211,210,225,221,213,213,208,206,208,209,214,227,212,218,223,213,212,215,222,230,222,225,217,219,218,221,234,242,227,222,223,221,229,228,242,250,245,234,232,234,242,244,250,271,261,252,256,250,251,263,264],"rows":8,"seq":472,"status":[5,5,5,5,5,5,5,5,5,5,5,5,5,5,5,5,5,5,5,5,5,5,5,5,5,5,5,5,5,5,5,5,5,5,5,5,5,5,5,5,5,5,5,5,5,5,5,5,5,5,5,5,5,5,5,5,5,5,5,5,5,5,5,5],"t_ns":51208935452000}}
51221337734541	rest	depth	{"jsonrpc":"2.0","method":"tof.frame","params":{"at_us":34983428,"cols":8,"distance_mm":[221,218,209,215,210,214,216,221,223,213,219,210,212,217,211,216,220,214,212,211,200,212,214,220,226,219,212,215,204,212,221,229,225,228,213,223,219,219,227,230,236,229,229,236,231,223,229,231,246,243,234,235,233,232,233,257,272,271,251,258,247,259,258,267],"rows":8,"seq":473,"status":[5,5,5,5,5,5,5,5,5,5,5,5,5,5,5,5,5,5,5,5,5,5,5,5,5,5,5,5,5,5,5,5,5,5,5,5,5,5,5,5,5,5,5,5,5,5,5,5,5,5,5,5,5,5,5,5,5,5,5,5,5,5,5,5],"t_ns":51209013150000}}
51221409747375	rest	depth	{"jsonrpc":"2.0","method":"tof.frame","params":{"at_us":35053328,"cols":8,"distance_mm":[222,211,217,209,210,221,217,220,222,214,217,212,212,217,210,221,218,224,200,211,215,212,216,220,230,214,212,219,210,218,216,233,222,227,215,214,217,221,224,226,238,230,220,226,219,229,230,231,259,239,231,230,237,233,246,257,262,253,258,251,243,250,262,278],"rows":8,"seq":474,"status":[5,5,5,5,5,5,5,5,5,5,5,5,5,5,5,5,5,5,5,5,5,5,5,5,5,5,5,5,5,5,5,5,5,5,5,5,5,5,5,5,5,5,5,5,5,5,5,5,5,5,5,5,5,5,5,5,5,5,5,5,5,5,5,5],"t_ns":51209083050000}}
51221485385166	rest	depth	{"jsonrpc":"2.0","method":"tof.frame","params":{"at_us":35129000,"cols":8,"distance_mm":[221,212,213,209,204,213,215,228,228,216,215,206,201,213,218,231,213,217,221,204,212,210,212,220,228,226,212,219,212,216,217,225,227,233,222,218,217,217,232,235,239,233,227,229,233,231,235,244,257,243,238,234,232,238,238,250,278,258,253,245,250,252,267,268],"rows":8,"seq":475,"status":[5,5,5,5,5,5,5,5,5,5,5,5,5,5,5,5,5,5,5,5,5,5,5,5,5,5,5,5,5,5,5,5,5,5,5,5,5,5,5,5,5,5,5,5,5,5,5,5,5,5,5,5,5,5,5,5,5,5,5,5,5,5,5,5],"t_ns":51209158723000}}
51221557718416	rest	depth	{"jsonrpc":"2.0","method":"tof.frame","params":{"at_us":35201199,"cols":8,"distance_mm":[217,212,210,209,216,215,213,216,218,207,209,211,204,217,212,215,221,214,206,209,207,217,216,215,226,220,209,221,215,215,220,221,233,225,224,217,217,216,223,226,237,236,224,225,226,226,227,237,258,249,237,232,229,238,241,250,266,265,257,253,257,251,252,265],"rows":8,"seq":476,"status":[5,5,5,5,5,5,5,5,5,5,5,5,5,5,5,5,5,5,5,5,5,5,5,5,5,5,5,5,5,5,5,5,5,5,5,5,5,5,5,5,5,5,5,5,5,5,5,5,5,5,5,5,5,5,5,5,5,5,5,5,5,5,5,5],"t_ns":51209230921000}}
51221629503916	rest	depth	{"jsonrpc":"2.0","method":"tof.frame","params":{"at_us":35275191,"cols":8,"distance_mm":[218,213,214,213,210,207,217,208,226,221,212,209,208,208,217,217,212,216,219,212,209,215,212,221,228,222,208,218,209,214,221,225,226,224,213,214,218,212,224,229,239,234,235,223,227,225,237,242,254,238,231,238,233,237,242,250,265,262,246,244,253,253,263,265],"rows":8,"seq":477,"status":[5,5,5,5,5,5,5,5,5,5,5,5,5,5,5,5,5,5,5,5,5,5,5,5,5,5,5,5,5,5,5,5,5,5,5,5,5,5,5,5,5,5,5,5,5,5,5,5,5,5,5,5,5,5,5,5,5,5,5,5,5,5,5,5],"t_ns":51209304914000}}
51221707884833	rest	depth	{"jsonrpc":"2.0","method":"tof.frame","params":{"at_us":35351230,"cols":8,"distance_mm":[220,220,209,218,206,211,210,220,218,217,211,201,201,208,205,215,220,218,209,209,205,210,213,227,229,217,217,214,212,220,218,237,238,223,211,216,214,216,226,233,237,234,229,228,226,229,230,235,247,243,242,239,236,239,242,253,269,260,256,253,253,254,258,272],"rows":8,"seq":478,"status":[5,5,5,5,5,5,5,5,5,5,5,5,5,5,5,5,5,5,5,5,5,5,5,5,5,5,5,5,5,5,5,5,5,5,5,5,5,5,5,5,5,5,5,5,5,5,5,5,5,5,5,5,5,5,5,5,5,5,5,5,5,5,5,5],"t_ns":51209380953000}}
51221782066416	rest	depth	{"jsonrpc":"2.0","method":"tof.frame","params":{"at_us":35425748,"cols":8,"distance_mm":[220,210,214,205,212,210,214,224,219,216,210,210,211,206,214,219,213,215,217,202,209,215,216,223,226,224,216,216,211,216,211,226,235,222,217,217,218,214,223,229,248,236,220,226,224,233,237,233,256,247,242,236,231,234,237,246,262,259,261,248,247,249,263,266],"rows":8,"seq":479,"status":[5,5,5,5,5,5,5,5,5,5,5,5,5,5,5,5,5,5,5,5,5,5,5,5,5,5,5,5,5,5,5,5,5,5,5,5,5,5,5,5,5,5,5,5,5,5,5,5,5,5,5,5,5,5,5,5,5,5,5,5,5,5,5,5],"t_ns":51209455471000}}
51221856853416	rest	depth	{"jsonrpc":"2.0","method":"tof.frame","params":{"at_us":35500346,"cols":8,"distance_mm":[223,215,207,211,202,212,219,223,221,214,216,210,215,210,218,220,231,217,219,205,207,207,220,219,228,222,220,214,213,217,216,216,232,223,220,211,207,229,220,229,245,225,229,225,225,225,234,242,258,243,228,231,235,230,246,243,268,254,252,257,254,256,257,269],"rows":8,"seq":480,"status":[5,5,5,5,5,5,5,5,5,5,5,5,5,5,5,5,5,5,5,5,5,5,5,5,5,5,5,5,5,5,5,5,5,5,5,5,5,5,5,5,5,5,5,5,5,5,5,5,5,5,5,5,5,5,5,5,5,5,5,5,5,5,5,5],"t_ns":51209530070000}}
51221933650583	rest	depth	{"jsonrpc":"2.0","method":"tof.frame","params":{"at_us":35577604,"cols":8,"distance_mm":[221,217,210,205,204,211,214,221,222,217,205,207,207,210,211,217,228,212,211,211,207,204,217,226,229,221,214,211,210,213,221,222,236,226,230,210,223,224,223,226,247,235,226,221,229,224,226,239,251,244,231,239,237,235,234,249,264,255,249,253,246,255,259,276],"rows":8,"seq":481,"status":[5,5,5,5,5,5,5,5,5,5,5,5,5,5,5,5,5,5,5,5,5,5,5,5,5,5,5,5,5,5,5,5,5,5,5,5,5,5,5,5,5,5,5,5,5,5,5,5,5,5,5,5,5,5,5,5,5,5,5,5,5,5,5,5],"t_ns":51209607329000}}
51222008865375	rest	depth	{"jsonrpc":"2.0","method":"tof.frame","params":{"at_us":35653829,"cols":8,"distance_mm":[224,215,211,213,211,207,215,224,223,216,214,209,205,214,215,217,223,213,212,212,218,217,211,219,224,215,217,216,211,217,224,231,236,224,217,218,220,219,220,234,246,232,228,223,225,228,229,234,250,240,239,235,238,238,241,241,271,259,252,254,244,248,262,264],"rows":8,"seq":482,"status":[5,5,5,5,5,5,5,5,5,5,5,5,5,5,5,5,5,5,5,5,5,5,5,5,5,5,5,5,5,5,5,5,5,5,5,5,5,5,5,5,5,5,5,5,5,5,5,5,5,5,5,5,5,5,5,5,5,5,5,5,5,5,5,5],"t_ns":51209683553000}}
51222082240625	rest	depth	{"jsonrpc":"2.0","method":"tof.frame","params":{"at_us":35725649,"cols":8,"distance_mm":[225,216,212,215,209,215,218,217,218,213,208,207,214,210,216,223,219,214,207,215,207,209,216,221,225,218,213,214,213,213,223,223,230,225,221,225,216,214,220,234,235,236,227,222,224,231,234,237,255,240,243,238,242,240,242,250,267,262,257,250,249,254,260,263],"rows":8,"seq":483,"status":[5,5,5,5,5,5,5,5,5,5,5,5,5,5,5,5,5,5,5,5,5,5,5,5,5,5,5,5,5,5,5,5,5,5,5,5,5,5,5,5,5,5,5,5,5,5,5,5,5,5,5,5,5,5,5,5,5,5,5,5,5,5,5,5],"t_ns":51209755374000}}
51222156074125	rest	depth	{"jsonrpc":"2.0","method":"tof.frame","params":{"at_us":35800822,"cols":8,"distance_mm":[224,218,217,209,215,206,218,230,219,215,203,208,213,212,216,220,220,218,216,211,204,216,212,223,223,215,213,219,204,214,218,228,233,229,226,218,215,219,223,238,240,228,234,225,233,223,232,236,248,241,244,237,236,236,249,248,271,249,258,242,253,257,256,267],"rows":8,"seq":484,"status":[5,5,5,5,5,5,5,5,5,5,5,5,5,5,5,5,5,5,5,5,5,5,5,5,5,5,5,5,5,5,5,5,5,5,5,5,5,5,5,5,5,5,5,5,5,5,5,5,5,5,5,5,5,5,5,5,5,5,5,5,5,5,5,5],"t_ns":51209830547000}}
51222233636666	rest	depth	{"jsonrpc":"2.0","method":"tof.frame","params":{"at_us":35877065,"cols":8,"distance_mm":[221,214,210,214,212,206,217,226,228,211,198,210,207,210,212,219,222,216,216,205,200,211,212,226,225,213,218,217,213,213,217,227,238,228,229,225,209,212,228,234,241,233,222,226,221,230,234,241,250,243,239,234,243,231,244,256,263,263,252,250,250,255,260,261],"rows":8,"seq":485,"status":[5,5,5,5,5,5,5,5,5,5,5,5,5,5,5,5,5,5,5,5,5,5,5,5,5,5,5,5,5,5,5,5,5,5,5,5,5,5,5,5,5,5,5,5,5,5,5,5,5,5,5,5,5,5,5,5,5,5,5,5,5,5,5,5],"t_ns":51209906791000}}
51222311079125	rest	depth	{"jsonrpc":"2.0","method":"tof.frame","params":{"at_us":35954326,"cols":8,"distance_mm":[228,218,207,203,206,207,212,221,213,212,209,208,209,208,216,217,227,218,218,202,202,217,210,220,225,214,215,212,212,216,220,220,236,228,215,217,218,220,219,236,242,233,226,228,224,232,235,245,247,239,232,234,232,244,245,253,261,266,252,243,244,252,261,271],"rows":8,"seq":486,"status":[5,5,5,5,5,5,5,5,5,5,5,5,5,5,5,5,5,5,5,5,5,5,5,5,5,5,5,5,5,5,5,5,5,5,5,5,5,5,5,5,5,5,5,5,5,5,5,5,5,5,5,5,5,5,5,5,5,5,5,5,5,5,5,5],"t_ns":51209984052000}}
51222379849333	rest	depth	{"jsonrpc":"2.0","method":"tof.frame","params":{"at_us":36023387,"cols":8,"distance_mm":[232,214,219,212,206,202,219,216,220,208,214,204,209,205,214,227,220,211,209,204,208,212,214,227,228,222,227,211,208,209,214,227,236,218,221,219,214,219,220,230,238,232,226,231,225,237,230,241,255,245,248,236,233,235,236,251,271,259,253,250,252,257,254,271],"rows":8,"seq":487,"status":[5,5,5,5,5,5,5,5,5,5,5,5,5,5,5,5,5,5,5,5,5,5,5,5,5,5,5,5,5,5,5,5,5,5,5,5,5,5,5,5,5,5,5,5,5,5,5,5,5,5,5,5,5,5,5,5,5,5,5,5,5,5,5,5],"t_ns":51210053113000}}
51222448200416	rest	depth	{"jsonrpc":"2.0","method":"tof.frame","params":{"at_us":36091624,"cols":8,"distance_mm":[217,218,213,205,207,221,219,225,227,210,209,211,212,208,208,216,222,217,212,219,206,210,211,222,221,216,213,217,214,211,210,227,236,226,225,215,217,221,217,228,245,228,225,218,226,228,233,237,252,250,238,244,239,237,238,255,263,260,254,250,248,251,256,256],"rows":8,"seq":488,"status":[5,5,5,5,5,5,5,5,5,5,5,5,5,5,5,5,5,5,5,5,5,5,5,5,5,5,5,5,5,5,5,5,5,5,5,5,5,5,5,5,5,5,5,5,5,5,5,5,5,5,5,5,5,5,5,5,5,5,5,5,5,5,5,5],"t_ns":51210121350000}}
51222519661083	rest	depth	{"jsonrpc":"2.0","method":"tof.frame","params":{"at_us":36162970,"cols":8,"distance_mm":[223,211,207,212,212,212,219,219,222,220,211,209,210,211,207,227,225,213,213,204,207,213,217,216,234,216,207,206,214,220,216,231,234,228,219,217,215,224,220,224,240,234,228,227,228,230,234,241,260,239,228,234,234,233,245,254,267,253,256,249,245,245,258,269],"rows":8,"seq":489,"status":[5,5,5,5,5,5,5,5,5,5,5,5,5,5,5,5,5,5,5,5,5,5,5,5,5,5,5,5,5,5,5,5,5,5,5,5,5,5,5,5,5,5,5,5,5,5,5,5,5,5,5,5,5,5,5,5,5,5,5,5,5,5,5,5],"t_ns":51210192696000}}
51222587966458	rest	depth	{"jsonrpc":"2.0","method":"tof.frame","params":{"at_us":36231478,"cols":8,"distance_mm":[216,212,214,209,204,206,216,222,216,217,213,215,213,208,215,229,224,214,203,208,212,209,218,220,219,220,204,211,212,214,217,221,232,226,222,215,221,219,228,228,239,235,233,224,222,222,236,236,247,241,234,240,236,233,235,258,258,266,256,245,252,247,257,264],"rows":8,"seq":490,"status":[5,5,5,5,5,5,5,5,5,5,5,5,5,5,5,5,5,5,5,5,5,5,5,5,5,5,5,5,5,5,5,5,5,5,5,5,5,5,5,5,5,5,5,5,5,5,5,5,5,5,5,5,5,5,5,5,5,5,5,5,5,5,5,5],"t_ns":51210261205000}}
51222665599458	rest	depth	{"jsonrpc":"2.0","method":"tof.frame","params":{"at_us":36308746,"cols":8,"distance_mm":[229,212,210,206,209,205,216,218,219,211,211,213,204,205,216,222,212,223,208,210,212,204,210,216,227,221,215,217,215,209,221,223,233,223,218,219,217,215,222,230,238,232,230,227,228,228,228,239,245,247,236,231,236,229,242,254,267,264,252,252,257,252,252,273],"rows":8,"seq":491,"status":[5,5,5,5,5,5,5,5,5,5,5,5,5,5,5,5,5,5,5,5,5,5,5,5,5,5,5,5,5,5,5,5,5,5,5,5,5,5,5,5,5,5,5,5,5,5,5,5,5,5,5,5,5,5,5,5,5,5,5,5,5,5,5,5],"t_ns":51210338473000}}
51222741978958	rest	depth	{"jsonrpc":"2.0","method":"tof.frame","params":{"at_us":36385997,"cols":8,"distance_mm":[224,216,210,218,212,209,223,222,221,210,220,206,203,216,206,220,221,224,213,204,213,204,213,214,220,210,215,216,215,212,212,224,227,231,224,215,219,216,215,235,241,230,229,224,234,227,223,239,247,243,234,233,238,241,241,249,265,264,260,256,243,250,260,260],"rows":8,"seq":492,"status":[5,5,5,5,5,5,5,5,5,5,5,5,5,5,5,5,5,5,5,5,5,5,5,5,5,5,5,5,5,5,5,5,5,5,5,5,5,5,5,5,5,5,5,5,5,5,5,5,5,5,5,5,5,5,5,5,5,5,5,5,5,5,5,5],"t_ns":51210415724000}}
51222817785541	rest	depth	{"jsonrpc":"2.0","method":"tof.frame","params":{"at_us":36463230,"cols":8,"distance_mm":[226,210,210,205,205,219,215,223,226,216,213,208,206,212,215,223,220,210,215,213,207,205,217,221,229,216,216,211,214,211,222,221,224,224,229,222,216,216,218,230,235,229,228,223,227,225,230,242,253,241,236,230,236,234,247,247,275,267,249,246,251,252,257,257],"rows":8,"seq":493,"status":[5,5,5,5,5,5,5,5,5,5,5,5,5,5,5,5,5,5,5,5,5,5,5,5,5,5,5,5,5,5,5,5,5,5,5,5,5,5,5,5,5,5,5,5,5,5,5,5,5,5,5,5,5,5,5,5,5,5,5,5,5,5,5,5],"t_ns":51210492957000}}
51222893481375	rest	depth	{"jsonrpc":"2.0","method":"tof.frame","params":{"at_us":36538739,"cols":8,"distance_mm":[221,215,215,214,211,216,209,221,221,215,216,218,214,215,211,221,228,214,218,207,205,210,212,220,224,217,217,212,210,210,217,224,234,221,219,220,211,221,224,232,238,237,229,227,227,225,229,240,250,240,239,234,225,243,248,245,268,254,255,250,249,254,251,262],"rows":8,"seq":494,"status":[5,5,5,5,5,5,5,5,5,5,5,5,5,5,5,5,5,5,5,5,5,5,5,5,5,5,5,5,5,5,5,5,5,5,5,5,5,5,5,5,5,5,5,5,5,5,5,5,5,5,5,5,5,5,5,5,5,5,5,5,5,5,5,5],"t_ns":51210568467000}}
51222974963000	rest	depth	{"jsonrpc":"2.0","method":"tof.frame","params":{"at_us":36617951,"cols":8,"distance_mm":[222,217,206,219,212,207,219,216,222,214,212,207,208,200,209,219,222,208,218,214,215,212,211,227,218,221,212,213,211,209,221,227,228,221,223,227,215,225,217,228,243,236,229,219,219,228,237,241,253,238,243,233,237,238,243,251,265,260,252,257,251,254,264,263],"rows":8,"seq":495,"status":[5,5,5,5,5,5,5,5,5,5,5,5,5,5,5,5,5,5,5,5,5,5,5,5,5,5,5,5,5,5,5,5,5,5,5,5,5,5,5,5,5,5,5,5,5,5,5,5,5,5,5,5,5,5,5,5,5,5,5,5,5,5,5,5],"t_ns":51210647679000}}
51223047598250	rest	depth	{"jsonrpc":"2.0","method":"tof.frame","params":{"at_us":36690429,"cols":8,"distance_mm":[221,219,209,213,217,214,220,226,221,220,207,208,210,210,206,223,221,214,213,210,215,217,222,214,222,222,220,217,214,215,219,227,231,228,216,221,220,225,223,222,240,237,229,226,222,220,224,236,254,245,237,240,236,237,239,250,264,256,247,250,251,255,252,267],"rows":8,"seq":496,"status":[5,5,5,5,5,5,5,5,5,5,5,5,5,5,5,5,5,5,5,5,5,5,5,5,5,5,5,5,5,5,5,5,5,5,5,5,5,5,5,5,5,5,5,5,5,5,5,5,5,5,5,5,5,5,5,5,5,5,5,5,5,5,5,5],"t_ns":51210720157000}}
51223117689375	rest	depth	{"jsonrpc":"2.0","method":"tof.frame","params":{"at_us":36762343,"cols":8,"distance_mm":[220,214,217,214,211,218,214,222,220,213,216,211,207,213,213,229,225,215,210,207,206,208,212,223,229,221,220,217,210,213,218,221,242,226,215,214,221,218,222,232,242,240,230,225,233,224,231,241,257,246,241,237,239,238,242,244,272,257,255,252,250,257,269,270],"rows":8,"seq":497,"status":[5,5,5,5,5,5,5,5,5,5,5,5,5,5,5,5,5,5,5,5,5,5,5,5,5,5,5,5,5,5,5,5,5,5,5,5,5,5,5,5,5,5,5,5,5,5,5,5,5,5,5,5,5,5,5,5,5,5,5,5,5,5,5,5],"t_ns":51210792072000}}
51223197813875	rest	depth	{"jsonrpc":"2.0","method":"tof.frame","params":{"at_us":36841896,"cols":8,"distance_mm":[230,218,217,211,209,209,218,218,224,207,203,209,202,209,220,221,219,220,212,208,203,216,213,225,226,220,207,208,217,213,215,228,230,228,226,222,216,231,222,233,244,224,228,229,224,223,229,241,248,244,232,239,239,233,241,254,264,262,249,247,245,250,256,264],"rows":8,"seq":498,"status":[5,5,5,5,5,5,5,5,5,5,5,5,5,5,5,5,5,5,5,5,5,5,5,5,5,5,5,5,5,5,5,5,5,5,5,5,5,5,5,5,5,5,5,5,5,5,5,5,5,5,5,5,5,5,5,5,5,5,5,5,5,5,5,5],"t_ns":51210871625000}}
51223275744541	rest	depth	{"jsonrpc":"2.0","method":"tof.frame","params":{"at_us":36919588,"cols":8,"distance_mm":[226,216,209,208,211,213,221,228,225,221,214,209,202,214,222,222,221,221,198,220,208,212,218,223,225,221,211,209,210,220,222,230,231,224,218,218,211,215,224,224,243,238,225,224,229,227,235,236,255,240,237,236,229,236,242,247,267,260,259,254,248,252,267,266],"rows":8,"seq":499,"status":[5,5,5,5,5,5,5,5,5,5,5,5,5,5,5,5,5,5,5,5,5,5,5,5,5,5,5,5,5,5,5,5,5,5,5,5,5,5,5,5,5,5,5,5,5,5,5,5,5,5,5,5,5,5,5,5,5,5,5,5,5,5,5,5],"t_ns":51210949317000}}
51223360122625	rest	depth	{"jsonrpc":"2.0","method":"tof.frame","params":{"at_us":37004553,"cols":8,"distance_mm":[232,211,211,205,205,207,213,221,223,221,210,205,204,210,217,221,225,215,214,211,209,206,222,218,230,221,217,215,217,215,216,220,230,230,225,218,213,218,228,233,243,233,229,227,223,227,236,246,246,244,241,241,238,233,244,246,266,260,250,253,247,257,256,266],"rows":8,"seq":500,"status":[5,5,5,5,5,5,5,5,5,5,5,5,5,5,5,5,5,5,5,5,5,5,5,5,5,5,5,5,5,5,5,5,5,5,5,5,5,5,5,5,5,5,5,5,5,5,5,5,5,5,5,5,5,5,5,5,5,5,5,5,5,5,5,5],"t_ns":51211034283000}}
51223439501875	rest	depth	{"jsonrpc":"2.0","method":"tof.frame","params":{"at_us":37081874,"cols":8,"distance_mm":[218,214,212,211,210,214,220,225,225,216,212,216,210,211,213,214,214,219,211,215,212,203,212,221,226,223,212,212,210,220,218,229,239,223,222,222,219,226,229,242,241,233,230,225,227,219,236,237,254,248,238,245,237,239,248,249,272,261,245,245,247,248,252,268],"rows":8,"seq":501,"status":[5,5,5,5,5,5,5,5,5,5,5,5,5,5,5,5,5,5,5,5,5,5,5,5,5,5,5,5,5,5,5,5,5,5,5,5,5,5,5,5,5,5,5,5,5,5,5,5,5,5,5,5,5,5,5,5,5,5,5,5,5,5,5,5],"t_ns":51211111605000}}
51223512048916	rest	depth	{"jsonrpc":"2.0","method":"tof.frame","params":{"at_us":37157108,"cols":8,"distance_mm":[216,216,211,207,213,212,219,221,226,219,208,209,210,213,214,224,231,214,218,216,210,205,214,220,224,223,216,212,213,223,219,222,239,223,215,221,215,215,218,222,236,230,232,229,228,239,233,243,257,249,245,235,231,232,242,245,269,258,247,258,242,259,264,266],"rows":8,"seq":502,"status":[5,5,5,5,5,5,5,5,5,5,5,5,5,5,5,5,5,5,5,5,5,5,5,5,5,5,5,5,5,5,5,5,5,5,5,5,5,5,5,5,5,5,5,5,5,5,5,5,5,5,5,5,5,5,5,5,5,5,5,5,5,5,5,5],"t_ns":51211186839000}}
51223583842791	rest	depth	{"jsonrpc":"2.0","method":"tof.frame","params":{"at_us":37228327,"cols":8,"distance_mm":[228,218,215,203,210,209,213,222,225,213,207,208,210,207,219,221,226,217,219,210,200,207,214,229,223,228,216,220,213,214,213,224,230,223,226,219,216,221,229,229,241,232,223,224,224,228,235,228,241,249,248,236,237,238,234,245,264,264,263,243,246,249,260,264],"rows":8,"seq":503,"status":[5,5,5,5,5,5,5,5,5,5,5,5,5,5,5,5,5,5,5,5,5,5,5,5,5,5,5,5,5,5,5,5,5,5,5,5,5,5,5,5,5,5,5,5,5,5,5,5,5,5,5,5,5,5,5,5,5,5,5,5,5,5,5,5],"t_ns":51211258059000}}
51223651371458	rest	depth	{"jsonrpc":"2.0","method":"tof.frame","params":{"at_us":37296910,"cols":8,"distance_mm":[226,220,216,212,212,214,219,227,219,210,214,207,213,213,213,212,223,217,207,218,210,211,213,223,235,223,210,214,215,215,217,225,232,230,221,214,222,216,230,222,244,236,236,227,228,228,239,244,248,247,236,237,230,241,246,247,270,264,260,248,246,252,259,280],"rows":8,"seq":504,"status":[5,5,5,5,5,5,5,5,5,5,5,5,5,5,5,5,5,5,5,5,5,5,5,5,5,5,5,5,5,5,5,5,5,5,5,5,5,5,5,5,5,5,5,5,5,5,5,5,5,5,5,5,5,5,5,5,5,5,5,5,5,5,5,5],"t_ns":51211326641000}}
51223730909000	rest	depth	{"jsonrpc":"2.0","method":"tof.frame","params":{"at_us":37375293,"cols":8,"distance_mm":[221,212,213,201,206,217,207,222,213,219,220,209,206,206,211,213,216,217,215,208,204,207,216,226,225,218,216,215,215,219,219,224,227,228,218,217,216,218,219,236,242,232,227,225,223,224,232,242,241,243,238,240,227,241,236,256,265,260,255,249,251,251,267,268],"rows":8,"seq":505,"status":[5,5,5,5,5,5,5,5,5,5,5,5,5,5,5,5,5,5,5,5,5,5,5,5,5,5,5,5,5,5,5,5,5,5,5,5,5,5,5,5,5,5,5,5,5,5,5,5,5,5,5,5,5,5,5,5,5,5,5,5,5,5,5,5],"t_ns":51211405024000}}
51223807429500	rest	depth	{"jsonrpc":"2.0","method":"tof.frame","params":{"at_us":37453067,"cols":8,"distance_mm":[224,210,218,212,210,208,208,223,223,215,206,209,204,211,216,229,220,221,216,213,212,216,215,223,230,216,220,218,210,221,216,224,238,222,225,219,217,228,225,236,242,230,224,226,224,227,233,238,253,253,247,237,233,240,254,246,262,256,254,251,249,249,262,269],"rows":8,"seq":506,"status":[5,5,5,5,5,5,5,5,5,5,5,5,5,5,5,5,5,5,5,5,5,5,5,5,5,5,5,5,5,5,5,5,5,5,5,5,5,5,5,5,5,5,5,5,5,5,5,5,5,5,5,5,5,5,5,5,5,5,5,5,5,5,5,5],"t_ns":51211482799000}}
51223887261791	rest	depth	{"jsonrpc":"2.0","method":"tof.frame","params":{"at_us":37531139,"cols":8,"distance_mm":[217,212,220,205,205,220,225,220,222,215,212,204,212,212,218,218,218,216,209,214,212,213,213,214,226,221,205,218,202,213,213,219,230,227,221,212,212,221,227,223,254,233,231,230,229,216,232,241,258,248,234,235,230,239,234,250,267,262,255,255,254,240,255,271],"rows":8,"seq":507,"status":[5,5,5,5,5,5,5,5,5,5,5,5,5,5,5,5,5,5,5,5,5,5,5,5,5,5,5,5,5,5,5,5,5,5,5,5,5,5,5,5,5,5,5,5,5,5,5,5,5,5,5,5,5,5,5,5,5,5,5,5,5,5,5,5],"t_ns":51211560872000}}
51223963927083	rest	depth	{"jsonrpc":"2.0","method":"tof.frame","params":{"at_us":37607130,"cols":8,"distance_mm":[217,220,209,208,212,211,217,225,219,217,210,207,215,207,211,221,223,219,218,214,212,214,208,221,231,218,215,208,216,212,217,224,234,222,224,221,216,217,224,231,240,229,234,226,225,225,232,233,254,246,240,236,237,236,240,248,274,263,257,246,245,255,254,269],"rows":8,"seq":508,"status":[5,5,5,5,5,5,5,5,5,5,5,5,5,5,5,5,5,5,5,5,5,5,5,5,5,5,5,5,5,5,5,5,5,5,5,5,5,5,5,5,5,5,5,5,5,5,5,5,5,5,5,5,5,5,5,5,5,5,5,5,5,5,5,5],"t_ns":51211636862000}}
51224035440500	rest	depth	{"jsonrpc":"2.0","method":"tof.frame","params":{"at_us":37680941,"cols":8,"distance_mm":[209,219,211,203,205,210,217,220,221,209,216,209,210,202,205,221,221,217,209,211,202,214,213,225,225,221,210,217,209,217,216,227,232,221,225,222,216,223,230,233,248,233,232,225,222,222,234,235,247,234,248,240,233,242,239,252,273,254,258,245,250,251,257,267],"rows":8,"seq":509,"status":[5,5,5,5,5,5,5,5,5,5,5,5,5,5,5,5,5,5,5,5,5,5,5,5,5,5,5,5,5,5,5,5,5,5,5,5,5,5,5,5,5,5,5,5,5,5,5,5,5,5,5,5,5,5,5,5,5,5,5,5,5,5,5,5],"t_ns":51211710674000}}
51224109904375	rest	depth	{"jsonrpc":"2.0","method":"tof.frame","params":{"at_us":37754565,"cols":8,"distance_mm":[226,216,212,210,215,215,209,220,218,217,218,205,210,214,211,220,222,219,221,208,205,213,215,225,221,221,213,212,210,214,217,226,236,217,222,217,225,216,221,225,240,231,229,224,225,223,236,228,255,244,243,244,237,233,244,244,270,262,255,246,253,249,254,262],"rows":8,"seq":510,"status":[5,5,5,5,5,5,5,5,5,5,5,5,5,5,5,5,5,5,5,5,5,5,5,5,5,5,5,5,5,5,5,5,5,5,5,5,5,5,5,5,5,5,5,5,5,5,5,5,5,5,5,5,5,5,5,5,5,5,5,5,5,5,5,5],"t_ns":51211784298000}}
51224187616916	rest	depth	{"jsonrpc":"2.0","method":"tof.frame","params":{"at_us":37831224,"cols":8,"distance_mm":[222,217,212,215,214,212,211,215,226,219,210,209,204,212,204,233,226,218,216,208,210,214,216,221,222,224,215,208,214,215,218,223,228,226,216,224,220,220,228,231,238,233,235,220,220,223,228,236,252,242,237,245,236,230,239,255,269,259,256,244,250,250,254,262],"rows":8,"seq":511,"status":[5,5,5,5,5,5,5,5,5,5,5,5,5,5,5,5,5,5,5,5,5,5,5,5,5,5,5,5,5,5,5,5,5,5,5,5,5,5,5,5,5,5,5,5,5,5,5,5,5,5,5,5,5,5,5,5,5,5,5,5,5,5,5,5],"t_ns":51211860958000}}
51224264946083	rest	depth	{"jsonrpc":"2.0","method":"tof.frame","params":{"at_us":37907757,"cols":8,"distance_mm":[226,220,213,213,204,210,219,224,220,214,211,218,205,212,211,214,224,214,209,207,215,211,220,230,223,220,214,216,218,216,216,224,234,223,219,215,216,213,223,236,243,235,232,220,232,224,234,245,247,242,235,236,246,234,250,246,269,263,244,249,252,255,261,260],"rows":8,"seq":512,"status":[5,5,5,5,5,5,5,5,5,5,5,5,5,5,5,5,5,5,5,5,5,5,5,5,5,5,5,5,5,5,5,5,5,5,5,5,5,5,5,5,5,5,5,5,5,5,5,5,5,5,5,5,5,5,5,5,5,5,5,5,5,5,5,5],"t_ns":51211937490000}}
51224340380458	rest	depth	{"jsonrpc":"2.0","method":"tof.frame","params":{"at_us":37985191,"cols":8,"distance_mm":[223,211,222,212,212,207,212,216,212,214,211,219,210,212,215,228,221,214,206,213,210,206,214,213,228,221,213,213,216,211,217,223,235,222,224,220,223,222,221,232,239,229,231,224,231,221,229,242,252,243,235,242,238,235,243,251,262,262,253,252,239,258,249,266],"rows":8,"seq":513,"status":[5,5,5,5,5,5,5,5,5,5,5,5,5,5,5,5,5,5,5,5,5,5,5,5,5,5,5,5,5,5,5,5,5,5,5,5,5,5,5,5,5,5,5,5,5,5,5,5,5,5,5,5,5,5,5,5,5,5,5,5,5,5,5,5],"t_ns":51212014925000}}
51224416918208	rest	depth	{"jsonrpc":"2.0","method":"tof.frame","params":{"at_us":38060907,"cols":8,"distance_mm":[225,219,206,215,210,220,212,222,219,215,211,212,203,211,220,216,223,218,207,217,206,216,219,217,230,220,221,210,212,217,222,218,229,228,218,217,226,213,216,234,236,230,233,225,218,235,231,233,255,252,239,237,234,237,246,243,268,256,251,253,257,247,252,267],"rows":8,"seq":514,"status":[5,5,5,5,5,5,5,5,5,5,5,5,5,5,5,5,5,5,5,5,5,5,5,5,5,5,5,5,5,5,5,5,5,5,5,5,5,5,5,5,5,5,5,5,5,5,5,5,5,5,5,5,5,5,5,5,5,5,5,5,5,5,5,5],"t_ns":51212090642000}}
51224486269666	rest	depth	{"jsonrpc":"2.0","method":"tof.frame","params":{"at_us":38131375,"cols":8,"distance_mm":[221,215,211,213,218,215,215,222,219,220,211,213,204,208,212,222,216,220,221,214,215,214,218,225,225,216,214,209,217,220,222,220,236,228,224,217,219,219,226,220,242,229,232,227,226,227,230,239,256,246,245,236,243,231,251,259,263,259,259,253,251,250,256,261],"rows":8,"seq":515,"status":[5,5,5,5,5,5,5,5,5,5,5,5,5,5,5,5,5,5,5,5,5,5,5,5,5,5,5,5,5,5,5,5,5,5,5,5,5,5,5,5,5,5,5,5,5,5,5,5,5,5,5,5,5,5,5,5,5,5,5,5,5,5,5,5],"t_ns":51212161109000}}
51224558337000	rest	depth	{"jsonrpc":"2.0","method":"tof.frame","params":{"at_us":38201905,"cols":8,"distance_mm":[222,213,217,213,209,211,215,215,227,221,212,210,213,212,217,214,211,217,210,208,208,212,214,227,227,226,212,218,208,209,223,226,225,223,217,219,227,222,221,233,243,231,237,223,228,226,228,246,254,249,244,234,238,235,236,254,267,265,255,252,253,245,256,264],"rows":8,"seq":516,"status":[5,5,5,5,5,5,5,5,5,5,5,5,5,5,5,5,5,5,5,5,5,5,5,5,5,5,5,5,5,5,5,5,5,5,5,5,5,5,5,5,5,5,5,5,5,5,5,5,5,5,5,5,5,5,5,5,5,5,5,5,5,5,5,5],"t_ns":51212231640000}}
51224626931291	rest	depth	{"jsonrpc":"2.0","method":"tof.frame","params":{"at_us":38270924,"cols":8,"distance_mm":[225,219,217,209,210,211,210,223,215,215,213,219,204,215,217,221,232,209,213,215,207,212,216,217,228,217,212,209,216,216,222,226,230,228,231,213,209,220,225,236,242,233,229,230,225,233,240,240,250,246,239,230,241,240,247,249,259,251,248,246,254,255,257,259],"rows":8,"seq":517,"status":[5,5,5,5,5,5,5,5,5,5,5,5,5,5,5,5,5,5,5,5,5,5,5,5,5,5,5,5,5,5,5,5,5,5,5,5,5,5,5,5,5,5,5,5,5,5,5,5,5,5,5,5,5,5,5,5,5,5,5,5,5,5,5,5],"t_ns":51212300659000}}
51224703034166	rest	depth	{"jsonrpc":"2.0","method":"tof.frame","params":{"at_us":38348442,"cols":8,"distance_mm":[225,214,207,212,213,210,216,220,225,210,210,204,204,208,211,217,222,220,206,219,210,206,215,229,219,213,211,211,218,212,222,225,239,228,216,210,216,215,222,230,240,223,228,224,223,222,225,229,248,237,236,236,239,242,249,253,269,258,246,247,246,254,259,267],"rows":8,"seq":518,"status":[5,5,5,5,5,5,5,5,5,5,5,5,5,5,5,5,5,5,5,5,5,5,5,5,5,5,5,5,5,5,5,5,5,5,5,5,5,5,5,5,5,5,5,5,5,5,5,5,5,5,5,5,5,5,5,5,5,5,5,5,5,5,5,5],"t_ns":51212378178000}}
51224776694833	rest	depth	{"jsonrpc":"2.0","method":"tof.frame","params":{"at_us":38420303,"cols":8,"distance_mm":[217,212,212,216,206,215,219,225,221,217,207,207,215,206,218,218,219,213,209,209,204,209,220,223,221,216,214,218,216,218,221,221,227,216,219,219,221,216,219,237,239,228,231,221,223,229,242,237,254,245,240,232,237,243,243,251,269,260,243,243,245,256,259,268],"rows":8,"seq":519,"status":[5,5,5,5,5,5,5,5,5,5,5,5,5,5,5,5,5,5,5,5,5,5,5,5,5,5,5,5,5,5,5,5,5,5,5,5,5,5,5,5,5,5,5,5,5,5,5,5,5,5,5,5,5,5,5,5,5,5,5,5,5,5,5,5],"t_ns":51212450039000}}
51224847156916	rest	depth	{"jsonrpc":"2.0","method":"tof.frame","params":{"at_us":38490831,"cols":8,"distance_mm":[211,217,215,210,210,208,218,220,222,211,216,209,206,217,216,215,222,211,216,211,207,210,211,218,231,217,211,210,213,219,221,228,230,226,217,209,222,217,215,228,234,234,227,223,230,223,231,241,251,245,235,244,237,240,241,252,266,262,253,246,249,259,257,267],"rows":8,"seq":520,"status":[5,5,5,5,5,5,5,5,5,5,5,5,5,5,5,5,5,5,5,5,5,5,5,5,5,5,5,5,5,5,5,5,5,5,5,5,5,5,5,5,5,5,5,5,5,5,5,5,5,5,5,5,5,5,5,5,5,5,5,5,5,5,5,5],"t_ns":51212520567000}}
51224917419583	rest	depth	{"jsonrpc":"2.0","method":"tof.frame","params":{"at_us":38561154,"cols":8,"distance_mm":[223,218,209,212,207,212,208,227,220,218,206,208,207,213,215,221,222,218,215,212,204,205,221,219,223,219,213,209,214,220,217,229,231,219,219,213,218,214,228,236,243,231,227,237,220,232,237,241,259,247,242,231,228,236,239,251,275,259,245,249,243,252,261,275],"rows":8,"seq":521,"status":[5,5,5,5,5,5,5,5,5,5,5,5,5,5,5,5,5,5,5,5,5,5,5,5,5,5,5,5,5,5,5,5,5,5,5,5,5,5,5,5,5,5,5,5,5,5,5,5,5,5,5,5,5,5,5,5,5,5,5,5,5,5,5,5],"t_ns":51212590891000}}
51225010626500	rest	depth	{"jsonrpc":"2.0","method":"tof.frame","params":{"at_us":38652650,"cols":8,"distance_mm":[231,211,214,211,206,205,223,223,225,212,221,212,205,201,220,215,225,220,209,216,207,213,207,229,218,225,209,214,208,214,221,223,240,227,220,219,226,216,225,231,243,238,223,222,226,235,231,240,246,250,244,233,239,243,248,246,264,252,246,253,252,251,264,265],"rows":8,"seq":522,"status":[5,5,5,5,5,5,5,5,5,5,5,5,5,5,5,5,5,5,5,5,5,5,5,5,5,5,5,5,5,5,5,5,5,5,5,5,5,5,5,5,5,5,5,5,5,5,5,5,5,5,5,5,5,5,5,5,5,5,5,5,5,5,5,5],"t_ns":51212682387000}}
51225084449958	rest	depth	{"jsonrpc":"2.0","method":"tof.frame","params":{"at_us":38729999,"cols":8,"distance_mm":[223,220,217,207,213,206,216,231,220,217,210,209,203,208,216,225,216,217,209,211,208,207,211,225,228,216,211,216,228,217,218,222,228,222,224,217,214,221,225,224,242,232,238,224,227,231,240,238,253,242,237,238,234,238,248,261,269,257,251,254,248,253,255,262],"rows":8,"seq":523,"status":[5,5,5,5,5,5,5,5,5,5,5,5,5,5,5,5,5,5,5,5,5,5,5,5,5,5,5,5,5,5,5,5,5,5,5,5,5,5,5,5,5,5,5,5,5,5,5,5,5,5,5,5,5,5,5,5,5,5,5,5,5,5,5,5],"t_ns":51212759736000}}
51225153493583	rest	depth	{"jsonrpc":"2.0","method":"tof.frame","params":{"at_us":38798672,"cols":8,"distance_mm":[221,217,210,207,212,216,217,222,218,219,209,209,211,210,216,220,223,224,209,210,216,212,217,220,230,224,217,212,213,213,214,225,231,230,216,215,217,213,230,229,245,235,232,227,231,226,232,241,257,251,245,243,237,236,247,254,280,264,250,252,248,246,258,271],"rows":8,"seq":524,"status":[5,5,5,5,5,5,5,5,5,5,5,5,5,5,5,5,5,5,5,5,5,5,5,5,5,5,5,5,5,5,5,5,5,5,5,5,5,5,5,5,5,5,5,5,5,5,5,5,5,5,5,5,5,5,5,5,5,5,5,5,5,5,5,5],"t_ns":51212828409000}}
51225228349416	rest	depth	{"jsonrpc":"2.0","method":"tof.frame","params":{"at_us":38871554,"cols":8,"distance_mm":[229,218,215,213,208,209,217,221,224,211,209,207,205,213,214,224,214,213,215,204,206,214,215,222,230,217,216,214,210,208,221,228,233,230,225,215,214,230,217,234,236,238,234,234,223,225,232,240,254,242,239,238,237,239,243,240,275,263,250,249,252,251,259,268],"rows":8,"seq":525,"status":[5,5,5,5,5,5,5,5,5,5,5,5,5,5,5,5,5,5,5,5,5,5,5,5,5,5,5,5,5,5,5,5,5,5,5,5,5,5,5,5,5,5,5,5,5,5,5,5,5,5,5,5,5,5,5,5,5,5,5,5,5,5,5,5],"t_ns":51212901292000}}
51225301782916	rest	depth	{"jsonrpc":"2.0","method":"tof.frame","params":{"at_us":38945262,"cols":8,"distance_mm":[216,214,219,209,204,220,222,227,221,214,210,217,212,218,207,217,220,217,213,206,204,213,217,216,225,221,219,215,213,209,214,226,227,223,218,223,214,211,221,229,244,228,230,221,216,230,226,240,247,239,232,230,237,233,245,252,265,265,251,250,245,249,259,263],"rows":8,"seq":526,"status":[5,5,5,5,5,5,5,5,5,5,5,5,5,5,5,5,5,5,5,5,5,5,5,5,5,5,5,5,5,5,5,5,5,5,5,5,5,5,5,5,5,5,5,5,5,5,5,5,5,5,5,5,5,5,5,5,5,5,5,5,5,5,5,5],"t_ns":51212975001000}}
51225379155708	rest	depth	{"jsonrpc":"2.0","method":"tof.frame","params":{"at_us":39023896,"cols":8,"distance_mm":[226,219,217,206,213,215,212,213,222,215,217,213,211,207,213,220,226,222,216,209,210,210,218,225,225,226,215,216,208,216,215,220,228,229,219,210,219,228,219,231,239,235,230,228,229,225,229,236,250,240,237,230,233,231,245,246,271,250,253,249,254,250,257,277],"rows":8,"seq":527,"status":[5,5,5,5,5,5,5,5,5,5,5,5,5,5,5,5,5,5,5,5,5,5,5,5,5,5,5,5,5,5,5,5,5,5,5,5,5,5,5,5,5,5,5,5,5,5,5,5,5,5,5,5,5,5,5,5,5,5,5,5,5,5,5,5],"t_ns":51213053634000}}
51225452851916	rest	depth	{"jsonrpc":"2.0","method":"tof.frame","params":{"at_us":39097264,"cols":8,"distance_mm":[231,218,216,213,210,213,219,221,224,222,212,207,211,207,212,219,225,218,210,205,209,205,210,220,226,224,222,215,213,221,221,231,229,223,221,218,222,220,236,229,245,226,226,224,225,230,221,244,253,247,246,236,232,241,246,251,265,259,255,245,250,253,258,260],"rows":8,"seq":528,"status":[5,5,5,5,5,5,5,5,5,5,5,5,5,5,5,5,5,5,5,5,5,5,5,5,5,5,5,5,5,5,5,5,5,5,5,5,5,5,5,5,5,5,5,5,5,5,5,5,5,5,5,5,5,5,5,5,5,5,5,5,5,5,5,5],"t_ns":51213127003000}}
51225530750583	rest	depth	{"jsonrpc":"2.0","method":"tof.frame","params":{"at_us":39175570,"cols":8,"distance_mm":[228,212,213,207,201,212,212,228,219,212,206,212,207,202,217,216,230,221,215,207,214,205,211,221,229,223,216,211,212,221,214,218,231,233,222,218,222,218,222,230,239,230,237,229,230,219,234,244,261,239,243,236,236,237,247,240,270,261,254,245,251,249,258,266],"rows":8,"seq":529,"status":[5,5,5,5,5,5,5,5,5,5,5,5,5,5,5,5,5,5,5,5,5,5,5,5,5,5,5,5,5,5,5,5,5,5,5,5,5,5,5,5,5,5,5,5,5,5,5,5,5,5,5,5,5,5,5,5,5,5,5,5,5,5,5,5],"t_ns":51213205309000}}
51225603409250	rest	depth	{"jsonrpc":"2.0","method":"tof.frame","params":{"at_us":39246217,"cols":8,"distance_mm":[220,215,210,215,204,205,217,221,216,214,210,199,213,204,214,222,232,220,213,210,216,216,214,219,235,214,216,216,208,218,211,223,231,221,219,219,220,221,224,226,243,233,229,230,223,227,238,236,253,238,238,239,230,245,244,245,269,259,255,244,259,255,248,268],"rows":8,"seq":530,"status":[5,5,5,5,5,5,5,5,5,5,5,5,5,5,5,5,5,5,5,5,5,5,5,5,5,5,5,5,5,5,5,5,5,5,5,5,5,5,5,5,5,5,5,5,5,5,5,5,5,5,5,5,5,5,5,5,5,5,5,5,5,5,5,5],"t_ns":51213275956000}}
51225677303166	rest	depth	{"jsonrpc":"2.0","method":"tof.frame","params":{"at_us":39322437,"cols":8,"distance_mm":[222,215,205,211,204,212,210,226,227,216,212,207,207,213,216,217,227,213,215,207,215,214,212,224,234,221,210,211,220,215,218,217,230,227,220,218,213,217,227,238,234,234,235,223,228,228,237,241,250,241,233,238,236,237,244,254,267,253,258,249,248,251,258,266],"rows":8,"seq":531,"status":[5,5,5,5,5,5,5,5,5,5,5,5,5,5,5,5,5,5,5,5,5,5,5,5,5,5,5,5,5,5,5,5,5,5,5,5,5,5,5,5,5,5,5,5,5,5,5,5,5,5,5,5,5,5,5,5,5,5,5,5,5,5,5,5],"t_ns":51213352177000}}
51225756647666	rest	depth	{"jsonrpc":"2.0","method":"tof.frame","params":{"at_us":39399893,"cols":8,"distance_mm":[226,217,215,206,211,207,213,222,219,219,208,204,212,209,215,221,222,227,218,207,209,209,216,224,226,219,220,211,212,219,215,220,233,228,219,224,213,218,226,236,242,239,229,221,226,228,236,237,250,242,243,240,236,235,240,253,264,259,252,245,248,248,259,266],"rows":8,"seq":532,"status":[5,5,5,5,5,5,5,5,5,5,5,5,5,5,5,5,5,5,5,5,5,5,5,5,5,5,5,5,5,5,5,5,5,5,5,5,5,5,5,5,5,5,5,5,5,5,5,5,5,5,5,5,5,5,5,5,5,5,5,5,5,5,5,5],"t_ns":51213429633000}}
51225830638166	rest	depth	{"jsonrpc":"2.0","method":"tof.frame","params":{"at_us":39474539,"cols":8,"distance_mm":[228,217,217,214,203,214,217,218,224,217,219,205,206,215,210,221,229,220,217,212,212,215,218,223,223,215,212,209,207,213,220,220,230,227,215,214,219,214,215,226,239,230,231,230,229,214,236,242,248,243,231,233,231,230,246,254,271,260,252,242,253,248,260,261],"rows":8,"seq":533,"status":[5,5,5,5,5,5,5,5,5,5,5,5,5,5,5,5,5,5,5,5,5,5,5,5,5,5,5,5,5,5,5,5,5,5,5,5,5,5,5,5,5,5,5,5,5,5,5,5,5,5,5,5,5,5,5,5,5,5,5,5,5,5,5,5],"t_ns":51213504280000}}
51225903135333	rest	depth	{"jsonrpc":"2.0","method":"tof.frame","params":{"at_us":39547378,"cols":8,"distance_mm":[220,219,206,198,206,210,215,221,219,213,211,203,206,212,215,223,225,219,215,206,209,211,215,226,224,208,216,213,212,213,222,218,239,233,217,218,224,218,225,229,240,236,224,226,230,229,235,236,264,246,247,236,232,240,248,255,265,257,253,251,257,258,257,266],"rows":8,"seq":534,"status":[5,5,5,5,5,5,5,5,5,5,5,5,5,5,5,5,5,5,5,5,5,5,5,5,5,5,5,5,5,5,5,5,5,5,5,5,5,5,5,5,5,5,5,5,5,5,5,5,5,5,5,5,5,5,5,5,5,5,5,5,5,5,5,5],"t_ns":51213577119000}}
51225975992750	rest	depth	{"jsonrpc":"2.0","method":"tof.frame","params":{"at_us":39619939,"cols":8,"distance_mm":[226,216,207,210,220,218,224,224,220,216,206,205,206,218,212,225,220,216,214,212,209,214,213,220,234,212,217,215,211,214,219,226,239,228,226,220,212,215,227,235,231,229,224,227,228,227,234,234,254,252,241,241,236,228,234,250,273,260,249,252,254,248,251,263],"rows":8,"seq":535,"status":[5,5,5,5,5,5,5,5,5,5,5,5,5,5,5,5,5,5,5,5,5,5,5,5,5,5,5,5,5,5,5,5,5,5,5,5,5,5,5,5,5,5,5,5,5,5,5,5,5,5,5,5,5,5,5,5,5,5,5,5,5,5,5,5],"t_ns":51213649680000}}
51226047535833	rest	depth	{"jsonrpc":"2.0","method":"tof.frame","params":{"at_us":39692798,"cols":8,"distance_mm":[226,220,209,211,208,216,207,221,221,221,216,209,205,205,209,218,221,213,216,204,213,212,213,224,231,219,214,216,213,214,218,228,225,223,225,221,212,217,218,227,246,233,226,226,223,227,239,230,256,241,230,240,235,239,244,248,273,259,257,257,252,259,257,263],"rows":8,"seq":536,"status":[5,5,5,5,5,5,5,5,5,5,5,5,5,5,5,5,5,5,5,5,5,5,5,5,5,5,5,5,5,5,5,5,5,5,5,5,5,5,5,5,5,5,5,5,5,5,5,5,5,5,5,5,5,5,5,5,5,5,5,5,5,5,5,5],"t_ns":51213722539000}}
51226118516166	rest	depth	{"jsonrpc":"2.0","method":"tof.frame","params":{"at_us":39764156,"cols":8,"distance_mm":[223,213,216,206,218,209,207,220,227,221,209,209,207,212,212,222,230,216,213,210,211,209,216,219,222,224,208,219,219,216,216,227,229,230,221,208,217,218,216,236,242,234,228,229,229,232,233,249,263,247,237,241,245,240,238,253,273,261,250,252,252,262,261,269],"rows":8,"seq":537,"status":[5,5,5,5,5,5,5,5,5,5,5,5,5,5,5,5,5,5,5,5,5,5,5,5,5,5,5,5,5,5,5,5,5,5,5,5,5,5,5,5,5,5,5,5,5,5,5,5,5,5,5,5,5,5,5,5,5,5,5,5,5,5,5,5],"t_ns":51213793898000}}
51226197663125	rest	depth	{"jsonrpc":"2.0","method":"tof.frame","params":{"at_us":39842618,"cols":8,"distance_mm":[225,223,209,218,213,213,212,222,220,211,210,202,209,213,216,216,226,222,217,207,211,216,211,222,224,223,216,220,210,217,221,225,223,226,225,223,213,214,223,226,237,231,230,221,224,231,233,251,250,247,243,234,236,229,248,248,270,259,258,253,257,252,262,268],"rows":8,"seq":538,"status":[5,5,5,5,5,5,5,5,5,5,5,5,5,5,5,5,5,5,5,5,5,5,5,5,5,5,5,5,5,5,5,5,5,5,5,5,5,5,5,5,5,5,5,5,5,5,5,5,5,5,5,5,5,5,5,5,5,5,5,5,5,5,5,5],"t_ns":51213872360000}}
51226277828291	rest	depth	{"jsonrpc":"2.0","method":"tof.frame","params":{"at_us":39921425,"cols":8,"distance_mm":[217,219,204,211,211,205,217,219,221,211,219,205,207,214,212,228,223,210,216,212,207,208,217,230,225,219,215,214,207,212,223,234,235,217,222,216,221,217,230,225,239,233,240,223,227,227,240,238,262,238,239,237,237,241,238,237,265,260,254,246,243,252,258,268],"rows":8,"seq":539,"status":[5,5,5,5,5,5,5,5,5,5,5,5,5,5,5,5,5,5,5,5,5,5,5,5,5,5,5,5,5,5,5,5,5,5,5,5,5,5,5,5,5,5,5,5,5,5,5,5,5,5,5,5,5,5,5,5,5,5,5,5,5,5,5,5],"t_ns":51213951168000}}
51226347344583	rest	depth	{"jsonrpc":"2.0","method":"tof.frame","params":{"at_us":39991722,"cols":8,"distance_mm":[223,214,214,204,200,214,211,216,218,218,216,209,217,212,210,218,222,220,216,207,217,208,216,228,223,222,207,213,212,220,217,221,227,221,214,214,216,210,218,232,238,241,222,226,224,228,229,233,250,243,237,233,235,240,238,251,273,257,256,249,250,252,254,262],"rows":8,"seq":540,"status":[5,5,5,5,5,5,5,5,5,5,5,5,5,5,5,5,5,5,5,5,5,5,5,5,5,5,5,5,5,5,5,5,5,5,5,5,5,5,5,5,5,5,5,5,5,5,5,5,5,5,5,5,5,5,5,5,5,5,5,5,5,5,5,5],"t_ns":51214021465000}}
51226425361458	rest	depth	{"jsonrpc":"2.0","method":"tof.frame","params":{"at_us":40070037,"cols":8,"distance_mm":[224,223,216,208,206,213,219,219,226,216,213,216,210,205,219,223,227,219,213,204,209,212,221,225,231,222,222,212,220,218,216,220,230,226,218,217,220,217,228,228,234,229,233,230,227,222,227,239,255,237,233,232,240,240,247,250,270,256,250,248,249,262,260,261],"rows":8,"seq":541,"status":[5,5,5,5,5,5,5,5,5,5,5,5,5,5,5,5,5,5,5,5,5,5,5,5,5,5,5,5,5,5,5,5,5,5,5,5,5,5,5,5,5,5,5,5,5,5,5,5,5,5,5,5,5,5,5,5,5,5,5,5,5,5,5,5],"t_ns":51214099780000}}
51226503792791	rest	depth	{"jsonrpc":"2.0","method":"tof.frame","params":{"at_us":40148253,"cols":8,"distance_mm":[221,216,217,208,210,207,210,225,223,215,214,212,203,215,214,220,227,221,215,206,208,210,213,220,224,222,217,207,214,211,220,223,224,217,223,212,221,220,219,231,248,236,231,224,221,231,232,236,251,252,239,237,238,237,245,253,263,254,255,249,250,254,256,262],"rows":8,"seq":542,"status":[5,5,5,5,5,5,5,5,5,5,5,5,5,5,5,5,5,5,5,5,5,5,5,5,5,5,5,5,5,5,5,5,5,5,5,5,5,5,5,5,5,5,5,5,5,5,5,5,5,5,5,5,5,5,5,5,5,5,5,5,5,5,5,5],"t_ns":51214177996000}}
51226583138875	rest	depth	{"jsonrpc":"2.0","method":"tof.frame","params":{"at_us":40226778,"cols":8,"distance_mm":[234,219,213,210,208,205,214,225,228,219,213,215,210,211,216,219,225,223,212,212,210,211,217,217,229,217,216,217,219,213,219,225,232,227,224,214,217,218,225,230,238,235,225,229,223,226,233,237,249,248,244,231,239,230,245,250,275,250,254,245,249,247,264,267],"rows":8,"seq":543,"status":[5,5,5,5,5,5,5,5,5,5,5,5,5,5,5,5,5,5,5,5,5,5,5,5,5,5,5,5,5,5,5,5,5,5,5,5,5,5,5,5,5,5,5,5,5,5,5,5,5,5,5,5,5,5,5,5,5,5,5,5,5,5,5,5],"t_ns":51214256521000}}
51226661445791	rest	depth	{"jsonrpc":"2.0","method":"tof.frame","params":{"at_us":40305944,"cols":8,"distance_mm":[222,215,209,215,211,208,208,220,227,213,210,212,202,205,209,222,228,221,210,209,205,204,217,218,226,222,219,217,216,214,215,228,238,228,223,220,222,220,231,234,239,244,230,227,229,230,238,232,247,241,248,239,242,225,238,247,272,256,258,256,251,249,256,259],"rows":8,"seq":544,"status":[5,5,5,5,5,5,5,5,5,5,5,5,5,5,5,5,5,5,5,5,5,5,5,5,5,5,5,5,5,5,5,5,5,5,5,5,5,5,5,5,5,5,5,5,5,5,5,5,5,5,5,5,5,5,5,5,5,5,5,5,5,5,5,5],"t_ns":51214335688000}}
51226730771000	rest	depth	{"jsonrpc":"2.0","method":"tof.frame","params":{"at_us":40373665,"cols":8,"distance_mm":[226,214,211,209,205,210,210,220,227,215,209,203,218,216,212,221,222,226,208,205,209,213,216,221,228,223,222,215,221,218,217,216,237,219,228,219,214,218,227,230,246,228,228,234,220,222,227,249,255,257,232,239,234,239,244,247,271,261,257,248,256,258,262,259],"rows":8,"seq":545,"status":[5,5,5,5,5,5,5,5,5,5,5,5,5,5,5,5,5,5,5,5,5,5,5,5,5,5,5,5,5,5,5,5,5,5,5,5,5,5,5,5,5,5,5,5,5,5,5,5,5,5,5,5,5,5,5,5,5,5,5,5,5,5,5,5],"t_ns":51214403409000}}
51226802710750	rest	depth	{"jsonrpc":"2.0","method":"tof.frame","params":{"at_us":40446089,"cols":8,"distance_mm":[226,217,206,217,210,211,219,227,220,213,213,210,209,209,219,225,222,220,211,215,209,213,219,222,226,228,214,213,209,212,220,224,234,225,220,215,209,221,216,235,238,240,236,220,221,224,226,233,259,246,242,242,233,238,242,251,277,259,250,254,258,251,251,270],"rows":8,"seq":546,"status":[5,5,5,5,5,5,5,5,5,5,5,5,5,5,5,5,5,5,5,5,5,5,5,5,5,5,5,5,5,5,5,5,5,5,5,5,5,5,5,5,5,5,5,5,5,5,5,5,5,5,5,5,5,5,5,5,5,5,5,5,5,5,5,5],"t_ns":51214475834000}}
51226878988916	rest	depth	{"jsonrpc":"2.0","method":"tof.frame","params":{"at_us":40524455,"cols":8,"distance_mm":[221,219,218,211,217,210,216,213,221,221,213,214,213,203,216,218,222,216,217,209,202,207,222,216,228,220,216,212,214,213,217,220,234,227,216,222,219,217,226,226,235,233,227,230,224,238,229,238,252,247,238,235,242,237,240,249,270,265,241,246,247,243,254,264],"rows":8,"seq":547,"status":[5,5,5,5,5,5,5,5,5,5,5,5,5,5,5,5,5,5,5,5,5,5,5,5,5,5,5,5,5,5,5,5,5,5,5,5,5,5,5,5,5,5,5,5,5,5,5,5,5,5,5,5,5,5,5,5,5,5,5,5,5,5,5,5],"t_ns":51214554200000}}
51226951430125	rest	depth	{"jsonrpc":"2.0","method":"tof.frame","params":{"at_us":40595019,"cols":8,"distance_mm":[224,215,213,208,212,205,218,227,218,225,215,207,208,209,212,219,220,221,216,211,206,218,211,224,216,224,200,207,214,215,218,227,232,228,219,219,214,221,221,233,242,231,225,228,225,226,236,234,250,245,243,233,232,236,241,250,266,255,262,251,249,249,257,264],"rows":8,"seq":548,"status":[5,5,5,5,5,5,5,5,5,5,5,5,5,5,5,5,5,5,5,5,5,5,5,5,5,5,5,5,5,5,5,5,5,5,5,5,5,5,5,5,5,5,5,5,5,5,5,5,5,5,5,5,5,5,5,5,5,5,5,5,5,5,5,5],"t_ns":51214624764000}}
51227019519375	rest	depth	{"jsonrpc":"2.0","method":"tof.frame","params":{"at_us":40663220,"cols":8,"distance_mm":[226,218,215,207,208,213,217,221,223,219,206,216,209,206,214,220,224,220,207,215,211,215,217,223,228,226,224,208,206,219,212,225,239,226,220,222,223,227,224,228,239,233,231,224,229,234,239,241,242,245,238,235,237,235,248,254,271,257,248,253,252,251,250,270],"rows":8,"seq":549,"status":[5,5,5,5,5,5,5,5,5,5,5,5,5,5,5,5,5,5,5,5,5,5,5,5,5,5,5,5,5,5,5,5,5,5,5,5,5,5,5,5,5,5,5,5,5,5,5,5,5,5,5,5,5,5,5,5,5,5,5,5,5,5,5,5],"t_ns":51214692965000}}
51227096129625	rest	depth	{"jsonrpc":"2.0","method":"tof.frame","params":{"at_us":40739684,"cols":8,"distance_mm":[230,215,210,213,212,208,211,218,225,212,217,206,207,212,220,215,225,221,208,208,214,209,214,222,218,216,215,219,214,224,215,220,235,224,225,224,219,224,225,223,234,235,230,230,221,232,229,241,252,250,244,238,229,245,239,250,263,262,257,246,247,253,248,258],"rows":8,"seq":550,"status":[5,5,5,5,5,5,5,5,5,5,5,5,5,5,5,5,5,5,5,5,5,5,5,5,5,5,5,5,5,5,5,5,5,5,5,5,5,5,5,5,5,5,5,5,5,5,5,5,5,5,5,5,5,5,5,5,5,5,5,5,5,5,5,5],"t_ns":51214769429000}}
51227173920583	rest	depth	{"jsonrpc":"2.0","method":"tof.frame","params":{"at_us":40817035,"cols":8,"distance_mm":[224,222,215,209,210,205,219,220,217,216,209,208,212,207,208,218,220,219,210,203,211,220,214,229,227,215,217,209,215,217,212,230,226,229,221,210,215,224,223,228,237,239,226,217,227,232,233,244,254,244,243,243,243,238,240,255,267,267,252,251,245,248,255,261],"rows":8,"seq":551,"status":[5,5,5,5,5,5,5,5,5,5,5,5,5,5,5,5,5,5,5,5,5,5,5,5,5,5,5,5,5,5,5,5,5,5,5,5,5,5,5,5,5,5,5,5,5,5,5,5,5,5,5,5,5,5,5,5,5,5,5,5,5,5,5,5],"t_ns":51214846781000}}
51227249704041	rest	depth	{"jsonrpc":"2.0","method":"tof.frame","params":{"at_us":40894380,"cols":8,"distance_mm":[222,216,210,211,204,207,217,219,221,216,207,207,202,210,214,219,224,223,214,215,206,204,213,225,229,204,217,213,212,212,219,226,232,226,219,214,216,221,223,222,248,242,228,227,228,223,229,237,246,244,237,241,234,229,242,248,266,261,248,253,251,255,254,269],"rows":8,"seq":552,"status":[5,5,5,5,5,5,5,5,5,5,5,5,5,5,5,5,5,5,5,5,5,5,5,5,5,5,5,5,5,5,5,5,5,5,5,5,5,5,5,5,5,5,5,5,5,5,5,5,5,5,5,5,5,5,5,5,5,5,5,5,5,5,5,5],"t_ns":51214924127000}}
51227319273250	rest	depth	{"jsonrpc":"2.0","method":"tof.frame","params":{"at_us":40963885,"cols":8,"distance_mm":[223,217,211,206,211,218,217,223,215,215,218,204,207,207,213,210,218,218,207,202,207,209,216,228,228,211,218,213,212,214,209,230,226,231,217,219,213,212,227,232,236,233,222,226,228,219,239,234,245,240,231,235,239,239,243,249,268,259,259,245,247,260,261,271],"rows":8,"seq":553,"status":[5,5,5,5,5,5,5,5,5,5,5,5,5,5,5,5,5,5,5,5,5,5,5,5,5,5,5,5,5,5,5,5,5,5,5,5,5,5,5,5,5,5,5,5,5,5,5,5,5,5,5,5,5,5,5,5,5,5,5,5,5,5,5,5],"t_ns":51214993632000}}
51227397419125	rest	depth	{"jsonrpc":"2.0","method":"tof.frame","params":{"at_us":41041222,"cols":8,"distance_mm":[220,217,208,209,212,209,214,222,224,212,217,200,213,210,215,216,224,214,220,220,214,211,218,219,223,217,208,206,214,220,214,222,234,227,215,215,218,217,222,235,239,234,233,221,228,225,223,238,251,245,243,232,237,239,244,249,270,255,253,245,250,249,258,266],"rows":8,"seq":554,"status":[5,5,5,5,5,5,5,5,5,5,5,5,5,5,5,5,5,5,5,5,5,5,5,5,5,5,5,5,5,5,5,5,5,5,5,5,5,5,5,5,5,5,5,5,5,5,5,5,5,5,5,5,5,5,5,5,5,5,5,5,5,5,5,5],"t_ns":51215070969000}}
51227470029416	rest	depth	{"jsonrpc":"2.0","method":"tof.frame","params":{"at_us":41113561,"cols":8,"distance_mm":[224,217,210,208,211,222,213,217,217,214,213,210,203,207,217,217,223,211,212,210,202,212,207,218,226,220,223,222,211,221,218,228,233,227,217,218,223,215,229,222,242,229,233,232,217,221,239,241,249,239,244,230,235,245,242,243,262,264,254,242,247,247,274,271],"rows":8,"seq":555,"status":[5,5,5,5,5,5,5,5,5,5,5,5,5,5,5,5,5,5,5,5,5,5,5,5,5,5,5,5,5,5,5,5,5,5,5,5,5,5,5,5,5,5,5,5,5,5,5,5,5,5,5,5,5,5,5,5,5,5,5,5,5,5,5,5],"t_ns":51215143308000}}
51227547913791	rest	depth	{"jsonrpc":"2.0","method":"tof.frame","params":{"at_us":41191024,"cols":8,"distance_mm":[224,216,214,201,220,205,222,217,220,216,215,210,207,210,213,223,226,217,219,213,204,209,212,224,233,217,216,209,214,212,215,226,234,218,223,215,222,213,230,231,246,233,232,232,230,232,236,242,248,253,246,223,239,235,245,256,258,265,250,250,251,247,253,267],"rows":8,"seq":556,"status":[5,5,5,5,5,5,5,5,5,5,5,5,5,5,5,5,5,5,5,5,5,5,5,5,5,5,5,5,5,5,5,5,5,5,5,5,5,5,5,5,5,5,5,5,5,5,5,5,5,5,5,5,5,5,5,5,5,5,5,5,5,5,5,5],"t_ns":51215220772000}}
51227620229083	rest	depth	{"jsonrpc":"2.0","method":"tof.frame","params":{"at_us":41265552,"cols":8,"distance_mm":[226,216,209,209,212,212,218,218,215,219,213,215,210,214,212,223,225,218,213,211,210,207,219,214,230,223,220,215,207,212,217,227,229,224,220,218,219,221,214,221,240,235,229,217,222,233,235,234,252,244,236,239,237,244,245,252,272,264,260,254,249,249,262,271],"rows":8,"seq":557,"status":[5,5,5,5,5,5,5,5,5,5,5,5,5,5,5,5,5,5,5,5,5,5,5,5,5,5,5,5,5,5,5,5,5,5,5,5,5,5,5,5,5,5,5,5,5,5,5,5,5,5,5,5,5,5,5,5,5,5,5,5,5,5,5,5],"t_ns":51215295300000}}
51227696451250	rest	depth	{"jsonrpc":"2.0","method":"tof.frame","params":{"at_us":41340259,"cols":8,"distance_mm":[222,221,213,211,213,214,218,221,220,217,211,206,209,210,219,215,220,212,213,205,212,216,209,228,227,220,219,210,212,211,221,221,233,227,218,221,218,226,224,228,238,234,225,227,223,226,228,235,262,248,236,236,235,239,242,248,273,258,251,243,248,255,253,272],"rows":8,"seq":558,"status":[5,5,5,5,5,5,5,5,5,5,5,5,5,5,5,5,5,5,5,5,5,5,5,5,5,5,5,5,5,5,5,5,5,5,5,5,5,5,5,5,5,5,5,5,5,5,5,5,5,5,5,5,5,5,5,5,5,5,5,5,5,5,5,5],"t_ns":51215370007000}}
51227771107250	rest	depth	{"jsonrpc":"2.0","method":"tof.frame","params":{"at_us":41414445,"cols":8,"distance_mm":[222,214,212,210,210,211,214,217,221,221,206,208,218,217,215,214,224,217,220,209,211,207,212,231,230,220,215,208,202,216,217,221,233,226,227,224,212,220,228,230,249,238,226,227,224,228,234,234,253,235,233,233,240,236,252,248,262,260,249,251,250,247,257,264],"rows":8,"seq":559,"status":[5,5,5,5,5,5,5,5,5,5,5,5,5,5,5,5,5,5,5,5,5,5,5,5,5,5,5,5,5,5,5,5,5,5,5,5,5,5,5,5,5,5,5,5,5,5,5,5,5,5,5,5,5,5,5,5,5,5,5,5,5,5,5,5],"t_ns":51215444193000}}
51227846138916	rest	depth	{"jsonrpc":"2.0","method":"tof.frame","params":{"at_us":41489037,"cols":8,"distance_mm":[222,221,212,212,207,214,216,218,227,214,212,215,210,217,215,227,216,217,209,211,205,212,213,216,226,215,212,216,215,221,220,222,229,224,219,223,218,221,230,230,241,232,225,225,222,230,224,240,250,242,243,239,234,239,246,247,265,257,249,244,251,255,257,270],"rows":8,"seq":560,"status":[5,5,5,5,5,5,5,5,5,5,5,5,5,5,5,5,5,5,5,5,5,5,5,5,5,5,5,5,5,5,5,5,5,5,5,5,5,5,5,5,5,5,5,5,5,5,5,5,5,5,5,5,5,5,5,5,5,5,5,5,5,5,5,5],"t_ns":51215518786000}}
51227918215916	rest	depth	{"jsonrpc":"2.0","method":"tof.frame","params":{"at_us":41562872,"cols":8,"distance_mm":[216,222,221,207,212,214,215,214,223,214,215,206,217,213,212,212,220,219,213,209,210,211,216,222,223,220,217,211,205,214,221,226,232,230,214,217,220,230,223,229,237,236,225,232,227,229,234,241,249,236,236,236,235,231,246,249,270,253,255,254,254,251,257,258],"rows":8,"seq":561,"status":[5,5,5,5,5,5,5,5,5,5,5,5,5,5,5,5,5,5,5,5,5,5,5,5,5,5,5,5,5,5,5,5,5,5,5,5,5,5,5,5,5,5,5,5,5,5,5,5,5,5,5,5,5,5,5,5,5,5,5,5,5,5,5,5],"t_ns":51215592621000}}
51227995042125	rest	depth	{"jsonrpc":"2.0","method":"tof.frame","params":{"at_us":41640200,"cols":8,"distance_mm":[228,215,222,213,206,218,214,219,227,214,213,208,213,211,217,211,226,217,217,209,209,205,213,219,231,217,219,214,216,219,214,222,229,220,215,217,210,220,227,229,247,237,222,223,234,225,233,238,255,245,240,231,243,232,243,254,275,259,248,250,246,255,258,266],"rows":8,"seq":562,"status":[5,5,5,5,5,5,5,5,5,5,5,5,5,5,5,5,5,5,5,5,5,5,5,5,5,5,5,5,5,5,5,5,5,5,5,5,5,5,5,5,5,5,5,5,5,5,5,5,5,5,5,5,5,5,5,5,5,5,5,5,5,5,5,5],"t_ns":51215669950000}}
51228073864916	rest	depth	{"jsonrpc":"2.0","method":"tof.frame","params":{"at_us":41717668,"cols":8,"distance_mm":[229,219,212,207,210,207,212,215,225,215,216,209,218,214,214,218,221,211,212,201,211,205,210,218,224,216,212,211,212,214,221,225,234,224,215,216,221,216,226,228,242,234,228,222,220,231,238,235,251,240,235,237,235,233,246,257,267,264,251,245,250,245,256,266],"rows":8,"seq":563,"status":[5,5,5,5,5,5,5,5,5,5,5,5,5,5,5,5,5,5,5,5,5,5,5,5,5,5,5,5,5,5,5,5,5,5,5,5,5,5,5,5,5,5,5,5,5,5,5,5,5,5,5,5,5,5,5,5,5,5,5,5,5,5,5,5],"t_ns":51215747418000}}
51228150403666	rest	depth	{"jsonrpc":"2.0","method":"tof.frame","params":{"at_us":41793959,"cols":8,"distance_mm":[223,215,216,208,211,213,211,220,221,214,209,202,210,205,219,216,225,221,213,212,220,208,210,224,225,217,218,210,209,220,222,228,228,227,228,219,220,208,228,231,237,226,231,225,228,229,230,235,257,249,245,239,242,240,245,248,275,261,259,258,253,258,249,273],"rows":8,"seq":564,"status":[5,5,5,5,5,5,5,5,5,5,5,5,5,5,5,5,5,5,5,5,5,5,5,5,5,5,5,5,5,5,5,5,5,5,5,5,5,5,5,5,5,5,5,5,5,5,5,5,5,5,5,5,5,5,5,5,5,5,5,5,5,5,5,5],"t_ns":51215823709000}}
51228225521875	rest	depth	{"jsonrpc":"2.0","method":"tof.frame","params":{"at_us":41871332,"cols":8,"distance_mm":[224,221,203,211,209,209,214,221,223,208,217,210,200,211,209,214,222,217,213,215,216,213,217,220,222,223,216,217,217,220,228,230,228,225,223,217,223,224,227,231,240,233,219,229,224,221,228,239,248,249,237,241,235,240,245,252,265,256,259,243,245,250,263,263],"rows":8,"seq":565,"status":[5,5,5,5,5,5,5,5,5,5,5,5,5,5,5,5,5,5,5,5,5,5,5,5,5,5,5,5,5,5,5,5,5,5,5,5,5,5,5,5,5,5,5,5,5,5,5,5,5,5,5,5,5,5,5,5,5,5,5,5,5,5,5,5],"t_ns":51215901083000}}
51228303060791	rest	depth	{"jsonrpc":"2.0","method":"tof.frame","params":{"at_us":41946775,"cols":8,"distance_mm":[220,213,213,207,208,208,215,215,221,208,205,217,211,196,211,223,215,212,211,208,210,210,214,221,222,223,211,218,211,218,207,229,230,225,224,217,218,217,225,236,246,231,232,229,230,228,232,242,253,245,239,238,235,230,242,243,269,257,250,252,242,253,255,272],"rows":8,"seq":566,"status":[5,5,5,5,5,5,5,5,5,5,5,5,5,5,5,5,5,5,5,5,5,5,5,5,5,5,5,5,5,5,5,5,5,5,5,5,5,5,5,5,5,5,5,5,5,5,5,5,5,5,5,5,5,5,5,5,5,5,5,5,5,5,5,5],"t_ns":51215976525000}}
51228379634208	rest	depth	{"jsonrpc":"2.0","method":"tof.frame","params":{"at_us":42024095,"cols":8,"distance_mm":[219,217,213,211,205,208,215,215,218,217,208,204,206,207,209,220,225,214,214,213,214,211,213,215,228,220,217,213,218,212,214,224,239,216,227,219,218,217,226,235,246,239,229,218,229,224,229,241,259,242,239,235,235,232,242,247,266,255,248,253,248,249,255,264],"rows":8,"seq":567,"status":[5,5,5,5,5,5,5,5,5,5,5,5,5,5,5,5,5,5,5,5,5,5,5,5,5,5,5,5,5,5,5,5,5,5,5,5,5,5,5,5,5,5,5,5,5,5,5,5,5,5,5,5,5,5,5,5,5,5,5,5,5,5,5,5],"t_ns":51216053846000}}
51228451486375	rest	depth	{"jsonrpc":"2.0","method":"tof.frame","params":{"at_us":42096401,"cols":8,"distance_mm":[229,206,208,217,207,217,217,214,222,218,213,209,208,210,208,219,218,216,206,206,214,211,212,220,216,212,215,217,212,211,232,224,233,223,221,216,221,216,225,232,244,237,224,222,224,220,228,235,256,247,238,231,237,234,243,246,267,254,252,249,246,252,255,265],"rows":8,"seq":568,"status":[5,5,5,5,5,5,5,5,5,5,5,5,5,5,5,5,5,5,5,5,5,5,5,5,5,5,5,5,5,5,5,5,5,5,5,5,5,5,5,5,5,5,5,5,5,5,5,5,5,5,5,5,5,5,5,5,5,5,5,5,5,5,5,5],"t_ns":51216126153000}}
51228528685875	rest	depth	{"jsonrpc":"2.0","method":"tof.frame","params":{"at_us":42172126,"cols":8,"distance_mm":[215,218,213,208,208,210,215,226,219,212,212,204,200,208,220,220,225,216,205,213,209,209,212,233,231,218,210,215,209,217,219,227,233,218,220,218,221,213,221,230,242,231,225,218,229,229,225,242,249,252,241,235,242,236,249,250,270,256,248,249,250,255,255,275],"rows":8,"seq":569,"status":[5,5,5,5,5,5,5,5,5,5,5,5,5,5,5,5,5,5,5,5,5,5,5,5,5,5,5,5,5,5,5,5,5,5,5,5,5,5,5,5,5,5,5,5,5,5,5,5,5,5,5,5,5,5,5,5,5,5,5,5,5,5,5,5],"t_ns":51216201877000}}
51228605839583	rest	depth	{"jsonrpc":"2.0","method":"tof.frame","params":{"at_us":42249383,"cols":8,"distance_mm":[217,216,215,211,211,206,217,226,226,215,209,213,208,210,218,222,226,214,208,205,201,219,209,218,236,217,210,219,213,214,219,220,234,226,224,225,214,228,217,226,234,233,230,222,223,220,239,235,249,244,242,237,242,240,236,250,259,258,246,248,260,258,257,261],"rows":8,"seq":570,"status":[5,5,5,5,5,5,5,5,5,5,5,5,5,5,5,5,5,5,5,5,5,5,5,5,5,5,5,5,5,5,5,5,5,5,5,5,5,5,5,5,5,5,5,5,5,5,5,5,5,5,5,5,5,5,5,5,5,5,5,5,5,5,5,5],"t_ns":51216279135000}}
51228682591083	rest	depth	{"jsonrpc":"2.0","method":"tof.frame","params":{"at_us":42326740,"cols":8,"distance_mm":[231,217,209,208,218,208,209,219,221,211,208,212,211,207,216,219,222,219,206,205,203,202,216,222,225,225,210,221,214,211,213,230,227,227,226,221,217,217,227,229,244,238,219,226,223,226,227,239,254,240,238,235,231,244,249,254,262,256,255,245,245,257,260,263],"rows":8,"seq":571,"status":[5,5,5,5,5,5,5,5,5,5,5,5,5,5,5,5,5,5,5,5,5,5,5,5,5,5,5,5,5,5,5,5,5,5,5,5,5,5,5,5,5,5,5,5,5,5,5,5,5,5,5,5,5,5,5,5,5,5,5,5,5,5,5,5],"t_ns":51216356492000}}
51228754950291	rest	depth	{"jsonrpc":"2.0","method":"tof.frame","params":{"at_us":42399272,"cols":8,"distance_mm":[209,217,207,208,209,219,214,225,225,223,212,208,207,215,216,223,224,217,209,200,206,214,220,219,223,224,217,211,208,214,217,230,233,229,215,215,218,219,218,230,241,242,231,225,227,231,229,236,252,241,230,241,236,232,247,253,273,263,252,251,249,252,261,258],"rows":8,"seq":572,"status":[5,5,5,5,5,5,5,5,5,5,5,5,5,5,5,5,5,5,5,5,5,5,5,5,5,5,5,5,5,5,5,5,5,5,5,5,5,5,5,5,5,5,5,5,5,5,5,5,5,5,5,5,5,5,5,5,5,5,5,5,5,5,5,5],"t_ns":51216429025000}}
51228833634916	rest	depth	{"jsonrpc":"2.0","method":"tof.frame","params":{"at_us":42476748,"cols":8,"distance_mm":[223,216,213,207,211,205,211,227,225,213,210,210,209,208,212,223,223,215,214,204,209,213,218,223,230,227,218,219,218,216,218,212,240,227,221,219,218,220,226,230,241,245,222,232,225,223,220,235,247,253,243,226,238,238,246,245,265,257,261,258,250,252,252,261],"rows":8,"seq":573,"status":[5,5,5,5,5,5,5,5,5,5,5,5,5,5,5,5,5,5,5,5,5,5,5,5,5,5,5,5,5,5,5,5,5,5,5,5,5,5,5,5,5,5,5,5,5,5,5,5,5,5,5,5,5,5,5,5,5,5,5,5,5,5,5,5],"t_ns":51216506501000}}
51228913234250	rest	depth	{"jsonrpc":"2.0","method":"tof.frame","params":{"at_us":42557526,"cols":8,"distance_mm":[221,216,215,212,214,213,218,224,227,209,216,202,211,213,215,223,222,217,207,217,209,208,220,224,222,214,219,210,208,217,212,222,230,216,221,215,218,217,224,225,235,230,229,220,229,225,234,237,253,238,234,236,239,240,242,251,266,256,259,249,253,258,250,264],"rows":8,"seq":574,"status":[5,5,5,5,5,5,5,5,5,5,5,5,5,5,5,5,5,5,5,5,5,5,5,5,5,5,5,5,5,5,5,5,5,5,5,5,5,5,5,5,5,5,5,5,5,5,5,5,5,5,5,5,5,5,5,5,5,5,5,5,5,5,5,5],"t_ns":51216587280000}}
51228992657791	rest	depth	{"jsonrpc":"2.0","method":"tof.frame","params":{"at_us":42635457,"cols":8,"distance_mm":[231,215,210,212,208,205,215,219,219,218,209,210,213,213,208,221,227,221,206,211,217,206,234,226,232,223,212,213,217,211,213,230,226,225,228,220,221,221,228,234,244,237,231,225,224,229,233,237,252,237,238,236,238,239,245,243,264,255,253,254,254,251,258,275],"rows":8,"seq":575,"status":[5,5,5,5,5,5,5,5,5,5,5,5,5,5,5,5,5,5,5,5,5,5,5,5,5,5,5,5,5,5,5,5,5,5,5,5,5,5,5,5,5,5,5,5,5,5,5,5,5,5,5,5,5,5,5,5,5,5,5,5,5,5,5,5],"t_ns":51216665211000}}
51229064368208	rest	depth	{"jsonrpc":"2.0","method":"tof.frame","params":{"at_us":42708761,"cols":8,"distance_mm":[226,211,213,206,215,212,218,219,224,218,210,209,209,211,214,221,224,217,213,213,209,217,224,220,237,213,215,211,215,215,217,228,238,231,217,218,217,220,230,228,238,232,223,227,235,222,229,246,254,247,242,236,238,240,249,253,270,259,249,252,244,251,256,262],"rows":8,"seq":576,"status":[5,5,5,5,5,5,5,5,5,5,5,5,5,5,5,5,5,5,5,5,5,5,5,5,5,5,5,5,5,5,5,5,5,5,5,5,5,5,5,5,5,5,5,5,5,5,5,5,5,5,5,5,5,5,5,5,5,5,5,5,5,5,5,5],"t_ns":51216738515000}}
51229133362333	rest	depth	{"jsonrpc":"2.0","method":"tof.frame","params":{"at_us":42776904,"cols":8,"distance_mm":[225,210,203,216,211,217,210,225,230,220,211,209,207,212,213,214,230,222,223,210,212,214,211,216,228,219,209,215,211,216,222,218,231,229,220,223,223,208,223,224,239,235,228,225,220,227,229,249,253,247,245,239,230,230,242,251,267,258,246,245,251,251,257,265],"rows":8,"seq":577,"status":[5,5,5,5,5,5,5,5,5,5,5,5,5,5,5,5,5,5,5,5,5,5,5,5,5,5,5,5,5,5,5,5,5,5,5,5,5,5,5,5,5,5,5,5,5,5,5,5,5,5,5,5,5,5,5,5,5,5,5,5,5,5,5,5],"t_ns":51216806658000}}
51229211700791	rest	depth	{"jsonrpc":"2.0","method":"tof.frame","params":{"at_us":42854642,"cols":8,"distance_mm":[217,217,216,208,208,211,221,216,225,215,201,210,210,211,215,220,226,215,210,215,211,213,219,227,227,217,220,215,212,209,217,222,235,226,221,218,219,223,224,230,242,233,235,228,226,232,225,239,255,244,239,238,239,236,243,255,263,259,255,252,261,257,256,269],"rows":8,"seq":578,"status":[5,5,5,5,5,5,5,5,5,5,5,5,5,5,5,5,5,5,5,5,5,5,5,5,5,5,5,5,5,5,5,5,5,5,5,5,5,5,5,5,5,5,5,5,5,5,5,5,5,5,5,5,5,5,5,5,5,5,5,5,5,5,5,5],"t_ns":51216884396000}}
51229278872500	rest	depth	{"jsonrpc":"2.0","method":"tof.frame","params":{"at_us":42922418,"cols":8,"distance_mm":[226,215,219,215,207,203,209,223,211,214,216,216,206,212,214,217,227,213,210,213,216,208,223,225,220,212,222,218,216,212,216,230,231,227,222,224,217,223,230,225,241,230,225,233,220,226,229,245,246,245,242,234,238,237,245,249,274,267,246,251,253,260,261,263],"rows":8,"seq":579,"status":[5,5,5,5,5,5,5,5,5,5,5,5,5,5,5,5,5,5,5,5,5,5,5,5,5,5,5,5,5,5,5,5,5,5,5,5,5,5,5,5,5,5,5,5,5,5,5,5,5,5,5,5,5,5,5,5,5,5,5,5,5,5,5,5],"t_ns":51216952173000}}
51229356524958	rest	depth	{"jsonrpc":"2.0","method":"tof.frame","params":{"at_us":43000705,"cols":8,"distance_mm":[221,212,220,208,212,211,217,217,224,217,213,214,215,215,212,221,220,220,212,214,214,208,219,218,229,225,221,221,214,214,221,221,231,233,218,219,217,217,225,230,234,236,228,233,228,220,233,238,254,247,243,239,242,239,240,249,268,263,254,259,254,252,255,264],"rows":8,"seq":580,"status":[5,5,5,5,5,5,5,5,5,5,5,5,5,5,5,5,5,5,5,5,5,5,5,5,5,5,5,5,5,5,5,5,5,5,5,5,5,5,5,5,5,5,5,5,5,5,5,5,5,5,5,5,5,5,5,5,5,5,5,5,5,5,5,5],"t_ns":51217030460000}}
51229432632708	rest	depth	{"jsonrpc":"2.0","method":"tof.frame","params":{"at_us":43078316,"cols":8,"distance_mm":[227,219,216,215,209,213,211,221,220,210,213,212,211,215,210,224,222,223,216,205,207,207,219,216,235,222,213,223,211,216,213,223,245,224,212,216,223,220,229,235,239,236,228,233,228,223,239,240,251,241,239,238,240,239,237,253,272,259,261,248,249,250,255,271],"rows":8,"seq":581,"status":[5,5,5,5,5,5,5,5,5,5,5,5,5,5,5,5,5,5,5,5,5,5,5,5,5,5,5,5,5,5,5,5,5,5,5,5,5,5,5,5,5,5,5,5,5,5,5,5,5,5,5,5,5,5,5,5,5,5,5,5,5,5,5,5],"t_ns":51217108071000}}
51229504735458	rest	depth	{"jsonrpc":"2.0","method":"tof.frame","params":{"at_us":43149145,"cols":8,"distance_mm":[226,226,212,206,205,209,211,218,220,217,213,208,215,215,209,220,226,219,210,207,210,212,221,225,231,220,216,216,212,217,222,229,232,226,211,218,218,218,219,230,235,232,232,218,224,231,234,234,253,240,241,236,234,244,242,245,271,262,255,250,252,246,253,260],"rows":8,"seq":582,"status":[5,5,5,5,5,5,5,5,5,5,5,5,5,5,5,5,5,5,5,5,5,5,5,5,5,5,5,5,5,5,5,5,5,5,5,5,5,5,5,5,5,5,5,5,5,5,5,5,5,5,5,5,5,5,5,5,5,5,5,5,5,5,5,5],"t_ns":51217178901000}}
51229586600791	rest	depth	{"jsonrpc":"2.0","method":"tof.frame","params":{"at_us":43228346,"cols":8,"distance_mm":[220,218,212,208,214,211,210,220,223,216,212,211,210,209,213,217,229,217,211,215,199,217,214,218,221,208,208,221,210,209,213,220,225,223,224,223,221,215,229,226,238,237,230,232,227,234,234,241,253,249,241,230,240,244,238,250,272,264,249,249,249,255,263,266],"rows":8,"seq":583,"status":[5,5,5,5,5,5,5,5,5,5,5,5,5,5,5,5,5,5,5,5,5,5,5,5,5,5,5,5,5,5,5,5,5,5,5,5,5,5,5,5,5,5,5,5,5,5,5,5,5,5,5,5,5,5,5,5,5,5,5,5,5,5,5,5],"t_ns":51217258103000}}
51229658123708	rest	depth	{"jsonrpc":"2.0","method":"tof.frame","params":{"at_us":43302240,"cols":8,"distance_mm":[229,212,205,203,211,208,215,222,221,210,217,212,208,216,215,208,224,217,211,211,203,214,213,217,225,213,215,212,209,210,217,226,232,221,217,211,216,215,220,231,232,237,233,230,231,231,228,233,249,243,239,234,232,240,249,249,262,269,254,251,253,251,256,262],"rows":8,"seq":584,"status":[5,5,5,5,5,5,5,5,5,5,5,5,5,5,5,5,5,5,5,5,5,5,5,5,5,5,5,5,5,5,5,5,5,5,5,5,5,5,5,5,5,5,5,5,5,5,5,5,5,5,5,5,5,5,5,5,5,5,5,5,5,5,5,5],"t_ns":51217331996000}}
51229729256875	rest	depth	{"jsonrpc":"2.0","method":"tof.frame","params":{"at_us":43371989,"cols":8,"distance_mm":[219,217,218,209,220,208,212,219,227,214,214,209,215,200,220,224,223,212,212,200,208,215,218,217,224,217,223,208,221,216,223,222,234,225,220,217,219,218,225,225,255,230,224,225,225,233,229,241,256,241,232,239,234,238,243,254,267,255,252,251,238,253,257,271],"rows":8,"seq":585,"status":[5,5,5,5,5,5,5,5,5,5,5,5,5,5,5,5,5,5,5,5,5,5,5,5,5,5,5,5,5,5,5,5,5,5,5,5,5,5,5,5,5,5,5,5,5,5,5,5,5,5,5,5,5,5,5,5,5,5,5,5,5,5,5,5],"t_ns":51217401746000}}
51229794651208	rest	depth	{"jsonrpc":"2.0","method":"tof.frame","params":{"at_us":43439493,"cols":8,"distance_mm":[225,215,213,208,214,214,213,224,220,213,216,207,215,205,213,216,221,219,215,209,204,208,216,220,232,226,215,211,218,208,220,226,235,221,223,223,218,216,219,234,243,231,227,221,226,223,226,236,248,257,243,242,241,237,236,253,272,262,258,248,252,248,268,273],"rows":8,"seq":586,"status":[5,5,5,5,5,5,5,5,5,5,5,5,5,5,5,5,5,5,5,5,5,5,5,5,5,5,5,5,5,5,5,5,5,5,5,5,5,5,5,5,5,5,5,5,5,5,5,5,5,5,5,5,5,5,5,5,5,5,5,5,5,5,5,5],"t_ns":51217469250000}}
51229865536958	rest	depth	{"jsonrpc":"2.0","method":"tof.frame","params":{"at_us":43509105,"cols":8,"distance_mm":[228,213,205,215,216,213,211,220,222,217,211,216,206,213,209,218,232,216,214,213,216,208,210,223,226,221,221,214,209,217,221,225,236,225,223,219,213,216,229,231,235,234,238,222,230,234,229,240,259,247,243,235,233,238,245,250,268,254,255,254,243,260,255,264],"rows":8,"seq":587,"status":[5,5,5,5,5,5,5,5,5,5,5,5,5,5,5,5,5,5,5,5,5,5,5,5,5,5,5,5,5,5,5,5,5,5,5,5,5,5,5,5,5,5,5,5,5,5,5,5,5,5,5,5,5,5,5,5,5,5,5,5,5,5,5,5],"t_ns":51217538862000}}
51229936235208	rest	depth	{"jsonrpc":"2.0","method":"tof.frame","params":{"at_us":43581712,"cols":8,"distance_mm":[222,220,215,211,209,219,210,217,218,215,210,213,207,209,214,220,225,214,221,215,208,210,212,220,233,217,214,212,222,223,218,229,223,223,221,216,211,220,226,230,243,239,217,233,225,229,228,240,253,244,234,244,234,231,242,252,273,260,256,251,249,248,259,269],"rows":8,"seq":588,"status":[5,5,5,5,5,5,5,5,5,5,5,5,5,5,5,5,5,5,5,5,5,5,5,5,5,5,5,5,5,5,5,5,5,5,5,5,5,5,5,5,5,5,5,5,5,5,5,5,5,5,5,5,5,5,5,5,5,5,5,5,5,5,5,5],"t_ns":51217611470000}}
51230012494000	rest	depth	{"jsonrpc":"2.0","method":"tof.frame","params":{"at_us":43656871,"cols":8,"distance_mm":[219,222,213,206,215,221,214,228,219,214,216,211,201,210,213,219,222,225,209,208,215,208,211,223,225,220,212,205,208,214,225,226,226,223,219,220,217,214,230,231,246,242,228,225,224,225,233,234,248,239,241,236,240,240,240,243,272,259,250,252,246,255,256,266],"rows":8,"seq":589,"status":[5,5,5,5,5,5,5,5,5,5,5,5,5,5,5,5,5,5,5,5,5,5,5,5,5,5,5,5,5,5,5,5,5,5,5,5,5,5,5,5,5,5,5,5,5,5,5,5,5,5,5,5,5,5,5,5,5,5,5,5,5,5,5,5],"t_ns":51217686629000}}
51230090433666	rest	depth	{"jsonrpc":"2.0","method":"tof.frame","params":{"at_us":43735205,"cols":8,"distance_mm":[223,219,219,213,210,214,222,223,226,211,212,205,213,205,212,226,219,210,213,206,209,211,207,219,229,226,218,212,207,214,225,219,232,227,222,215,213,221,225,229,244,231,228,226,227,221,227,245,255,242,237,245,233,232,236,258,261,259,256,250,240,257,254,269],"rows":8,"seq":590,"status":[5,5,5,5,5,5,5,5,5,5,5,5,5,5,5,5,5,5,5,5,5,5,5,5,5,5,5,5,5,5,5,5,5,5,5,5,5,5,5,5,5,5,5,5,5,5,5,5,5,5,5,5,5,5,5,5,5,5,5,5,5,5,5,5],"t_ns":51217764963000}}
51230165390916	rest	depth	{"jsonrpc":"2.0","method":"tof.frame","params":{"at_us":43808577,"cols":8,"distance_mm":[222,216,211,220,214,216,215,219,220,213,217,204,210,214,209,215,219,217,210,210,210,217,216,224,220,215,216,209,210,213,215,229,238,225,228,212,229,218,225,229,234,237,230,219,226,226,227,245,248,241,243,236,233,236,240,249,266,260,253,252,249,252,259,262],"rows":8,"seq":591,"status":[5,5,5,5,5,5,5,5,5,5,5,5,5,5,5,5,5,5,5,5,5,5,5,5,5,5,5,5,5,5,5,5,5,5,5,5,5,5,5,5,5,5,5,5,5,5,5,5,5,5,5,5,5,5,5,5,5,5,5,5,5,5,5,5],"t_ns":51217838336000}}
51230237786541	rest	depth	{"jsonrpc":"2.0","method":"tof.frame","params":{"at_us":43882875,"cols":8,"distance_mm":[218,217,210,207,206,210,219,217,218,220,214,209,212,213,210,219,222,211,218,212,215,207,216,222,231,223,215,215,214,215,220,225,232,226,226,220,221,220,232,220,244,233,227,223,219,227,233,239,247,241,242,237,233,239,250,246,261,255,250,244,248,261,264,267],"rows":8,"seq":592,"status":[5,5,5,5,5,5,5,5,5,5,5,5,5,5,5,5,5,5,5,5,5,5,5,5,5,5,5,5,5,5,5,5,5,5,5,5,5,5,5,5,5,5,5,5,5,5,5,5,5,5,5,5,5,5,5,5,5,5,5,5,5,5,5,5],"t_ns":51217912634000}}
51230318136708	rest	depth	{"jsonrpc":"2.0","method":"tof.frame","params":{"at_us":43961245,"cols":8,"distance_mm":[224,224,208,208,210,212,222,216,224,218,213,203,207,204,217,217,219,219,203,210,215,216,220,216,235,225,214,211,212,215,214,225,237,220,225,216,223,219,215,227,245,236,224,223,228,225,226,235,253,249,238,237,235,244,248,256,269,266,253,253,254,263,252,261],"rows":8,"seq":593,"status":[5,5,5,5,5,5,5,5,5,5,5,5,5,5,5,5,5,5,5,5,5,5,5,5,5,5,5,5,5,5,5,5,5,5,5,5,5,5,5,5,5,5,5,5,5,5,5,5,5,5,5,5,5,5,5,5,5,5,5,5,5,5,5,5],"t_ns":51217991004000}}
51230393819541	rest	depth	{"jsonrpc":"2.0","method":"tof.frame","params":{"at_us":44039568,"cols":8,"distance_mm":[233,219,217,216,206,211,224,222,223,221,212,209,211,209,220,213,221,214,207,213,207,211,211,224,221,221,215,216,216,213,221,218,245,223,222,222,216,220,224,228,239,230,225,232,226,225,238,244,252,241,238,233,237,240,243,250,276,271,250,241,246,251,265,266],"rows":8,"seq":594,"status":[5,5,5,5,5,5,5,5,5,5,5,5,5,5,5,5,5,5,5,5,5,5,5,5,5,5,5,5,5,5,5,5,5,5,5,5,5,5,5,5,5,5,5,5,5,5,5,5,5,5,5,5,5,5,5,5,5,5,5,5,5,5,5,5],"t_ns":51218069328000}}
51230470443583	rest	depth	{"jsonrpc":"2.0","method":"tof.frame","params":{"at_us":44115915,"cols":8,"distance_mm":[221,222,203,211,211,207,214,213,226,216,215,204,205,215,214,229,227,213,212,204,213,218,214,225,227,220,216,205,215,210,220,235,227,221,219,219,215,213,223,231,242,242,226,220,231,229,234,242,250,251,243,226,237,240,244,243,270,265,252,255,253,259,258,267],"rows":8,"seq":595,"status":[5,5,5,5,5,5,5,5,5,5,5,5,5,5,5,5,5,5,5,5,5,5,5,5,5,5,5,5,5,5,5,5,5,5,5,5,5,5,5,5,5,5,5,5,5,5,5,5,5,5,5,5,5,5,5,5,5,5,5,5,5,5,5,5],"t_ns":51218145676000}}
51230548389500	rest	depth	{"jsonrpc":"2.0","method":"tof.frame","params":{"at_us":44191875,"cols":8,"distance_mm":[224,220,207,209,209,215,215,222,223,203,213,214,214,214,216,215,229,219,212,209,214,207,221,222,229,219,209,217,208,220,222,226,223,215,223,218,218,217,223,242,246,230,223,223,224,235,233,246,253,245,241,234,236,239,240,251,271,259,252,253,250,248,261,267],"rows":8,"seq":596,"status":[5,5,5,5,5,5,5,5,5,5,5,5,5,5,5,5,5,5,5,5,5,5,5,5,5,5,5,5,5,5,5,5,5,5,5,5,5,5,5,5,5,5,5,5,5,5,5,5,5,5,5,5,5,5,5,5,5,5,5,5,5,5,5,5],"t_ns":51218221635000}}
51230624028541	rest	depth	{"jsonrpc":"2.0","method":"tof.frame","params":{"at_us":44266882,"cols":8,"distance_mm":[225,222,211,205,209,204,218,219,214,212,206,212,210,210,221,209,219,220,212,207,211,204,216,226,225,224,216,220,208,215,221,220,229,218,226,216,213,224,225,232,242,230,228,225,222,223,233,251,249,241,235,244,229,241,249,251,266,260,256,252,247,256,255,261],"rows":8,"seq":597,"status":[5,5,5,5,5,5,5,5,5,5,5,5,5,5,5,5,5,5,5,5,5,5,5,5,5,5,5,5,5,5,5,5,5,5,5,5,5,5,5,5,5,5,5,5,5,5,5,5,5,5,5,5,5,5,5,5,5,5,5,5,5,5,5,5],"t_ns":51218296643000}}
51230697597666	rest	depth	{"jsonrpc":"2.0","method":"tof.frame","params":{"at_us":44338995,"cols":8,"distance_mm":[225,220,213,211,215,213,215,223,223,215,207,212,204,206,212,223,231,215,202,210,211,215,223,224,224,222,222,214,212,206,222,224,235,228,220,212,215,236,220,233,241,231,234,222,223,228,235,241,259,249,238,236,234,239,249,241,271,256,256,252,259,250,260,270],"rows":8,"seq":598,"status":[5,5,5,5,5,5,5,5,5,5,5,5,5,5,5,5,5,5,5,5,5,5,5,5,5,5,5,5,5,5,5,5,5,5,5,5,5,5,5,5,5,5,5,5,5,5,5,5,5,5,5,5,5,5,5,5,5,5,5,5,5,5,5,5],"t_ns":51218368756000}}
51230767395416	rest	depth	{"jsonrpc":"2.0","method":"tof.frame","params":{"at_us":44410500,"cols":8,"distance_mm":[223,219,208,212,205,210,214,221,224,214,214,208,217,211,212,228,227,218,217,205,210,212,214,222,225,224,217,209,205,218,219,221,231,221,221,213,217,214,228,230,234,231,232,219,229,230,238,240,254,244,235,227,238,244,241,252,266,263,250,250,247,253,264,264],"rows":8,"seq":599,"status":[5,5,5,5,5,5,5,5,5,5,5,5,5,5,5,5,5,5,5,5,5,5,5,5,5,5,5,5,5,5,5,5,5,5,5,5,5,5,5,5,5,5,5,5,5,5,5,5,5,5,5,5,5,5,5,5,5,5,5,5,5,5,5,5],"t_ns":51218440261000}}
51230838756250	rest	depth	{"jsonrpc":"2.0","method":"tof.frame","params":{"at_us":44481638,"cols":8,"distance_mm":[226,218,211,213,211,209,214,220,220,209,215,211,202,210,211,222,230,220,218,206,207,211,218,212,223,225,214,219,206,205,213,222,230,224,224,211,215,219,225,233,235,233,222,229,218,228,227,232,253,239,241,238,235,236,247,257,266,264,255,252,241,251,254,264],"rows":8,"seq":600,"status":[5,5,5,5,5,5,5,5,5,5,5,5,5,5,5,5,5,5,5,5,5,5,5,5,5,5,5,5,5,5,5,5,5,5,5,5,5,5,5,5,5,5,5,5,5,5,5,5,5,5,5,5,5,5,5,5,5,5,5,5,5,5,5,5],"t_ns":51218511399000}}
51230907506541	rest	depth	{"jsonrpc":"2.0","method":"tof.frame","params":{"at_us":44551048,"cols":8,"distance_mm":[228,218,206,212,209,210,219,214,220,212,207,216,209,215,215,213,217,221,213,216,211,212,214,228,239,225,223,216,214,214,209,229,237,228,213,214,222,222,221,228,246,232,223,225,222,230,242,239,254,248,241,240,230,236,247,251,266,262,254,243,253,252,261,256],"rows":8,"seq":601,"status":[5,5,5,5,5,5,5,5,5,5,5,5,5,5,5,5,5,5,5,5,5,5,5,5,5,5,5,5,5,5,5,5,5,5,5,5,5,5,5,5,5,5,5,5,5,5,5,5,5,5,5,5,5,5,5,5,5,5,5,5,5,5,5,5],"t_ns":51218580809000}}
51230983334791	rest	depth	{"jsonrpc":"2.0","method":"tof.frame","params":{"at_us":44627654,"cols":8,"distance_mm":[227,221,208,207,215,215,214,221,222,211,212,204,208,217,213,216,224,219,208,218,213,207,209,212,222,218,217,211,215,213,211,225,236,225,213,217,218,215,234,220,242,237,233,228,221,235,234,242,255,252,236,235,234,239,246,251,268,256,249,245,251,245,258,263],"rows":8,"seq":602,"status":[5,5,5,5,5,5,5,5,5,5,5,5,5,5,5,5,5,5,5,5,5,5,5,5,5,5,5,5,5,5,5,5,5,5,5,5,5,5,5,5,5,5,5,5,5,5,5,5,5,5,5,5,5,5,5,5,5,5,5,5,5,5,5,5],"t_ns":51218657416000}}
51231061005750	rest	depth	{"jsonrpc":"2.0","method":"tof.frame","params":{"at_us":44704967,"cols":8,"distance_mm":[219,222,217,204,207,216,219,218,224,214,217,206,200,207,207,219,227,214,213,207,211,211,217,221,230,214,217,217,213,218,215,222,229,228,214,216,219,223,221,235,241,230,222,225,223,224,234,243,251,241,240,238,234,235,252,251,263,261,255,249,249,248,256,277],"rows":8,"seq":603,"status":[5,5,5,5,5,5,5,5,5,5,5,5,5,5,5,5,5,5,5,5,5,5,5,5,5,5,5,5,5,5,5,5,5,5,5,5,5,5,5,5,5,5,5,5,5,5,5,5,5,5,5,5,5,5,5,5,5,5,5,5,5,5,5,5],"t_ns":51218734729000}}
51231133453625	rest	depth	{"jsonrpc":"2.0","method":"tof.frame","params":{"at_us":44776835,"cols":8,"distance_mm":[225,216,216,212,215,213,214,218,222,211,219,200,214,214,215,220,226,210,206,208,210,205,217,213,230,217,206,223,209,209,225,217,227,229,211,215,224,218,227,228,245,233,237,226,229,229,228,240,247,245,255,239,234,237,236,242,268,266,258,258,242,245,258,264],"rows":8,"seq":604,"status":[5,5,5,5,5,5,5,5,5,5,5,5,5,5,5,5,5,5,5,5,5,5,5,5,5,5,5,5,5,5,5,5,5,5,5,5,5,5,5,5,5,5,5,5,5,5,5,5,5,5,5,5,5,5,5,5,5,5,5,5,5,5,5,5],"t_ns":51218806598000}}
51231205375083	rest	depth	{"jsonrpc":"2.0","method":"tof.frame","params":{"at_us":44849409,"cols":8,"distance_mm":[221,209,213,217,212,216,216,225,223,213,213,205,210,208,216,218,227,216,223,205,222,210,218,224,231,219,212,216,215,219,218,225,232,226,220,217,213,224,219,225,236,233,229,231,223,219,233,242,258,245,240,239,232,241,246,253,268,263,257,249,246,261,253,274],"rows":8,"seq":605,"status":[5,5,5,5,5,5,5,5,5,5,5,5,5,5,5,5,5,5,5,5,5,5,5,5,5,5,5,5,5,5,5,5,5,5,5,5,5,5,5,5,5,5,5,5,5,5,5,5,5,5,5,5,5,5,5,5,5,5,5,5,5,5,5,5],"t_ns":51218879172000}}
51231283554833	rest	depth	{"jsonrpc":"2.0","method":"tof.frame","params":{"at_us":44926796,"cols":8,"distance_mm":[221,213,207,213,219,208,218,228,229,224,214,210,203,209,217,225,229,218,211,214,211,216,218,221,229,217,217,216,218,220,220,220,232,227,221,220,223,216,226,225,237,225,230,229,221,224,231,240,263,246,243,235,231,230,239,252,271,259,257,252,250,255,258,267],"rows":8,"seq":606,"status":[5,5,5,5,5,5,5,5,5,5,5,5,5,5,5,5,5,5,5,5,5,5,5,5,5,5,5,5,5,5,5,5,5,5,5,5,5,5,5,5,5,5,5,5,5,5,5,5,5,5,5,5,5,5,5,5,5,5,5,5,5,5,5,5],"t_ns":51218956559000}}
51231356672791	rest	depth	{"jsonrpc":"2.0","method":"tof.frame","params":{"at_us":45000023,"cols":8,"distance_mm":[223,220,212,203,210,218,212,224,224,215,214,206,206,212,216,219,226,221,208,206,215,205,215,225,220,222,216,214,216,214,217,228,239,228,224,215,209,212,221,232,247,225,227,219,228,222,231,241,259,251,238,235,230,236,236,242,262,263,250,249,254,244,250,268],"rows":8,"seq":607,"status":[5,5,5,5,5,5,5,5,5,5,5,5,5,5,5,5,5,5,5,5,5,5,5,5,5,5,5,5,5,5,5,5,5,5,5,5,5,5,5,5,5,5,5,5,5,5,5,5,5,5,5,5,5,5,5,5,5,5,5,5,5,5,5,5],"t_ns":51219029787000}}
51231433875875	rest	depth	{"jsonrpc":"2.0","method":"tof.frame","params":{"at_us":45077667,"cols":8,"distance_mm":[222,212,216,207,209,210,213,217,215,218,205,211,214,210,214,221,228,221,220,208,207,208,208,215,228,218,210,218,222,212,214,226,228,219,223,222,215,210,226,236,241,234,230,216,236,233,228,236,250,244,239,236,238,234,244,252,269,266,256,251,249,255,258,273],"rows":8,"seq":608,"status":[5,5,5,5,5,5,5,5,5,5,5,5,5,5,5,5,5,5,5,5,5,5,5,5,5,5,5,5,5,5,5,5,5,5,5,5,5,5,5,5,5,5,5,5,5,5,5,5,5,5,5,5,5,5,5,5,5,5,5,5,5,5,5,5],"t_ns":51219107431000}}
51231509236125	rest	depth	{"jsonrpc":"2.0","method":"tof.frame","params":{"at_us":45152791,"cols":8,"distance_mm":[224,220,218,215,215,211,208,223,221,213,216,216,205,212,217,208,227,213,207,205,213,212,208,216,233,217,216,210,212,216,216,221,232,227,225,213,212,228,220,232,243,229,232,229,225,227,237,233,254,249,241,239,234,234,246,245,270,257,255,254,247,252,261,272],"rows":8,"seq":609,"status":[5,5,5,5,5,5,5,5,5,5,5,5,5,5,5,5,5,5,5,5,5,5,5,5,5,5,5,5,5,5,5,5,5,5,5,5,5,5,5,5,5,5,5,5,5,5,5,5,5,5,5,5,5,5,5,5,5,5,5,5,5,5,5,5],"t_ns":51219182555000}}
51231587267291	rest	depth	{"jsonrpc":"2.0","method":"tof.frame","params":{"at_us":45230099,"cols":8,"distance_mm":[218,215,213,216,209,216,213,222,228,220,208,209,210,212,215,219,221,210,207,202,206,214,214,223,223,227,209,214,215,217,219,218,234,224,221,223,214,217,229,230,237,230,231,221,224,228,239,238,254,247,240,238,239,238,239,258,272,255,254,250,254,249,252,271],"rows":8,"seq":610,"status":[5,5,5,5,5,5,5,5,5,5,5,5,5,5,5,5,5,5,5,5,5,5,5,5,5,5,5,5,5,5,5,5,5,5,5,5,5,5,5,5,5,5,5,5,5,5,5,5,5,5,5,5,5,5,5,5,5,5,5,5,5,5,5,5],"t_ns":51219259863000}}
51231656524458	rest	depth	{"jsonrpc":"2.0","method":"tof.frame","params":{"at_us":45300067,"cols":8,"distance_mm":[227,233,216,209,213,212,214,225,226,216,207,210,213,208,211,221,222,214,215,205,208,214,212,222,223,221,213,212,218,210,212,228,231,224,223,219,217,218,220,225,242,238,236,221,225,225,237,226,253,245,235,239,237,236,246,250,272,255,256,246,248,250,257,262],"rows":8,"seq":611,"status":[5,5,5,5,5,5,5,5,5,5,5,5,5,5,5,5,5,5,5,5,5,5,5,5,5,5,5,5,5,5,5,5,5,5,5,5,5,5,5,5,5,5,5,5,5,5,5,5,5,5,5,5,5,5,5,5,5,5,5,5,5,5,5,5],"t_ns":51219329832000}}
51231730959875	rest	depth	{"jsonrpc":"2.0","method":"tof.frame","params":{"at_us":45374673,"cols":8,"distance_mm":[227,219,208,211,208,208,219,221,220,211,213,204,206,213,214,215,227,217,207,214,202,203,217,221,234,223,218,224,216,211,216,222,228,224,221,229,214,226,221,234,242,229,235,222,226,226,234,236,253,236,244,242,239,243,243,251,282,261,258,250,252,252,257,261],"rows":8,"seq":612,"status":[5,5,5,5,5,5,5,5,5,5,5,5,5,5,5,5,5,5,5,5,5,5,5,5,5,5,5,5,5,5,5,5,5,5,5,5,5,5,5,5,5,5,5,5,5,5,5,5,5,5,5,5,5,5,5,5,5,5,5,5,5,5,5,5],"t_ns":51219404438000}}
51231799842750	rest	depth	{"jsonrpc":"2.0","method":"tof.frame","params":{"at_us":45444329,"cols":8,"distance_mm":[223,214,212,208,215,211,223,226,228,213,212,211,206,206,217,208,222,215,211,210,204,214,215,217,233,218,216,218,215,207,220,230,229,222,224,211,220,221,227,230,232,240,227,228,227,218,224,234,243,243,238,230,236,239,243,247,270,263,258,259,248,250,256,264],"rows":8,"seq":613,"status":[5,5,5,5,5,5,5,5,5,5,5,5,5,5,5,5,5,5,5,5,5,5,5,5,5,5,5,5,5,5,5,5,5,5,5,5,5,5,5,5,5,5,5,5,5,5,5,5,5,5,5,5,5,5,5,5,5,5,5,5,5,5,5,5],"t_ns":51219474094000}}
51231878420125	rest	depth	{"jsonrpc":"2.0","method":"tof.frame","params":{"at_us":45521714,"cols":8,"distance_mm":[226,219,212,209,213,213,208,220,223,215,216,208,211,211,203,217,217,218,204,206,206,211,209,221,229,221,211,209,223,222,220,225,233,224,226,211,216,224,225,237,239,236,225,224,236,231,237,236,252,237,237,235,240,241,248,260,265,249,256,255,248,253,256,266],"rows":8,"seq":614,"status":[5,5,5,5,5,5,5,5,5,5,5,5,5,5,5,5,5,5,5,5,5,5,5,5,5,5,5,5,5,5,5,5,5,5,5,5,5,5,5,5,5,5,5,5,5,5,5,5,5,5,5,5,5,5,5,5,5,5,5,5,5,5,5,5],"t_ns":51219551480000}}
51231955507708	rest	depth	{"jsonrpc":"2.0","method":"tof.frame","params":{"at_us":45599045,"cols":8,"distance_mm":[229,223,214,209,211,213,213,222,214,216,215,206,205,212,213,227,224,218,212,208,207,211,211,217,228,219,220,218,215,209,214,232,229,222,218,216,225,222,220,224,242,237,218,218,223,226,231,240,250,244,240,242,240,245,245,250,270,264,258,243,247,255,264,273],"rows":8,"seq":615,"status":[5,5,5,5,5,5,5,5,5,5,5,5,5,5,5,5,5,5,5,5,5,5,5,5,5,5,5,5,5,5,5,5,5,5,5,5,5,5,5,5,5,5,5,5,5,5,5,5,5,5,5,5,5,5,5,5,5,5,5,5,5,5,5,5],"t_ns":51219628811000}}
51232031108458	rest	depth	{"jsonrpc":"2.0","method":"tof.frame","params":{"at_us":45676369,"cols":8,"distance_mm":[227,223,213,203,211,209,227,225,218,212,210,203,212,210,213,219,229,215,214,215,217,207,214,223,235,225,210,208,218,206,214,233,234,221,224,216,222,220,219,232,243,231,222,223,224,228,225,241,255,241,238,242,233,242,245,245,270,262,258,251,253,254,254,264],"rows":8,"seq":616,"status":[5,5,5,5,5,5,5,5,5,5,5,5,5,5,5,5,5,5,5,5,5,5,5,5,5,5,5,5,5,5,5,5,5,5,5,5,5,5,5,5,5,5,5,5,5,5,5,5,5,5,5,5,5,5,5,5,5,5,5,5,5,5,5,5],"t_ns":51219706135000}}
51232105961208	rest	depth	{"jsonrpc":"2.0","method":"tof.frame","params":{"at_us":45749383,"cols":8,"distance_mm":[227,216,212,210,214,207,217,220,220,218,219,209,206,211,216,222,224,218,214,212,207,216,210,217,225,226,211,216,209,216,225,219,232,223,218,218,223,222,223,228,231,236,228,217,228,230,226,235,251,243,243,234,234,240,244,253,259,263,250,248,257,257,261,275],"rows":8,"seq":617,"status":[5,5,5,5,5,5,5,5,5,5,5,5,5,5,5,5,5,5,5,5,5,5,5,5,5,5,5,5,5,5,5,5,5,5,5,5,5,5,5,5,5,5,5,5,5,5,5,5,5,5,5,5,5,5,5,5,5,5,5,5,5,5,5,5],"t_ns":51219779150000}}
51232178491416	rest	depth	{"jsonrpc":"2.0","method":"tof.frame","params":{"at_us":45824077,"cols":8,"distance_mm":[224,214,217,205,207,212,215,216,222,213,218,214,213,210,215,217,222,217,213,211,209,207,219,214,225,226,218,203,210,208,220,228,233,221,209,223,224,215,225,228,242,235,235,233,230,230,231,243,255,244,245,235,233,227,236,252,260,255,260,253,256,249,253,263],"rows":8,"seq":618,"status":[5,5,5,5,5,5,5,5,5,5,5,5,5,5,5,5,5,5,5,5,5,5,5,5,5,5,5,5,5,5,5,5,5,5,5,5,5,5,5,5,5,5,5,5,5,5,5,5,5,5,5,5,5,5,5,5,5,5,5,5,5,5,5,5],"t_ns":51219853844000}}
51232257122041	rest	depth	{"jsonrpc":"2.0","method":"tof.frame","params":{"at_us":45901304,"cols":8,"distance_mm":[225,211,213,217,204,214,218,225,220,214,210,210,205,205,208,223,230,216,207,217,206,206,221,215,228,223,214,217,219,217,218,224,233,225,218,217,223,221,223,231,239,234,223,216,223,225,239,240,254,256,245,233,238,236,250,252,273,262,246,255,253,253,251,267],"rows":8,"seq":619,"status":[5,5,5,5,5,5,5,5,5,5,5,5,5,5,5,5,5,5,5,5,5,5,5,5,5,5,5,5,5,5,5,5,5,5,5,5,5,5,5,5,5,5,5,5,5,5,5,5,5,5,5,5,5,5,5,5,5,5,5,5,5,5,5,5],"t_ns":51219931072000}}
51232334148250	rest	depth	{"jsonrpc":"2.0","method":"tof.frame","params":{"at_us":45978648,"cols":8,"distance_mm":[220,207,206,206,212,207,206,220,222,210,220,207,213,213,215,220,222,212,214,208,212,218,211,215,222,228,212,209,208,206,221,219,233,229,223,217,211,221,227,222,241,231,219,225,225,229,235,246,255,237,244,236,236,241,243,253,258,261,259,240,249,257,254,264],"rows":8,"seq":620,"status":[5,5,5,5,5,5,5,5,5,5,5,5,5,5,5,5,5,5,5,5,5,5,5,5,5,5,5,5,5,5,5,5,5,5,5,5,5,5,5,5,5,5,5,5,5,5,5,5,5,5,5,5,5,5,5,5,5,5,5,5,5,5,5,5],"t_ns":51220008416000}}
51232409071791	rest	depth	{"jsonrpc":"2.0","method":"tof.frame","params":{"at_us":46053786,"cols":8,"distance_mm":[226,217,213,217,202,210,211,223,221,211,210,214,206,211,219,217,228,218,213,212,214,207,219,229,224,223,213,212,210,215,219,220,240,228,224,218,215,225,225,230,243,230,231,224,224,225,223,237,255,242,244,238,230,244,242,249,272,256,255,255,249,252,256,262],"rows":8,"seq":621,"status":[5,5,5,5,5,5,5,5,5,5,5,5,5,5,5,5,5,5,5,5,5,5,5,5,5,5,5,5,5,5,5,5,5,5,5,5,5,5,5,5,5,5,5,5,5,5,5,5,5,5,5,5,5,5,5,5,5,5,5,5,5,5,5,5],"t_ns":51220083555000}}
51232481984083	rest	depth	{"jsonrpc":"2.0","method":"tof.frame","params":{"at_us":46127621,"cols":8,"distance_mm":[223,217,211,214,208,218,212,215,219,215,208,205,205,211,221,214,226,215,209,210,211,215,215,220,228,210,215,212,209,212,213,218,232,224,219,218,210,215,218,227,238,234,230,230,226,226,220,235,246,243,248,242,226,232,249,257,270,258,254,253,248,252,256,264],"rows":8,"seq":622,"status":[5,5,5,5,5,5,5,5,5,5,5,5,5,5,5,5,5,5,5,5,5,5,5,5,5,5,5,5,5,5,5,5,5,5,5,5,5,5,5,5,5,5,5,5,5,5,5,5,5,5,5,5,5,5,5,5,5,5,5,5,5,5,5,5],"t_ns":51220157389000}}
51232559627875	rest	depth	{"jsonrpc":"2.0","method":"tof.frame","params":{"at_us":46204933,"cols":8,"distance_mm":[222,219,212,208,215,206,215,217,228,208,213,209,211,204,214,217,220,215,214,209,212,210,220,215,234,227,219,213,213,216,218,223,230,223,220,214,219,216,219,231,234,236,229,223,225,232,232,234,258,249,239,234,234,239,242,252,267,255,248,251,252,247,254,265],"rows":8,"seq":623,"status":[5,5,5,5,5,5,5,5,5,5,5,5,5,5,5,5,5,5,5,5,5,5,5,5,5,5,5,5,5,5,5,5,5,5,5,5,5,5,5,5,5,5,5,5,5,5,5,5,5,5,5,5,5,5,5,5,5,5,5,5,5,5,5,5],"t_ns":51220234702000}}
51232637786125	rest	depth	{"jsonrpc":"2.0","method":"tof.frame","params":{"at_us":46281248,"cols":8,"distance_mm":[225,219,210,214,208,214,207,229,231,211,209,206,206,214,216,223,214,217,211,208,209,210,215,220,221,222,212,216,213,220,222,232,238,225,218,221,220,226,221,227,247,238,221,228,227,227,236,236,255,254,244,226,237,241,246,252,265,255,255,255,253,254,255,265],"rows":8,"seq":624,"status":[5,5,5,5,5,5,5,5,5,5,5,5,5,5,5,5,5,5,5,5,5,5,5,5,5,5,5,5,5,5,5,5,5,5,5,5,5,5,5,5,5,5,5,5,5,5,5,5,5,5,5,5,5,5,5,5,5,5,5,5,5,5,5,5],"t_ns":51220311017000}}
51232710275041	rest	depth	{"jsonrpc":"2.0","method":"tof.frame","params":{"at_us":46353836,"cols":8,"distance_mm":[220,215,223,218,210,213,216,220,218,215,210,206,215,215,221,223,225,221,215,212,207,213,216,225,234,214,214,218,210,216,218,225,231,234,223,211,228,213,221,227,248,224,229,225,223,231,233,231,253,241,238,239,232,240,238,246,269,254,252,252,254,252,256,260],"rows":8,"seq":625,"status":[5,5,5,5,5,5,5,5,5,5,5,5,5,5,5,5,5,5,5,5,5,5,5,5,5,5,5,5,5,5,5,5,5,5,5,5,5,5,5,5,5,5,5,5,5,5,5,5,5,5,5,5,5,5,5,5,5,5,5,5,5,5,5,5],"t_ns":51220383605000}}
51232788427000	rest	depth	{"jsonrpc":"2.0","method":"tof.frame","params":{"at_us":46433409,"cols":8,"distance_mm":[224,215,212,214,212,213,221,221,229,211,209,210,211,206,217,214,218,219,218,204,206,213,222,226,224,218,210,217,212,213,214,228,229,224,225,219,222,218,217,230,240,240,232,221,217,230,234,235,247,244,238,233,240,233,250,251,269,258,251,254,252,253,254,261],"rows":8,"seq":626,"status":[5,5,5,5,5,5,5,5,5,5,5,5,5,5,5,5,5,5,5,5,5,5,5,5,5,5,5,5,5,5,5,5,5,5,5,5,5,5,5,5,5,5,5,5,5,5,5,5,5,5,5,5,5,5,5,5,5,5,5,5,5,5,5,5],"t_ns":51220463178000}}
51232866905375	rest	depth	{"jsonrpc":"2.0","method":"tof.frame","params":{"at_us":46510864,"cols":8,"distance_mm":[228,209,212,216,207,210,211,224,227,212,210,203,204,207,219,217,230,220,216,217,209,216,217,228,229,221,212,216,204,215,221,229,234,224,225,224,222,215,220,232,242,229,228,234,227,225,236,230,246,242,247,232,243,231,242,245,272,261,257,256,251,252,251,264],"rows":8,"seq":627,"status":[5,5,5,5,5,5,5,5,5,5,5,5,5,5,5,5,5,5,5,5,5,5,5,5,5,5,5,5,5,5,5,5,5,5,5,5,5,5,5,5,5,5,5,5,5,5,5,5,5,5,5,5,5,5,5,5,5,5,5,5,5,5,5,5],"t_ns":51220540634000}}
51232940342125	rest	depth	{"jsonrpc":"2.0","method":"tof.frame","params":{"at_us":46585588,"cols":8,"distance_mm":[220,220,214,216,209,215,212,221,225,225,217,199,203,209,217,220,221,209,216,211,207,209,216,215,224,219,219,209,207,214,220,220,230,223,218,217,219,222,224,232,242,229,233,229,224,222,237,237,254,244,228,243,230,235,245,246,272,262,252,248,254,255,262,268],"rows":8,"seq":628,"status":[5,5,5,5,5,5,5,5,5,5,5,5,5,5,5,5,5,5,5,5,5,5,5,5,5,5,5,5,5,5,5,5,5,5,5,5,5,5,5,5,5,5,5,5,5,5,5,5,5,5,5,5,5,5,5,5,5,5,5,5,5,5,5,5],"t_ns":51220615359000}}
51233015171583	rest	depth	{"jsonrpc":"2.0","method":"tof.frame","params":{"at_us":46658864,"cols":8,"distance_mm":[225,217,206,216,207,209,211,219,219,214,199,217,216,212,217,216,223,216,218,212,216,211,217,223,221,223,215,213,212,221,214,226,240,227,222,226,221,219,227,226,245,233,232,223,216,225,234,234,261,239,229,237,238,240,251,246,265,253,254,248,258,255,254,255],"rows":8,"seq":629,"status":[5,5,5,5,5,5,5,5,5,5,5,5,5,5,5,5,5,5,5,5,5,5,5,5,5,5,5,5,5,5,5,5,5,5,5,5,5,5,5,5,5,5,5,5,5,5,5,5,5,5,5,5,5,5,5,5,5,5,5,5,5,5,5,5],"t_ns":51220688635000}}
51233082378166	rest	depth	{"jsonrpc":"2.0","method":"tof.frame","params":{"at_us":46728135,"cols":8,"distance_mm":[227,217,209,206,206,218,219,216,220,213,214,201,201,203,211,226,223,221,215,212,212,210,216,220,225,222,218,213,214,218,219,228,238,229,216,217,221,228,226,231,237,236,229,228,231,235,230,238,255,248,236,236,241,241,244,252,263,260,249,249,241,256,251,265],"rows":8,"seq":630,"status":[5,5,5,5,5,5,5,5,5,5,5,5,5,5,5,5,5,5,5,5,5,5,5,5,5,5,5,5,5,5,5,5,5,5,5,5,5,5,5,5,5,5,5,5,5,5,5,5,5,5,5,5,5,5,5,5,5,5,5,5,5,5,5,5],"t_ns":51220757906000}}
51233160820333	rest	depth	{"jsonrpc":"2.0","method":"tof.frame","params":{"at_us":46804405,"cols":8,"distance_mm":[224,221,216,205,209,212,222,220,215,212,216,211,210,208,214,218,230,216,206,204,208,211,212,221,230,222,216,213,209,211,216,225,229,223,219,217,223,223,235,233,246,237,225,228,229,219,233,240,255,248,245,233,233,237,237,254,269,262,262,257,248,245,258,262],"rows":8,"seq":631,"status":[5,5,5,5,5,5,5,5,5,5,5,5,5,5,5,5,5,5,5,5,5,5,5,5,5,5,5,5,5,5,5,5,5,5,5,5,5,5,5,5,5,5,5,5,5,5,5,5,5,5,5,5,5,5,5,5,5,5,5,5,5,5,5,5],"t_ns":51220834176000}}
51233231475083	rest	depth	{"jsonrpc":"2.0","method":"tof.frame","params":{"at_us":46874724,"cols":8,"distance_mm":[228,217,215,204,210,210,218,213,222,218,213,210,213,210,215,222,222,218,212,216,208,220,211,217,220,215,212,214,221,217,211,222,225,219,217,220,214,213,227,227,239,233,228,222,224,227,236,246,256,237,238,233,239,240,242,248,274,262,256,256,243,248,257,267],"rows":8,"seq":632,"status":[5,5,5,5,5,5,5,5,5,5,5,5,5,5,5,5,5,5,5,5,5,5,5,5,5,5,5,5,5,5,5,5,5,5,5,5,5,5,5,5,5,5,5,5,5,5,5,5,5,5,5,5,5,5,5,5,5,5,5,5,5,5,5,5],"t_ns":51220904495000}}
51233305174208	rest	depth	{"jsonrpc":"2.0","method":"tof.frame","params":{"at_us":46949470,"cols":8,"distance_mm":[214,222,209,217,210,208,218,223,223,215,222,214,210,207,211,219,227,223,219,212,212,213,218,217,228,222,214,216,209,212,223,226,230,227,212,214,221,222,225,229,240,234,226,229,231,222,233,240,255,247,246,238,235,235,240,250,271,254,266,256,245,256,261,266],"rows":8,"seq":633,"status":[5,5,5,5,5,5,5,5,5,5,5,5,5,5,5,5,5,5,5,5,5,5,5,5,5,5,5,5,5,5,5,5,5,5,5,5,5,5,5,5,5,5,5,5,5,5,5,5,5,5,5,5,5,5,5,5,5,5,5,5,5,5,5,5],"t_ns":51220979242000}}
51233381767041	rest	depth	{"jsonrpc":"2.0","method":"tof.frame","params":{"at_us":47026891,"cols":8,"distance_mm":[218,222,211,212,202,212,209,221,220,218,213,210,210,210,217,225,220,215,210,208,210,213,215,222,235,217,211,218,210,220,221,229,238,224,220,216,215,225,224,235,236,231,224,230,231,221,234,234,257,246,241,240,242,241,245,250,267,262,255,256,251,256,255,260],"rows":8,"seq":634,"status":[5,5,5,5,5,5,5,5,5,5,5,5,5,5,5,5,5,5,5,5,5,5,5,5,5,5,5,5,5,5,5,5,5,5,5,5,5,5,5,5,5,5,5,5,5,5,5,5,5,5,5,5,5,5,5,5,5,5,5,5,5,5,5,5],"t_ns":51221056664000}}
51233456330708	rest	depth	{"jsonrpc":"2.0","method":"tof.frame","params":{"at_us":47099822,"cols":8,"distance_mm":[225,217,212,211,210,210,216,221,230,211,212,216,218,216,211,219,239,216,215,213,211,210,212,220,224,226,210,211,215,211,218,224,232,228,216,209,219,222,224,228,242,233,227,228,230,232,236,228,253,247,240,230,238,234,240,250,272,250,253,253,252,248,258,266],"rows":8,"seq":635,"status":[5,5,5,5,5,5,5,5,5,5,5,5,5,5,5,5,5,5,5,5,5,5,5,5,5,5,5,5,5,5,5,5,5,5,5,5,5,5,5,5,5,5,5,5,5,5,5,5,5,5,5,5,5,5,5,5,5,5,5,5,5,5,5,5],"t_ns":51221129595000}}
51233532473458	rest	depth	{"jsonrpc":"2.0","method":"tof.frame","params":{"at_us":47176026,"cols":8,"distance_mm":[222,221,217,210,209,209,217,225,224,213,221,208,210,208,213,222,221,205,214,207,207,206,216,219,223,217,218,207,213,216,220,223,237,224,218,219,218,218,224,222,247,229,227,218,225,222,243,243,255,242,239,233,236,238,245,247,282,248,255,247,249,249,257,266],"rows":8,"seq":636,"status":[5,5,5,5,5,5,5,5,5,5,5,5,5,5,5,5,5,5,5,5,5,5,5,5,5,5,5,5,5,5,5,5,5,5,5,5,5,5,5,5,5,5,5,5,5,5,5,5,5,5,5,5,5,5,5,5,5,5,5,5,5,5,5,5],"t_ns":51221205799000}}
51233607526541	rest	depth	{"jsonrpc":"2.0","method":"tof.frame","params":{"at_us":47251006,"cols":8,"distance_mm":[227,213,215,210,212,214,217,224,219,212,210,211,206,216,215,217,223,218,217,206,207,214,212,225,226,217,215,209,215,209,219,225,237,224,225,213,218,221,222,227,240,237,230,225,215,231,237,236,249,242,240,234,239,233,237,243,265,257,258,247,249,249,261,263],"rows":8,"seq":637,"status":[5,5,5,5,5,5,5,5,5,5,5,5,5,5,5,5,5,5,5,5,5,5,5,5,5,5,5,5,5,5,5,5,5,5,5,5,5,5,5,5,5,5,5,5,5,5,5,5,5,5,5,5,5,5,5,5,5,5,5,5,5,5,5,5],"t_ns":51221280779000}}
51233684284500	rest	depth	{"jsonrpc":"2.0","method":"tof.frame","params":{"at_us":47328256,"cols":8,"distance_mm":[226,225,218,207,208,211,214,221,221,221,216,211,206,206,215,218,228,212,214,213,208,207,211,219,229,216,215,215,216,218,212,225,237,230,223,220,209,221,219,229,239,230,227,222,226,228,222,238,257,237,244,230,234,236,242,243,274,261,254,247,253,250,254,266],"rows":8,"seq":638,"status":[5,5,5,5,5,5,5,5,5,5,5,5,5,5,5,5,5,5,5,5,5,5,5,5,5,5,5,5,5,5,5,5,5,5,5,5,5,5,5,5,5,5,5,5,5,5,5,5,5,5,5,5,5,5,5,5,5,5,5,5,5,5,5,5],"t_ns":51221358030000}}
51233761526541	rest	depth	{"jsonrpc":"2.0","method":"tof.frame","params":{"at_us":47405493,"cols":8,"distance_mm":[223,226,215,218,211,213,211,222,223,213,216,214,205,211,211,222,228,218,216,212,210,205,207,220,233,219,213,219,210,215,224,225,241,224,213,213,219,221,226,223,244,239,226,227,229,224,229,238,254,247,237,235,238,246,247,251,267,259,250,255,256,254,256,263],"rows":8,"seq":639,"status":[5,5,5,5,5,5,5,5,5,5,5,5,5,5,5,5,5,5,5,5,5,5,5,5,5,5,5,5,5,5,5,5,5,5,5,5,5,5,5,5,5,5,5,5,5,5,5,5,5,5,5,5,5,5,5,5,5,5,5,5,5,5,5,5],"t_ns":51221435267000}}
51233837961208	rest	depth	{"jsonrpc":"2.0","method":"tof.frame","params":{"at_us":47483092,"cols":8,"distance_mm":[220,215,207,210,214,209,214,225,221,219,216,210,202,211,220,223,222,215,211,207,214,218,214,216,229,224,222,210,216,217,216,230,231,225,218,216,218,220,226,231,249,232,231,224,217,229,236,238,255,244,238,238,236,244,244,252,267,262,251,250,244,251,249,262],"rows":8,"seq":640,"status":[5,5,5,5,5,5,5,5,5,5,5,5,5,5,5,5,5,5,5,5,5,5,5,5,5,5,5,5,5,5,5,5,5,5,5,5,5,5,5,5,5,5,5,5,5,5,5,5,5,5,5,5,5,5,5,5,5,5,5,5,5,5,5,5],"t_ns":51221512866000}}
51233915851791	rest	depth	{"jsonrpc":"2.0","method":"tof.frame","params":{"at_us":47560435,"cols":8,"distance_mm":[230,223,205,207,213,219,212,216,222,217,215,212,202,206,221,220,228,212,221,214,210,213,215,220,225,216,207,211,209,216,224,224,236,232,218,216,226,222,223,233,248,235,230,228,231,227,229,237,256,241,238,238,231,237,244,254,265,258,249,245,248,252,260,272],"rows":8,"seq":641,"status":[5,5,5,5,5,5,5,5,5,5,5,5,5,5,5,5,5,5,5,5,5,5,5,5,5,5,5,5,5,5,5,5,5,5,5,5,5,5,5,5,5,5,5,5,5,5,5,5,5,5,5,5,5,5,5,5,5,5,5,5,5,5,5,5],"t_ns":51221590210000}}
51233991169416	rest	depth	{"jsonrpc":"2.0","method":"tof.frame","params":{"at_us":47635641,"cols":8,"distance_mm":[224,213,213,204,215,204,213,217,222,210,210,213,211,214,213,214,221,221,210,210,210,208,219,221,238,220,210,218,210,220,219,233,231,222,221,219,221,225,221,233,239,238,225,221,219,224,233,246,253,247,231,232,232,233,244,251,276,264,255,246,254,246,265,268],"rows":8,"seq":642,"status":[5,5,5,5,5,5,5,5,5,5,5,5,5,5,5,5,5,5,5,5,5,5,5,5,5,5,5,5,5,5,5,5,5,5,5,5,5,5,5,5,5,5,5,5,5,5,5,5,5,5,5,5,5,5,5,5,5,5,5,5,5,5,5,5],"t_ns":51221665416000}}
51234068740333	rest	depth	{"jsonrpc":"2.0","method":"tof.frame","params":{"at_us":47712938,"cols":8,"distance_mm":[218,215,213,210,211,210,204,224,221,220,205,200,205,221,215,221,219,226,219,205,208,211,215,214,232,218,218,217,205,211,217,226,228,229,217,219,217,217,224,235,248,231,221,224,225,230,230,238,253,240,236,238,235,237,242,262,276,263,252,253,252,253,259,272],"rows":8,"seq":643,"status":[5,5,5,5,5,5,5,5,5,5,5,5,5,5,5,5,5,5,5,5,5,5,5,5,5,5,5,5,5,5,5,5,5,5,5,5,5,5,5,5,5,5,5,5,5,5,5,5,5,5,5,5,5,5,5,5,5,5,5,5,5,5,5,5],"t_ns":51221742713000}}
51234143246625	rest	depth	{"jsonrpc":"2.0","method":"tof.frame","params":{"at_us":47786962,"cols":8,"distance_mm":[220,222,213,215,207,214,211,221,219,221,208,217,213,216,218,222,219,219,215,211,215,209,211,218,228,219,212,213,207,219,215,224,232,224,219,216,216,221,220,230,243,235,224,226,232,237,234,240,256,247,244,239,236,243,242,250,264,254,247,252,247,257,267,269],"rows":8,"seq":644,"status":[5,5,5,5,5,5,5,5,5,5,5,5,5,5,5,5,5,5,5,5,5,5,5,5,5,5,5,5,5,5,5,5,5,5,5,5,5,5,5,5,5,5,5,5,5,5,5,5,5,5,5,5,5,5,5,5,5,5,5,5,5,5,5,5],"t_ns":51221816738000}}
51234218837958	rest	depth	{"jsonrpc":"2.0","method":"tof.frame","params":{"at_us":47864331,"cols":8,"distance_mm":[222,215,211,207,211,208,213,215,227,214,212,211,204,207,211,219,228,219,219,210,211,213,220,216,234,226,213,216,218,215,216,227,241,224,218,224,218,211,224,226,234,237,231,229,232,224,228,231,250,249,240,243,242,235,245,247,274,262,256,245,252,257,259,270],"rows":8,"seq":645,"status":[5,5,5,5,5,5,5,5,5,5,5,5,5,5,5,5,5,5,5,5,5,5,5,5,5,5,5,5,5,5,5,5,5,5,5,5,5,5,5,5,5,5,5,5,5,5,5,5,5,5,5,5,5,5,5,5,5,5,5,5,5,5,5,5],"t_ns":51221894107000}}
51234290648125	rest	depth	{"jsonrpc":"2.0","method":"tof.frame","params":{"at_us":47936449,"cols":8,"distance_mm":[226,215,213,215,208,214,217,225,219,219,214,197,212,203,214,218,228,221,211,216,211,210,217,219,228,213,218,216,215,208,215,221,230,227,224,218,218,220,219,235,246,230,236,228,224,229,230,234,255,249,247,238,230,230,241,245,269,267,248,256,249,251,257,271],"rows":8,"seq":646,"status":[5,5,5,5,5,5,5,5,5,5,5,5,5,5,5,5,5,5,5,5,5,5,5,5,5,5,5,5,5,5,5,5,5,5,5,5,5,5,5,5,5,5,5,5,5,5,5,5,5,5,5,5,5,5,5,5,5,5,5,5,5,5,5,5],"t_ns":51221966225000}}
51234367059083	rest	depth	{"jsonrpc":"2.0","method":"tof.frame","params":{"at_us":48010569,"cols":8,"distance_mm":[222,211,214,204,205,211,213,217,216,215,216,215,215,208,211,222,222,219,203,209,213,205,212,221,236,226,220,211,214,214,211,219,239,229,214,220,216,213,233,229,233,228,239,222,229,226,223,242,249,248,240,234,242,237,247,249,273,261,252,255,251,251,262,263],"rows":8,"seq":647,"status":[5,5,5,5,5,5,5,5,5,5,5,5,5,5,5,5,5,5,5,5,5,5,5,5,5,5,5,5,5,5,5,5,5,5,5,5,5,5,5,5,5,5,5,5,5,5,5,5,5,5,5,5,5,5,5,5,5,5,5,5,5,5,5,5],"t_ns":51222040346000}}
51234438365166	rest	depth	{"jsonrpc":"2.0","method":"tof.frame","params":{"at_us":48081968,"cols":8,"distance_mm":[220,223,213,208,211,209,221,226,221,210,220,211,210,214,208,217,225,220,215,208,209,217,220,219,225,224,218,207,207,219,223,224,236,223,226,218,211,214,214,238,241,230,228,220,214,226,230,241,243,247,241,243,233,238,239,256,262,261,259,248,248,245,254,269],"rows":8,"seq":648,"status":[5,5,5,5,5,5,5,5,5,5,5,5,5,5,5,5,5,5,5,5,5,5,5,5,5,5,5,5,5,5,5,5,5,5,5,5,5,5,5,5,5,5,5,5,5,5,5,5,5,5,5,5,5,5,5,5,5,5,5,5,5,5,5,5],"t_ns":51222111745000}}
51234511616958	rest	depth	{"jsonrpc":"2.0","method":"tof.frame","params":{"at_us":48156364,"cols":8,"distance_mm":[223,216,217,212,202,206,215,219,220,220,215,208,213,208,216,226,224,211,210,209,215,206,221,220,226,214,212,211,215,217,223,217,239,223,229,217,221,223,232,238,239,236,229,234,227,223,236,241,256,241,240,239,235,244,250,251,276,254,252,253,250,247,259,259],"rows":8,"seq":649,"status":[5,5,5,5,5,5,5,5,5,5,5,5,5,5,5,5,5,5,5,5,5,5,5,5,5,5,5,5,5,5,5,5,5,5,5,5,5,5,5,5,5,5,5,5,5,5,5,5,5,5,5,5,5,5,5,5,5,5,5,5,5,5,5,5],"t_ns":51222186141000}}
51234583636500	rest	depth	{"jsonrpc":"2.0","method":"tof.frame","params":{"at_us":48228394,"cols":8,"distance_mm":[218,217,205,205,214,210,216,226,222,217,214,212,211,208,212,217,220,211,213,205,208,217,209,226,224,225,214,216,210,208,213,226,232,224,215,216,224,221,223,229,244,233,226,231,226,232,225,243,246,249,241,245,235,241,241,250,265,264,257,256,251,256,256,270],"rows":8,"seq":650,"status":[5,5,5,5,5,5,5,5,5,5,5,5,5,5,5,5,5,5,5,5,5,5,5,5,5,5,5,5,5,5,5,5,5,5,5,5,5,5,5,5,5,5,5,5,5,5,5,5,5,5,5,5,5,5,5,5,5,5,5,5,5,5,5,5],"t_ns":51222258171000}}
51234662908625	rest	depth	{"jsonrpc":"2.0","method":"tof.frame","params":{"at_us":48305740,"cols":8,"distance_mm":[217,219,214,214,212,212,213,231,216,221,208,211,207,213,216,216,221,223,210,206,208,213,212,213,228,222,221,211,212,211,221,218,233,230,225,215,217,208,230,233,238,241,228,231,224,234,231,235,252,248,238,238,242,233,245,253,271,258,250,256,245,250,257,260],"rows":8,"seq":651,"status":[5,5,5,5,5,5,5,5,5,5,5,5,5,5,5,5,5,5,5,5,5,5,5,5,5,5,5,5,5,5,5,5,5,5,5,5,5,5,5,5,5,5,5,5,5,5,5,5,5,5,5,5,5,5,5,5,5,5,5,5,5,5,5,5],"t_ns":51222335517000}}
51234739998291	rest	depth	{"jsonrpc":"2.0","method":"tof.frame","params":{"at_us":48383853,"cols":8,"distance_mm":[221,216,209,210,207,206,208,221,223,208,209,210,211,210,218,212,218,210,207,219,213,214,218,226,220,217,218,211,206,214,210,220,237,225,220,219,218,229,226,229,242,234,226,233,223,224,234,236,251,238,236,238,236,236,246,253,270,262,257,250,253,253,248,274],"rows":8,"seq":652,"status":[5,5,5,5,5,5,5,5,5,5,5,5,5,5,5,5,5,5,5,5,5,5,5,5,5,5,5,5,5,5,5,5,5,5,5,5,5,5,5,5,5,5,5,5,5,5,5,5,5,5,5,5,5,5,5,5,5,5,5,5,5,5,5,5],"t_ns":51222413631000}}
51234810358250	rest	depth	{"jsonrpc":"2.0","method":"tof.frame","params":{"at_us":48454575,"cols":8,"distance_mm":[220,210,212,211,210,209,211,224,231,210,213,209,204,203,211,223,227,227,211,209,207,209,212,226,229,218,214,213,208,215,220,229,235,222,228,221,215,219,228,235,246,237,237,228,225,223,228,238,251,251,238,233,237,243,240,252,266,263,264,250,249,254,250,256],"rows":8,"seq":653,"status":[5,5,5,5,5,5,5,5,5,5,5,5,5,5,5,5,5,5,5,5,5,5,5,5,5,5,5,5,5,5,5,5,5,5,5,5,5,5,5,5,5,5,5,5,5,5,5,5,5,5,5,5,5,5,5,5,5,5,5,5,5,5,5,5],"t_ns":51222484354000}}
51234882963166	rest	depth	{"jsonrpc":"2.0","method":"tof.frame","params":{"at_us":48528595,"cols":8,"distance_mm":[220,214,210,212,205,214,213,228,220,216,212,207,212,208,215,214,225,222,204,212,210,208,210,227,230,226,210,220,220,208,214,223,224,230,221,216,221,213,219,233,234,237,224,230,221,221,229,241,253,247,239,243,229,236,247,253,270,258,257,239,252,250,258,268],"rows":8,"seq":654,"status":[5,5,5,5,5,5,5,5,5,5,5,5,5,5,5,5,5,5,5,5,5,5,5,5,5,5,5,5,5,5,5,5,5,5,5,5,5,5,5,5,5,5,5,5,5,5,5,5,5,5,5,5,5,5,5,5,5,5,5,5,5,5,5,5],"t_ns":51222558373000}}
51234963217791	rest	depth	{"jsonrpc":"2.0","method":"tof.frame","params":{"at_us":48606060,"cols":8,"distance_mm":[219,225,210,206,212,204,213,217,224,219,211,211,215,213,212,218,231,223,213,208,207,213,214,221,223,216,210,210,216,211,222,226,237,219,215,223,222,217,220,223,247,233,220,219,222,235,231,233,251,245,242,237,240,240,237,259,270,262,251,250,247,257,257,274],"rows":8,"seq":655,"status":[5,5,5,5,5,5,5,5,5,5,5,5,5,5,5,5,5,5,5,5,5,5,5,5,5,5,5,5,5,5,5,5,5,5,5,5,5,5,5,5,5,5,5,5,5,5,5,5,5,5,5,5,5,5,5,5,5,5,5,5,5,5,5,5],"t_ns":51222635839000}}
51235032098833	rest	depth	{"jsonrpc":"2.0","method":"tof.frame","params":{"at_us":48675618,"cols":8,"distance_mm":[217,212,211,211,211,215,219,223,222,213,211,209,211,216,216,220,222,215,213,211,208,212,214,224,231,213,215,214,208,213,219,228,232,227,222,216,211,222,231,232,244,239,219,233,223,233,237,239,253,244,244,237,233,236,239,257,270,259,255,254,251,261,251,269],"rows":8,"seq":656,"status":[5,5,5,5,5,5,5,5,5,5,5,5,5,5,5,5,5,5,5,5,5,5,5,5,5,5,5,5,5,5,5,5,5,5,5,5,5,5,5,5,5,5,5,5,5,5,5,5,5,5,5,5,5,5,5,5,5,5,5,5,5,5,5,5],"t_ns":51222705397000}}
51235100097541	rest	depth	{"jsonrpc":"2.0","method":"tof.frame","params":{"at_us":48745246,"cols":8,"distance_mm":[218,224,212,211,210,215,220,224,228,218,212,210,212,204,222,222,223,211,212,209,211,211,215,223,224,220,211,208,218,213,216,218,237,222,221,223,216,220,224,234,240,237,234,232,220,227,239,236,253,250,240,235,241,240,244,250,270,261,251,250,261,253,256,265],"rows":8,"seq":657,"status":[5,5,5,5,5,5,5,5,5,5,5,5,5,5,5,5,5,5,5,5,5,5,5,5,5,5,5,5,5,5,5,5,5,5,5,5,5,5,5,5,5,5,5,5,5,5,5,5,5,5,5,5,5,5,5,5,5,5,5,5,5,5,5,5],"t_ns":51222775025000}}
51235180663958	rest	depth	{"jsonrpc":"2.0","method":"tof.frame","params":{"at_us":48819884,"cols":8,"distance_mm":[221,216,216,214,213,209,210,225,226,220,212,202,206,204,211,211,227,212,213,211,206,214,226,213,223,225,219,211,205,215,222,223,234,222,222,216,221,222,219,237,236,237,227,220,226,224,227,228,246,245,236,240,237,235,241,247,269,258,257,250,257,255,261,266],"rows":8,"seq":658,"status":[5,5,5,5,5,5,5,5,5,5,5,5,5,5,5,5,5,5,5,5,5,5,5,5,5,5,5,5,5,5,5,5,5,5,5,5,5,5,5,5,5,5,5,5,5,5,5,5,5,5,5,5,5,5,5,5,5,5,5,5,5,5,5,5],"t_ns":51222849664000}}
51235250633000	rest	depth	{"jsonrpc":"2.0","method":"tof.frame","params":{"at_us":48893978,"cols":8,"distance_mm":[222,220,215,207,206,211,211,218,225,211,217,203,210,211,217,216,224,218,210,206,215,206,220,221,226,218,220,213,212,217,219,224,224,221,217,223,215,223,234,234,250,242,229,218,220,231,234,235,259,244,244,231,235,237,243,247,266,253,255,248,247,259,257,264],"rows":8,"seq":659,"status":[5,5,5,5,5,5,5,5,5,5,5,5,5,5,5,5,5,5,5,5,5,5,5,5,5,5,5,5,5,5,5,5,5,5,5,5,5,5,5,5,5,5,5,5,5,5,5,5,5,5,5,5,5,5,5,5,5,5,5,5,5,5,5,5],"t_ns":51222923758000}}
51235327535083	rest	depth	{"jsonrpc":"2.0","method":"tof.frame","params":{"at_us":48972633,"cols":8,"distance_mm":[218,223,213,218,212,208,219,224,223,214,212,212,210,212,214,220,230,215,211,211,215,208,212,215,228,228,223,218,205,220,214,225,237,228,217,222,224,222,227,221,245,226,227,217,228,227,236,236,251,248,240,230,237,233,246,249,266,250,254,256,254,256,259,267],"rows":8,"seq":660,"status":[5,5,5,5,5,5,5,5,5,5,5,5,5,5,5,5,5,5,5,5,5,5,5,5,5,5,5,5,5,5,5,5,5,5,5,5,5,5,5,5,5,5,5,5,5,5,5,5,5,5,5,5,5,5,5,5,5,5,5,5,5,5,5,5],"t_ns":51223002413000}}
51235409993333	rest	depth	{"jsonrpc":"2.0","method":"tof.frame","params":{"at_us":49049439,"cols":8,"distance_mm":[220,213,213,214,208,206,210,213,223,216,211,212,213,207,218,218,223,210,208,216,216,199,211,225,230,219,211,207,215,218,220,230,233,226,214,216,213,213,222,234,245,232,233,216,230,228,233,239,258,250,236,232,233,243,244,248,268,258,257,255,244,252,265,264],"rows":8,"seq":661,"status":[5,5,5,5,5,5,5,5,5,5,5,5,5,5,5,5,5,5,5,5,5,5,5,5,5,5,5,5,5,5,5,5,5,5,5,5,5,5,5,5,5,5,5,5,5,5,5,5,5,5,5,5,5,5,5,5,5,5,5,5,5,5,5,5],"t_ns":51223079219000}}
51235490669083	rest	depth	{"jsonrpc":"2.0","method":"tof.frame","params":{"at_us":49133206,"cols":8,"distance_mm":[225,221,209,204,203,211,217,219,218,222,211,208,203,214,216,220,225,214,214,214,206,207,216,220,218,218,219,214,221,215,210,231,230,225,218,222,220,222,227,230,240,227,227,229,229,228,231,239,253,251,239,232,226,234,243,244,271,261,251,241,251,257,260,262],"rows":8,"seq":662,"status":[5,5,5,5,5,5,5,5,5,5,5,5,5,5,5,5,5,5,5,5,5,5,5,5,5,5,5,5,5,5,5,5,5,5,5,5,5,5,5,5,5,5,5,5,5,5,5,5,5,5,5,5,5,5,5,5,5,5,5,5,5,5,5,5],"t_ns":51223162987000}}
51235570799916	rest	depth	{"jsonrpc":"2.0","method":"tof.frame","params":{"at_us":49210530,"cols":8,"distance_mm":[223,213,221,212,208,203,214,218,222,212,210,209,214,215,219,229,218,219,213,204,211,208,216,217,225,219,214,203,218,219,225,225,231,226,217,219,227,223,221,233,235,241,231,224,224,226,229,237,259,242,244,237,236,232,244,253,262,265,260,247,247,250,263,270],"rows":8,"seq":663,"status":[5,5,5,5,5,5,5,5,5,5,5,5,5,5,5,5,5,5,5,5,5,5,5,5,5,5,5,5,5,5,5,5,5,5,5,5,5,5,5,5,5,5,5,5,5,5,5,5,5,5,5,5,5,5,5,5,5,5,5,5,5,5,5,5],"t_ns":51223240311000}}
51235643763791	rest	depth	{"jsonrpc":"2.0","method":"tof.frame","params":{"at_us":49288673,"cols":8,"distance_mm":[229,216,208,213,204,206,210,223,225,216,209,204,208,200,218,219,227,214,211,205,215,209,218,221,229,225,209,212,217,209,220,228,234,226,231,215,214,225,228,226,242,235,233,224,226,233,235,239,256,246,237,243,237,241,236,248,258,265,251,252,245,253,255,267],"rows":8,"seq":664,"status":[5,5,5,5,5,5,5,5,5,5,5,5,5,5,5,5,5,5,5,5,5,5,5,5,5,5,5,5,5,5,5,5,5,5,5,5,5,5,5,5,5,5,5,5,5,5,5,5,5,5,5,5,5,5,5,5,5,5,5,5,5,5,5,5],"t_ns":51223318455000}}
51235720778333	rest	depth	{"jsonrpc":"2.0","method":"tof.frame","params":{"at_us":49364696,"cols":8,"distance_mm":[232,216,209,215,207,206,212,219,227,223,210,206,209,218,217,226,226,224,214,211,204,215,217,225,228,224,217,211,216,218,218,224,234,224,221,219,217,223,217,224,239,232,224,225,224,241,229,233,260,235,230,230,237,240,245,251,262,258,254,254,245,254,253,268],"rows":8,"seq":665,"status":[5,5,5,5,5,5,5,5,5,5,5,5,5,5,5,5,5,5,5,5,5,5,5,5,5,5,5,5,5,5,5,5,5,5,5,5,5,5,5,5,5,5,5,5,5,5,5,5,5,5,5,5,5,5,5,5,5,5,5,5,5,5,5,5],"t_ns":51223394478000}}
51235798545375	rest	depth	{"jsonrpc":"2.0","method":"tof.frame","params":{"at_us":49442925,"cols":8,"distance_mm":[222,218,212,209,207,212,218,223,218,209,205,209,213,205,213,226,224,210,211,209,212,215,220,219,229,221,219,218,210,216,214,224,226,226,219,217,212,220,215,231,244,236,231,232,226,226,238,240,247,250,235,243,237,240,241,248,269,257,250,248,253,249,254,274],"rows":8,"seq":666,"status":[5,5,5,5,5,5,5,5,5,5,5,5,5,5,5,5,5,5,5,5,5,5,5,5,5,5,5,5,5,5,5,5,5,5,5,5,5,5,5,5,5,5,5,5,5,5,5,5,5,5,5,5,5,5,5,5,5,5,5,5,5,5,5,5],"t_ns":51223472708000}}
51235879405833	rest	depth	{"jsonrpc":"2.0","method":"tof.frame","params":{"at_us":49523934,"cols":8,"distance_mm":[228,219,210,213,214,211,214,226,229,221,209,204,205,200,223,221,221,220,221,210,206,211,216,226,221,210,224,215,209,217,222,224,233,231,228,217,215,220,225,230,245,235,223,228,225,236,232,234,257,250,244,238,241,233,243,251,270,255,253,254,245,248,266,264],"rows":8,"seq":667,"status":[5,5,5,5,5,5,5,5,5,5,5,5,5,5,5,5,5,5,5,5,5,5,5,5,5,5,5,5,5,5,5,5,5,5,5,5,5,5,5,5,5,5,5,5,5,5,5,5,5,5,5,5,5,5,5,5,5,5,5,5,5,5,5,5],"t_ns":51223553717000}}
51235950819500	rest	depth	{"jsonrpc":"2.0","method":"tof.frame","params":{"at_us":49594031,"cols":8,"distance_mm":[217,218,218,211,202,202,216,218,228,215,214,214,209,205,215,214,227,215,216,210,211,213,209,221,228,229,218,214,221,214,213,227,235,228,218,218,215,220,222,233,241,238,230,220,218,227,240,241,257,250,238,236,239,235,245,247,277,261,256,254,256,248,264,262],"rows":8,"seq":668,"status":[5,5,5,5,5,5,5,5,5,5,5,5,5,5,5,5,5,5,5,5,5,5,5,5,5,5,5,5,5,5,5,5,5,5,5,5,5,5,5,5,5,5,5,5,5,5,5,5,5,5,5,5,5,5,5,5,5,5,5,5,5,5,5,5],"t_ns":51223623814000}}
51236024996125	rest	depth	{"jsonrpc":"2.0","method":"tof.frame","params":{"at_us":49667805,"cols":8,"distance_mm":[222,212,201,209,209,212,211,222,226,219,216,210,205,209,208,220,223,217,217,211,204,209,214,220,227,212,213,214,216,208,220,228,233,231,223,221,221,216,228,236,247,236,229,230,222,224,229,243,255,239,232,237,236,243,248,256,263,254,258,247,251,250,259,269],"rows":8,"seq":669,"status":[5,5,5,5,5,5,5,5,5,5,5,5,5,5,5,5,5,5,5,5,5,5,5,5,5,5,5,5,5,5,5,5,5,5,5,5,5,5,5,5,5,5,5,5,5,5,5,5,5,5,5,5,5,5,5,5,5,5,5,5,5,5,5,5],"t_ns":51223697589000}}
51236100340833	rest	depth	{"jsonrpc":"2.0","method":"tof.frame","params":{"at_us":49746098,"cols":8,"distance_mm":[229,221,217,217,208,217,211,217,217,216,214,210,202,208,216,225,220,222,220,204,210,214,217,213,232,225,211,213,217,218,222,228,231,228,223,216,214,220,224,226,243,232,229,229,233,225,235,241,260,245,245,230,231,238,244,250,262,268,256,246,257,255,257,263],"rows":8,"seq":670,"status":[5,5,5,5,5,5,5,5,5,5,5,5,5,5,5,5,5,5,5,5,5,5,5,5,5,5,5,5,5,5,5,5,5,5,5,5,5,5,5,5,5,5,5,5,5,5,5,5,5,5,5,5,5,5,5,5,5,5,5,5,5,5,5,5],"t_ns":51223775882000}}
51236177845750	rest	depth	{"jsonrpc":"2.0","method":"tof.frame","params":{"at_us":49822717,"cols":8,"distance_mm":[228,218,218,208,213,209,220,223,219,217,211,207,205,206,216,221,226,221,205,210,210,206,210,226,226,228,222,209,214,219,224,231,231,221,217,215,222,223,226,230,245,240,223,227,232,232,228,239,263,246,238,239,235,239,247,249,272,259,259,247,241,257,255,264],"rows":8,"seq":671,"status":[5,5,5,5,5,5,5,5,5,5,5,5,5,5,5,5,5,5,5,5,5,5,5,5,5,5,5,5,5,5,5,5,5,5,5,5,5,5,5,5,5,5,5,5,5,5,5,5,5,5,5,5,5,5,5,5,5,5,5,5,5,5,5,5],"t_ns":51223852501000}}
51236255558708	rest	depth	{"jsonrpc":"2.0","method":"tof.frame","params":{"at_us":49898936,"cols":8,"distance_mm":[231,218,216,205,217,215,217,220,224,214,214,217,210,209,219,220,218,217,213,204,214,211,224,219,229,223,222,214,210,223,223,227,234,221,217,224,217,223,223,230,239,237,239,221,229,233,223,244,254,245,242,240,236,242,245,254,266,257,262,254,248,247,255,265],"rows":8,"seq":672,"status":[5,5,5,5,5,5,5,5,5,5,5,5,5,5,5,5,5,5,5,5,5,5,5,5,5,5,5,5,5,5,5,5,5,5,5,5,5,5,5,5,5,5,5,5,5,5,5,5,5,5,5,5,5,5,5,5,5,5,5,5,5,5,5,5],"t_ns":51223928720000}}
51236331193958	rest	depth	{"jsonrpc":"2.0","method":"tof.frame","params":{"at_us":49976458,"cols":8,"distance_mm":[225,223,219,212,203,207,213,221,219,212,219,209,212,216,214,219,226,213,216,210,213,218,220,223,230,227,219,218,215,215,218,222,233,227,221,222,218,218,226,222,239,236,230,231,220,226,228,236,250,249,240,239,232,240,236,248,265,250,256,255,254,247,258,268],"rows":8,"seq":673,"status":[5,5,5,5,5,5,5,5,5,5,5,5,5,5,5,5,5,5,5,5,5,5,5,5,5,5,5,5,5,5,5,5,5,5,5,5,5,5,5,5,5,5,5,5,5,5,5,5,5,5,5,5,5,5,5,5,5,5,5,5,5,5,5,5],"t_ns":51224006242000}}
51236403602625	rest	depth	{"jsonrpc":"2.0","method":"tof.frame","params":{"at_us":50048541,"cols":8,"distance_mm":[219,215,220,207,214,212,218,226,219,216,214,213,206,213,217,217,221,212,216,214,214,213,217,218,227,217,214,204,212,208,222,217,232,231,221,213,220,226,228,233,243,235,224,229,218,228,230,238,257,239,237,241,230,244,241,250,273,261,262,248,246,255,263,256],"rows":8,"seq":674,"status":[5,5,5,5,5,5,5,5,5,5,5,5,5,5,5,5,5,5,5,5,5,5,5,5,5,5,5,5,5,5,5,5,5,5,5,5,5,5,5,5,5,5,5,5,5,5,5,5,5,5,5,5,5,5,5,5,5,5,5,5,5,5,5,5],"t_ns":51224078326000}}
51236471786625	rest	depth	{"jsonrpc":"2.0","method":"tof.frame","params":{"at_us":50117467,"cols":8,"distance_mm":[234,218,219,213,214,216,223,223,220,219,214,206,208,212,217,226,224,222,218,215,209,207,207,228,228,219,214,209,202,221,218,222,233,223,223,220,220,218,225,226,245,231,227,233,225,231,229,236,253,248,240,243,239,236,241,249,271,267,254,252,250,256,259,263],"rows":8,"seq":675,"status":[5,5,5,5,5,5,5,5,5,5,5,5,5,5,5,5,5,5,5,5,5,5,5,5,5,5,5,5,5,5,5,5,5,5,5,5,5,5,5,5,5,5,5,5,5,5,5,5,5,5,5,5,5,5,5,5,5,5,5,5,5,5,5,5],"t_ns":51224147253000}}
51236542707916	rest	depth	{"jsonrpc":"2.0","method":"tof.frame","params":{"at_us":50187474,"cols":8,"distance_mm":[221,220,216,209,210,214,213,219,221,209,211,204,207,211,213,212,220,212,215,209,195,211,218,228,228,223,219,211,212,210,217,222,232,230,223,217,215,214,224,226,243,234,234,224,222,232,224,234,254,242,243,234,245,236,242,246,271,259,251,252,244,256,256,258],"rows":8,"seq":676,"status":[5,5,5,5,5,5,5,5,5,5,5,5,5,5,5,5,5,5,5,5,5,5,5,5,5,5,5,5,5,5,5,5,5,5,5,5,5,5,5,5,5,5,5,5,5,5,5,5,5,5,5,5,5,5,5,5,5,5,5,5,5,5,5,5],"t_ns":51224217259000}}
51236612698708	rest	depth	{"jsonrpc":"2.0","method":"tof.frame","params":{"at_us":50255620,"cols":8,"distance_mm":[227,213,213,210,214,211,214,211,222,220,215,211,211,212,217,222,219,213,208,214,208,204,214,224,231,228,211,217,215,214,214,228,231,225,223,221,217,210,222,223,236,228,224,226,227,227,231,229,259,239,236,226,245,231,241,243,274,265,257,246,251,247,259,267],"rows":8,"seq":677,"status":[5,5,5,5,5,5,5,5,5,5,5,5,5,5,5,5,5,5,5,5,5,5,5,5,5,5,5,5,5,5,5,5,5,5,5,5,5,5,5,5,5,5,5,5,5,5,5,5,5,5,5,5,5,5,5,5,5,5,5,5,5,5,5,5],"t_ns":51224285406000}}
51236688383541	rest	depth	{"jsonrpc":"2.0","method":"tof.frame","params":{"at_us":50332906,"cols":8,"distance_mm":[226,213,213,208,208,213,220,218,223,218,207,207,204,211,224,221,223,215,220,213,212,220,214,224,228,216,222,213,223,222,215,221,233,228,225,218,220,222,214,229,248,235,220,225,225,227,225,241,255,247,244,240,233,236,241,248,269,253,253,255,249,251,262,267],"rows":8,"seq":678,"status":[5,5,5,5,5,5,5,5,5,5,5,5,5,5,5,5,5,5,5,5,5,5,5,5,5,5,5,5,5,5,5,5,5,5,5,5,5,5,5,5,5,5,5,5,5,5,5,5,5,5,5,5,5,5,5,5,5,5,5,5,5,5,5,5],"t_ns":51224362692000}}
51236766101375	rest	depth	{"jsonrpc":"2.0","method":"tof.frame","params":{"at_us":50410577,"cols":8,"distance_mm":[220,222,217,212,215,208,218,221,226,220,212,203,209,213,225,218,219,221,214,211,211,210,220,220,228,224,218,212,212,216,211,226,236,221,227,212,205,221,220,231,240,236,234,239,225,229,236,236,257,245,246,225,234,240,243,250,275,266,248,247,248,250,259,258],"rows":8,"seq":679,"status":[5,5,5,5,5,5,5,5,5,5,5,5,5,5,5,5,5,5,5,5,5,5,5,5,5,5,5,5,5,5,5,5,5,5,5,5,5,5,5,5,5,5,5,5,5,5,5,5,5,5,5,5,5,5,5,5,5,5,5,5,5,5,5,5],"t_ns":51224440364000}}
51236842841500	rest	depth	{"jsonrpc":"2.0","method":"tof.frame","params":{"at_us":50486610,"cols":8,"distance_mm":[226,218,210,211,203,207,216,220,221,218,208,207,201,215,209,224,220,215,209,208,211,208,220,216,226,210,215,211,218,224,214,225,232,226,218,214,221,224,220,231,234,236,233,237,227,226,229,240,254,250,238,241,238,240,237,250,268,256,261,242,242,251,260,267],"rows":8,"seq":680,"status":[5,5,5,5,5,5,5,5,5,5,5,5,5,5,5,5,5,5,5,5,5,5,5,5,5,5,5,5,5,5,5,5,5,5,5,5,5,5,5,5,5,5,5,5,5,5,5,5,5,5,5,5,5,5,5,5,5,5,5,5,5,5,5,5],"t_ns":51224516397000}}
51236918292833	rest	depth	{"jsonrpc":"2.0","method":"tof.frame","params":{"at_us":50561974,"cols":8,"distance_mm":[219,214,218,211,210,206,214,217,221,213,210,208,208,218,216,220,228,216,211,205,207,206,211,220,224,230,217,202,206,213,219,231,227,223,222,220,215,220,216,232,237,234,232,226,228,227,232,240,252,242,243,240,238,237,240,252,272,252,250,248,253,245,257,261],"rows":8,"seq":681,"status":[5,5,5,5,5,5,5,5,5,5,5,5,5,5,5,5,5,5,5,5,5,5,5,5,5,5,5,5,5,5,5,5,5,5,5,5,5,5,5,5,5,5,5,5,5,5,5,5,5,5,5,5,5,5,5,5,5,5,5,5,5,5,5,5],"t_ns":51224591761000}}
51236990245291	rest	depth	{"jsonrpc":"2.0","method":"tof.frame","params":{"at_us":50634767,"cols":8,"distance_mm":[217,219,217,214,213,216,215,217,228,219,214,204,213,209,216,222,221,216,212,207,215,212,214,220,230,211,217,214,207,212,215,224,236,237,221,217,220,223,224,224,241,240,227,227,222,230,229,235,261,241,241,239,233,240,242,241,271,261,254,241,253,242,249,260],"rows":8,"seq":682,"status":[5,5,5,5,5,5,5,5,5,5,5,5,5,5,5,5,5,5,5,5,5,5,5,5,5,5,5,5,5,5,5,5,5,5,5,5,5,5,5,5,5,5,5,5,5,5,5,5,5,5,5,5,5,5,5,5,5,5,5,5,5,5,5,5],"t_ns":51224664554000}}
51237068087000	rest	depth	{"jsonrpc":"2.0","method":"tof.frame","params":{"at_us":50711995,"cols":8,"distance_mm":[230,215,222,209,212,205,218,218,233,211,211,208,201,216,211,222,228,212,215,203,212,219,214,219,228,224,210,210,223,210,214,228,234,226,216,217,221,224,220,239,238,231,230,227,233,228,230,241,248,248,247,236,223,236,244,253,272,255,260,242,254,250,262,267],"rows":8,"seq":683,"status":[5,5,5,5,5,5,5,5,5,5,5,5,5,5,5,5,5,5,5,5,5,5,5,5,5,5,5,5,5,5,5,5,5,5,5,5,5,5,5,5,5,5,5,5,5,5,5,5,5,5,5,5,5,5,5,5,5,5,5,5,5,5,5,5],"t_ns":51224741782000}}
51237145704750	rest	depth	{"jsonrpc":"2.0","method":"tof.frame","params":{"at_us":50789234,"cols":8,"distance_mm":[221,220,210,206,206,209,215,216,227,215,207,202,202,209,209,219,226,219,217,214,211,211,212,216,236,219,216,213,209,203,218,225,236,227,222,220,217,219,224,228,246,235,230,234,229,222,236,240,251,242,240,230,230,236,239,250,265,259,252,246,256,254,253,270],"rows":8,"seq":684,"status":[5,5,5,5,5,5,5,5,5,5,5,5,5,5,5,5,5,5,5,5,5,5,5,5,5,5,5,5,5,5,5,5,5,5,5,5,5,5,5,5,5,5,5,5,5,5,5,5,5,5,5,5,5,5,5,5,5,5,5,5,5,5,5,5],"t_ns":51224819022000}}
51237215398250	rest	depth	{"jsonrpc":"2.0","method":"tof.frame","params":{"at_us":50858958,"cols":8,"distance_mm":[222,215,216,217,214,212,218,218,222,218,214,207,210,211,214,223,230,211,213,206,211,213,224,222,237,226,220,213,205,214,219,225,230,230,220,223,228,221,224,233,245,235,229,227,230,224,228,245,253,243,235,228,237,240,241,247,264,264,250,258,250,249,261,266],"rows":8,"seq":685,"status":[5,5,5,5,5,5,5,5,5,5,5,5,5,5,5,5,5,5,5,5,5,5,5,5,5,5,5,5,5,5,5,5,5,5,5,5,5,5,5,5,5,5,5,5,5,5,5,5,5,5,5,5,5,5,5,5,5,5,5,5,5,5,5,5],"t_ns":51224888746000}}
51237290959166	rest	depth	{"jsonrpc":"2.0","method":"tof.frame","params":{"at_us":50934487,"cols":8,"distance_mm":[217,214,213,208,216,209,212,215,219,223,210,215,209,206,217,223,230,218,217,212,214,208,212,217,236,227,216,213,213,217,223,220,228,224,223,215,215,219,213,228,247,237,228,226,231,229,231,235,249,245,236,243,243,239,245,256,268,262,256,247,257,252,267,269],"rows":8,"seq":686,"status":[5,5,5,5,5,5,5,5,5,5,5,5,5,5,5,5,5,5,5,5,5,5,5,5,5,5,5,5,5,5,5,5,5,5,5,5,5,5,5,5,5,5,5,5,5,5,5,5,5,5,5,5,5,5,5,5,5,5,5,5,5,5,5,5],"t_ns":51224964276000}}
51237366328875	rest	depth	{"jsonrpc":"2.0","method":"tof.frame","params":{"at_us":51011787,"cols":8,"distance_mm":[227,210,218,205,218,213,216,221,215,218,212,209,208,215,217,226,224,217,211,209,209,209,220,209,226,224,215,213,209,221,226,221,230,225,224,212,220,221,216,230,242,229,225,226,228,234,232,233,254,244,245,232,233,240,245,246,265,260,251,249,253,251,258,262],"rows":8,"seq":687,"status":[5,5,5,5,5,5,5,5,5,5,5,5,5,5,5,5,5,5,5,5,5,5,5,5,5,5,5,5,5,5,5,5,5,5,5,5,5,5,5,5,5,5,5,5,5,5,5,5,5,5,5,5,5,5,5,5,5,5,5,5,5,5,5,5],"t_ns":51225041576000}}
51237444782708	rest	depth	{"jsonrpc":"2.0","method":"tof.frame","params":{"at_us":51089140,"cols":8,"distance_mm":[225,211,209,207,213,205,215,225,224,215,212,213,205,220,220,227,214,215,215,214,203,224,210,227,232,224,212,217,213,209,218,228,235,229,230,218,219,213,223,234,247,231,232,228,231,233,235,236,255,246,240,230,237,235,242,248,275,258,252,244,253,259,262,270],"rows":8,"seq":688,"status":[5,5,5,5,5,5,5,5,5,5,5,5,5,5,5,5,5,5,5,5,5,5,5,5,5,5,5,5,5,5,5,5,5,5,5,5,5,5,5,5,5,5,5,5,5,5,5,5,5,5,5,5,5,5,5,5,5,5,5,5,5,5,5,5],"t_ns":51225118930000}}
51237513910541	rest	depth	{"jsonrpc":"2.0","method":"tof.frame","params":{"at_us":51157336,"cols":8,"distance_mm":[228,220,216,216,202,203,213,222,222,213,207,208,206,211,212,215,223,219,222,211,215,210,214,219,228,218,209,215,212,216,217,221,229,229,222,216,216,221,220,229,239,240,224,234,225,225,233,244,255,245,239,238,232,244,245,252,265,254,252,258,244,250,261,267],"rows":8,"seq":689,"status":[5,5,5,5,5,5,5,5,5,5,5,5,5,5,5,5,5,5,5,5,5,5,5,5,5,5,5,5,5,5,5,5,5,5,5,5,5,5,5,5,5,5,5,5,5,5,5,5,5,5,5,5,5,5,5,5,5,5,5,5,5,5,5,5],"t_ns":51225187126000}}
51237589545000	rest	depth	{"jsonrpc":"2.0","method":"tof.frame","params":{"at_us":51234599,"cols":8,"distance_mm":[225,218,214,215,215,208,212,222,227,217,211,206,208,207,210,224,223,219,203,214,209,214,219,223,222,218,212,214,213,209,216,227,230,235,219,219,217,224,216,226,242,237,226,229,226,233,232,231,257,238,239,235,233,232,238,251,269,264,254,249,248,255,260,268],"rows":8,"seq":690,"status":[5,5,5,5,5,5,5,5,5,5,5,5,5,5,5,5,5,5,5,5,5,5,5,5,5,5,5,5,5,5,5,5,5,5,5,5,5,5,5,5,5,5,5,5,5,5,5,5,5,5,5,5,5,5,5,5,5,5,5,5,5,5,5,5],"t_ns":51225264389000}}
51237667547333	rest	depth	{"jsonrpc":"2.0","method":"tof.frame","params":{"at_us":51310738,"cols":8,"distance_mm":[225,222,209,211,200,207,222,224,222,217,205,209,206,212,215,215,224,218,213,209,200,218,221,217,227,220,218,207,221,206,219,223,233,228,218,216,215,215,224,225,246,235,226,233,218,231,230,238,259,244,248,235,240,243,244,253,268,253,258,248,249,253,254,266],"rows":8,"seq":691,"status":[5,5,5,5,5,5,5,5,5,5,5,5,5,5,5,5,5,5,5,5,5,5,5,5,5,5,5,5,5,5,5,5,5,5,5,5,5,5,5,5,5,5,5,5,5,5,5,5,5,5,5,5,5,5,5,5,5,5,5,5,5,5,5,5],"t_ns":51225340528000}}
51237742326000	rest	depth	{"jsonrpc":"2.0","method":"tof.frame","params":{"at_us":51387238,"cols":8,"distance_mm":[226,214,211,207,207,216,216,227,218,213,204,211,215,201,216,211,230,222,207,209,215,216,213,223,234,222,221,219,217,215,216,222,234,225,217,217,218,217,215,227,238,229,233,226,229,224,235,236,252,243,237,233,237,240,242,252,268,256,250,253,248,256,261,256],"rows":8,"seq":692,"status":[5,5,5,5,5,5,5,5,5,5,5,5,5,5,5,5,5,5,5,5,5,5,5,5,5,5,5,5,5,5,5,5,5,5,5,5,5,5,5,5,5,5,5,5,5,5,5,5,5,5,5,5,5,5,5,5,5,5,5,5,5,5,5,5],"t_ns":51225417028000}}
51237820179958	rest	depth	{"jsonrpc":"2.0","method":"tof.frame","params":{"at_us":51464609,"cols":8,"distance_mm":[224,214,213,211,207,208,213,221,227,212,208,210,202,219,209,223,226,217,212,209,207,205,225,224,222,223,222,215,217,213,219,230,236,230,228,212,227,224,223,230,239,225,226,220,230,229,229,236,258,245,238,241,231,235,242,255,265,258,254,254,251,248,256,259],"rows":8,"seq":693,"status":[5,5,5,5,5,5,5,5,5,5,5,5,5,5,5,5,5,5,5,5,5,5,5,5,5,5,5,5,5,5,5,5,5,5,5,5,5,5,5,5,5,5,5,5,5,5,5,5,5,5,5,5,5,5,5,5,5,5,5,5,5,5,5,5],"t_ns":51225494399000}}
51237895756458	rest	depth	{"jsonrpc":"2.0","method":"tof.frame","params":{"at_us":51539292,"cols":8,"distance_mm":[224,222,222,208,218,207,213,219,221,219,211,204,215,214,214,220,222,218,216,213,209,215,220,218,231,215,219,213,206,208,220,226,229,223,228,222,218,219,220,225,247,240,231,212,225,229,232,237,256,242,241,238,239,235,247,248,272,253,253,248,248,252,257,266],"rows":8,"seq":694,"status":[5,5,5,5,5,5,5,5,5,5,5,5,5,5,5,5,5,5,5,5,5,5,5,5,5,5,5,5,5,5,5,5,5,5,5,5,5,5,5,5,5,5,5,5,5,5,5,5,5,5,5,5,5,5,5,5,5,5,5,5,5,5,5,5],"t_ns":51225569083000}}
51237966589000	rest	depth	{"jsonrpc":"2.0","method":"tof.frame","params":{"at_us":51610085,"cols":8,"distance_mm":[225,215,218,207,215,205,217,216,224,218,207,210,205,209,211,224,223,224,214,214,210,210,213,225,228,221,212,215,222,214,215,229,244,233,218,218,216,219,223,232,242,234,228,226,226,228,228,240,252,241,240,242,231,248,250,249,269,265,255,252,251,257,260,264],"rows":8,"seq":695,"status":[5,5,5,5,5,5,5,5,5,5,5,5,5,5,5,5,5,5,5,5,5,5,5,5,5,5,5,5,5,5,5,5,5,5,5,5,5,5,5,5,5,5,5,5,5,5,5,5,5,5,5,5,5,5,5,5,5,5,5,5,5,5,5,5],"t_ns":51225639877000}}
51238038143666	rest	depth	{"jsonrpc":"2.0","method":"tof.frame","params":{"at_us":51683595,"cols":8,"distance_mm":[221,219,208,219,210,213,213,220,227,213,222,212,214,209,209,225,223,218,219,211,208,212,216,218,227,222,213,216,211,212,218,216,231,233,212,214,218,215,224,227,240,229,226,229,222,232,233,238,252,247,241,236,234,236,236,251,275,266,253,255,249,259,253,266],"rows":8,"seq":696,"status":[5,5,5,5,5,5,5,5,5,5,5,5,5,5,5,5,5,5,5,5,5,5,5,5,5,5,5,5,5,5,5,5,5,5,5,5,5,5,5,5,5,5,5,5,5,5,5,5,5,5,5,5,5,5,5,5,5,5,5,5,5,5,5,5],"t_ns":51225713387000}}
51238116211916	rest	depth	{"jsonrpc":"2.0","method":"tof.frame","params":{"at_us":51760887,"cols":8,"distance_mm":[229,212,209,212,217,217,213,217,228,212,210,215,211,208,216,223,224,217,210,209,214,216,214,215,226,216,212,220,210,216,224,227,228,231,221,215,219,225,226,225,235,233,224,230,227,221,232,237,258,242,239,243,239,233,251,242,267,265,255,247,247,253,253,262],"rows":8,"seq":697,"status":[5,5,5,5,5,5,5,5,5,5,5,5,5,5,5,5,5,5,5,5,5,5,5,5,5,5,5,5,5,5,5,5,5,5,5,5,5,5,5,5,5,5,5,5,5,5,5,5,5,5,5,5,5,5,5,5,5,5,5,5,5,5,5,5],"t_ns":51225790679000}}
51238188013208	rest	depth	{"jsonrpc":"2.0","method":"tof.frame","params":{"at_us":51831488,"cols":8,"distance_mm":[221,210,216,205,210,208,214,220,219,213,214,200,215,210,211,220,218,222,210,212,212,203,215,212,230,223,209,206,215,222,218,228,234,226,218,220,217,219,221,230,237,239,225,220,228,228,228,235,254,243,243,243,239,237,243,254,265,264,257,251,242,250,256,265],"rows":8,"seq":698,"status":[5,5,5,5,5,5,5,5,5,5,5,5,5,5,5,5,5,5,5,5,5,5,5,5,5,5,5,5,5,5,5,5,5,5,5,5,5,5,5,5,5,5,5,5,5,5,5,5,5,5,5,5,5,5,5,5,5,5,5,5,5,5,5,5],"t_ns":51225861280000}}
51238263009791	rest	depth	{"jsonrpc":"2.0","method":"tof.frame","params":{"at_us":51906504,"cols":8,"distance_mm":[217,213,208,207,213,208,215,215,226,217,211,206,205,217,211,226,228,218,212,209,202,208,216,218,225,221,222,219,208,216,216,221,235,234,222,220,214,218,221,225,236,229,227,222,229,226,232,231,243,244,236,230,233,235,249,251,269,259,254,249,254,255,260,270],"rows":8,"seq":699,"status":[5,5,5,5,5,5,5,5,5,5,5,5,5,5,5,5,5,5,5,5,5,5,5,5,5,5,5,5,5,5,5,5,5,5,5,5,5,5,5,5,5,5,5,5,5,5,5,5,5,5,5,5,5,5,5,5,5,5,5,5,5,5,5,5],"t_ns":51225936296000}}
51238340806708	rest	depth	{"jsonrpc":"2.0","method":"tof.frame","params":{"at_us":51983929,"cols":8,"distance_mm":[225,216,222,206,207,209,222,226,223,219,205,216,203,214,219,218,225,217,220,208,200,212,210,224,228,220,214,211,210,216,211,217,233,225,223,215,211,216,219,226,238,228,226,226,232,228,235,239,257,244,238,239,237,239,242,254,268,259,258,249,255,252,269,261],"rows":8,"seq":700,"status":[5,5,5,5,5,5,5,5,5,5,5,5,5,5,5,5,5,5,5,5,5,5,5,5,5,5,5,5,5,5,5,5,5,5,5,5,5,5,5,5,5,5,5,5,5,5,5,5,5,5,5,5,5,5,5,5,5,5,5,5,5,5,5,5],"t_ns":51226013722000}}
51238416675666	rest	depth	{"jsonrpc":"2.0","method":"tof.frame","params":{"at_us":52061323,"cols":8,"distance_mm":[223,209,218,218,213,212,211,224,218,214,205,211,210,219,214,221,226,215,214,214,209,208,215,213,238,224,217,210,206,219,221,222,232,227,216,217,221,231,226,228,235,233,227,221,224,230,230,237,257,247,244,242,233,237,252,244,271,264,246,252,251,251,256,262],"rows":8,"seq":701,"status":[5,5,5,5,5,5,5,5,5,5,5,5,5,5,5,5,5,5,5,5,5,5,5,5,5,5,5,5,5,5,5,5,5,5,5,5,5,5,5,5,5,5,5,5,5,5,5,5,5,5,5,5,5,5,5,5,5,5,5,5,5,5,5,5],"t_ns":51226091116000}}
51238485607083	rest	depth	{"jsonrpc":"2.0","method":"tof.frame","params":{"at_us":52129259,"cols":8,"distance_mm":[222,216,215,205,208,209,209,232,234,214,216,210,204,213,218,221,220,218,213,209,208,217,211,217,228,212,220,220,215,212,219,233,235,232,221,222,219,220,218,228,250,240,231,220,225,225,231,239,251,240,245,242,233,240,238,250,264,264,252,248,248,251,256,265],"rows":8,"seq":702,"status":[5,5,5,5,5,5,5,5,5,5,5,5,5,5,5,5,5,5,5,5,5,5,5,5,5,5,5,5,5,5,5,5,5,5,5,5,5,5,5,5,5,5,5,5,5,5,5,5,5,5,5,5,5,5,5,5,5,5,5,5,5,5,5,5],"t_ns":51226159052000}}
51238563702250	rest	depth	{"jsonrpc":"2.0","method":"tof.frame","params":{"at_us":52206607,"cols":8,"distance_mm":[221,218,213,210,213,209,211,222,222,211,219,217,210,219,213,220,228,220,214,212,207,206,219,227,232,227,215,212,211,217,221,220,232,221,225,213,223,217,229,223,241,230,236,230,228,228,235,236,253,249,241,234,242,243,242,243,275,258,255,249,256,253,250,262],"rows":8,"seq":703,"status":[5,5,5,5,5,5,5,5,5,5,5,5,5,5,5,5,5,5,5,5,5,5,5,5,5,5,5,5,5,5,5,5,5,5,5,5,5,5,5,5,5,5,5,5,5,5,5,5,5,5,5,5,5,5,5,5,5,5,5,5,5,5,5,5],"t_ns":51226236401000}}
51238640927958	rest	depth	{"jsonrpc":"2.0","method":"tof.frame","params":{"at_us":52283947,"cols":8,"distance_mm":[225,215,209,208,209,205,209,218,225,218,214,216,205,209,214,221,223,215,206,204,206,217,220,218,243,215,221,209,206,216,220,219,231,225,213,215,215,219,231,228,234,229,228,218,222,227,228,242,255,246,236,228,244,237,239,243,269,259,255,251,253,255,259,267],"rows":8,"seq":704,"status":[5,5,5,5,5,5,5,5,5,5,5,5,5,5,5,5,5,5,5,5,5,5,5,5,5,5,5,5,5,5,5,5,5,5,5,5,5,5,5,5,5,5,5,5,5,5,5,5,5,5,5,5,5,5,5,5,5,5,5,5,5,5,5,5],"t_ns":51226313741000}}
51238714287750	rest	depth	{"jsonrpc":"2.0","method":"tof.frame","params":{"at_us":52358499,"cols":8,"distance_mm":[226,217,216,200,213,202,214,216,214,214,209,207,214,216,216,215,225,212,220,213,209,214,209,223,218,222,213,207,214,210,224,228,235,223,224,222,221,214,224,233,243,230,234,222,224,225,237,239,255,249,246,238,241,240,241,253,271,255,260,251,253,250,256,267],"rows":8,"seq":705,"status":[5,5,5,5,5,5,5,5,5,5,5,5,5,5,5,5,5,5,5,5,5,5,5,5,5,5,5,5,5,5,5,5,5,5,5,5,5,5,5,5,5,5,5,5,5,5,5,5,5,5,5,5,5,5,5,5,5,5,5,5,5,5,5,5],"t_ns":51226388293000}}
51238791306000	rest	depth	{"jsonrpc":"2.0","method":"tof.frame","params":{"at_us":52435749,"cols":8,"distance_mm":[222,220,212,204,213,206,207,216,226,215,209,212,206,214,210,215,232,211,207,202,211,205,216,218,225,215,211,220,215,213,218,229,235,225,223,213,214,221,223,225,239,238,221,223,232,221,228,232,251,251,246,238,235,237,240,258,270,266,252,258,239,253,258,265],"rows":8,"seq":706,"status":[5,5,5,5,5,5,5,5,5,5,5,5,5,5,5,5,5,5,5,5,5,5,5,5,5,5,5,5,5,5,5,5,5,5,5,5,5,5,5,5,5,5,5,5,5,5,5,5,5,5,5,5,5,5,5,5,5,5,5,5,5,5,5,5],"t_ns":51226465544000}}
51238864016541	rest	depth	{"jsonrpc":"2.0","method":"tof.frame","params":{"at_us":52508623,"cols":8,"distance_mm":[228,221,204,212,205,215,213,220,221,219,210,210,214,207,216,223,223,217,214,209,206,210,207,220,229,216,218,209,208,213,216,222,240,229,224,219,217,223,226,232,243,231,225,225,214,221,241,234,246,246,239,233,233,233,243,245,267,262,257,257,249,257,265,260],"rows":8,"seq":707,"status":[5,5,5,5,5,5,5,5,5,5,5,5,5,5,5,5,5,5,5,5,5,5,5,5,5,5,5,5,5,5,5,5,5,5,5,5,5,5,5,5,5,5,5,5,5,5,5,5,5,5,5,5,5,5,5,5,5,5,5,5,5,5,5,5],"t_ns":51226538418000}}
51238934066375	rest	depth	{"jsonrpc":"2.0","method":"tof.frame","params":{"at_us":52577896,"cols":8,"distance_mm":[221,215,209,218,208,208,217,225,218,218,207,210,210,217,217,212,219,215,211,209,213,213,212,228,217,217,212,213,218,212,222,223,238,225,219,214,223,220,227,221,246,232,224,227,224,224,224,242,258,247,245,241,238,243,246,250,276,260,260,251,248,253,256,264],"rows":8,"seq":708,"status":[5,5,5,5,5,5,5,5,5,5,5,5,5,5,5,5,5,5,5,5,5,5,5,5,5,5,5,5,5,5,5,5,5,5,5,5,5,5,5,5,5,5,5,5,5,5,5,5,5,5,5,5,5,5,5,5,5,5,5,5,5,5,5,5],"t_ns":51226607692000}}
51239011207875	rest	depth	{"jsonrpc":"2.0","method":"tof.frame","params":{"at_us":52655158,"cols":8,"distance_mm":[228,213,207,215,207,207,216,216,232,221,214,205,205,216,217,220,224,215,211,208,211,210,214,221,229,219,227,220,212,207,208,224,233,222,230,212,216,213,222,233,240,238,223,224,226,230,233,234,245,255,248,238,232,238,243,248,268,261,258,251,248,253,253,263],"rows":8,"seq":709,"status":[5,5,5,5,5,5,5,5,5,5,5,5,5,5,5,5,5,5,5,5,5,5,5,5,5,5,5,5,5,5,5,5,5,5,5,5,5,5,5,5,5,5,5,5,5,5,5,5,5,5,5,5,5,5,5,5,5,5,5,5,5,5,5,5],"t_ns":51226684954000}}
51239080283083	rest	depth	{"jsonrpc":"2.0","method":"tof.frame","params":{"at_us":52725116,"cols":8,"distance_mm":[225,218,212,214,211,213,215,227,224,213,211,218,207,210,215,213,218,214,212,215,209,213,218,215,230,218,216,212,207,213,221,226,237,225,227,216,217,221,222,223,242,242,230,224,222,228,231,240,246,242,248,238,236,242,242,247,273,264,253,252,246,257,266,254],"rows":8,"seq":710,"status":[5,5,5,5,5,5,5,5,5,5,5,5,5,5,5,5,5,5,5,5,5,5,5,5,5,5,5,5,5,5,5,5,5,5,5,5,5,5,5,5,5,5,5,5,5,5,5,5,5,5,5,5,5,5,5,5,5,5,5,5,5,5,5,5],"t_ns":51226754912000}}
51239149591791	rest	depth	{"jsonrpc":"2.0","method":"tof.frame","params":{"at_us":52793104,"cols":8,"distance_mm":[226,221,210,218,205,210,221,224,227,222,215,210,202,215,208,210,222,218,211,213,210,211,219,223,232,219,219,210,217,213,215,223,231,225,220,218,213,214,226,227,239,235,233,217,228,229,232,240,253,249,236,235,237,245,243,252,269,256,256,249,249,259,252,262],"rows":8,"seq":711,"status":[5,5,5,5,5,5,5,5,5,5,5,5,5,5,5,5,5,5,5,5,5,5,5,5,5,5,5,5,5,5,5,5,5,5,5,5,5,5,5,5,5,5,5,5,5,5,5,5,5,5,5,5,5,5,5,5,5,5,5,5,5,5,5,5],"t_ns":51226822900000}}
51239225566791	rest	depth	{"jsonrpc":"2.0","method":"tof.frame","params":{"at_us":52870344,"cols":8,"distance_mm":[228,220,210,210,209,209,213,213,220,221,213,210,214,210,208,219,223,213,209,206,209,207,210,226,227,224,211,212,212,213,215,227,232,232,232,219,218,217,219,231,244,226,229,232,226,235,234,238,258,248,242,235,239,233,241,251,267,264,256,248,255,247,263,264],"rows":8,"seq":712,"status":[5,5,5,5,5,5,5,5,5,5,5,5,5,5,5,5,5,5,5,5,5,5,5,5,5,5,5,5,5,5,5,5,5,5,5,5,5,5,5,5,5,5,5,5,5,5,5,5,5,5,5,5,5,5,5,5,5,5,5,5,5,5,5,5],"t_ns":51226900141000}}
51239303776500	rest	depth	{"jsonrpc":"2.0","method":"tof.frame","params":{"at_us":52947757,"cols":8,"distance_mm":[223,219,211,211,213,211,214,216,223,220,213,209,207,211,213,228,225,211,209,214,205,211,212,222,227,223,211,213,209,217,219,229,235,225,224,223,209,220,221,229,258,239,230,222,223,232,230,232,254,248,236,238,234,234,241,248,270,262,253,245,253,252,255,266],"rows":8,"seq":713,"status":[5,5,5,5,5,5,5,5,5,5,5,5,5,5,5,5,5,5,5,5,5,5,5,5,5,5,5,5,5,5,5,5,5,5,5,5,5,5,5,5,5,5,5,5,5,5,5,5,5,5,5,5,5,5,5,5,5,5,5,5,5,5,5,5],"t_ns":51226977554000}}
51239380482666	rest	depth	{"jsonrpc":"2.0","method":"tof.frame","params":{"at_us":53024033,"cols":8,"distance_mm":[231,218,208,212,217,219,208,219,219,214,208,211,212,204,206,219,227,216,208,208,205,211,214,218,231,219,210,212,216,214,221,224,234,229,219,219,214,218,222,225,245,237,232,226,230,226,235,236,262,249,238,233,237,236,248,249,274,271,254,248,247,252,252,270],"rows":8,"seq":714,"status":[5,5,5,5,5,5,5,5,5,5,5,5,5,5,5,5,5,5,5,5,5,5,5,5,5,5,5,5,5,5,5,5,5,5,5,5,5,5,5,5,5,5,5,5,5,5,5,5,5,5,5,5,5,5,5,5,5,5,5,5,5,5,5,5],"t_ns":51227053830000}}
51239452141791	rest	depth	{"jsonrpc":"2.0","method":"tof.frame","params":{"at_us":53095098,"cols":8,"distance_mm":[219,216,204,213,211,212,217,226,219,222,212,208,212,207,212,209,217,222,212,215,210,213,214,214,225,216,221,219,215,220,216,221,233,222,222,214,210,224,224,229,251,231,233,227,231,219,233,241,258,249,240,240,247,236,239,254,269,257,256,246,241,256,264,267],"rows":8,"seq":715,"status":[5,5,5,5,5,5,5,5,5,5,5,5,5,5,5,5,5,5,5,5,5,5,5,5,5,5,5,5,5,5,5,5,5,5,5,5,5,5,5,5,5,5,5,5,5,5,5,5,5,5,5,5,5,5,5,5,5,5,5,5,5,5,5,5],"t_ns":51227124896000}}
51239522665708	rest	depth	{"jsonrpc":"2.0","method":"tof.frame","params":{"at_us":53167855,"cols":8,"distance_mm":[219,213,210,211,208,211,216,221,227,219,204,204,206,211,215,219,218,211,209,208,205,203,219,219,219,220,220,216,209,210,219,222,234,227,222,221,218,208,220,231,243,242,238,226,224,227,238,243,257,250,237,238,238,238,250,255,270,255,258,245,253,250,264,266],"rows":8,"seq":716,"status":[5,5,5,5,5,5,5,5,5,5,5,5,5,5,5,5,5,5,5,5,5,5,5,5,5,5,5,5,5,5,5,5,5,5,5,5,5,5,5,5,5,5,5,5,5,5,5,5,5,5,5,5,5,5,5,5,5,5,5,5,5,5,5,5],"t_ns":51227197653000}}
51239595149333	rest	depth	{"jsonrpc":"2.0","method":"tof.frame","params":{"at_us":53239680,"cols":8,"distance_mm":[226,215,205,213,213,211,215,225,222,219,214,207,206,207,213,223,223,216,214,210,216,219,218,220,229,222,214,217,205,208,219,219,232,232,218,214,219,218,228,229,244,235,230,223,228,225,237,231,251,242,241,242,233,237,235,248,270,264,259,252,251,255,251,264],"rows":8,"seq":717,"status":[5,5,5,5,5,5,5,5,5,5,5,5,5,5,5,5,5,5,5,5,5,5,5,5,5,5,5,5,5,5,5,5,5,5,5,5,5,5,5,5,5,5,5,5,5,5,5,5,5,5,5,5,5,5,5,5,5,5,5,5,5,5,5,5],"t_ns":51227269478000}}
51239672449458	rest	depth	{"jsonrpc":"2.0","method":"tof.frame","params":{"at_us":53315956,"cols":8,"distance_mm":[220,206,218,200,206,213,218,220,229,212,217,215,199,210,214,215,224,216,223,212,209,208,213,225,228,223,226,208,219,215,223,232,233,228,219,222,221,217,233,237,240,239,233,227,224,229,227,242,249,245,238,241,232,238,242,249,271,264,255,248,242,258,266,266],"rows":8,"seq":718,"status":[5,5,5,5,5,5,5,5,5,5,5,5,5,5,5,5,5,5,5,5,5,5,5,5,5,5,5,5,5,5,5,5,5,5,5,5,5,5,5,5,5,5,5,5,5,5,5,5,5,5,5,5,5,5,5,5,5,5,5,5,5,5,5,5],"t_ns":51227345754000}}
51239741556375	rest	depth	{"jsonrpc":"2.0","method":"tof.frame","params":{"at_us":53385143,"cols":8,"distance_mm":[226,215,214,212,209,207,220,212,230,215,216,213,210,214,215,213,227,221,219,207,211,211,223,221,231,223,219,205,218,219,216,224,237,225,220,221,215,223,227,227,240,237,225,231,231,223,236,243,253,246,234,238,242,235,237,249,264,264,252,242,248,253,259,262],"rows":8,"seq":719,"status":[5,5,5,5,5,5,5,5,5,5,5,5,5,5,5,5,5,5,5,5,5,5,5,5,5,5,5,5,5,5,5,5,5,5,5,5,5,5,5,5,5,5,5,5,5,5,5,5,5,5,5,5,5,5,5,5,5,5,5,5,5,5,5,5],"t_ns":51227414942000}}
51239810680916	rest	depth	{"jsonrpc":"2.0","method":"tof.frame","params":{"at_us":53454273,"cols":8,"distance_mm":[226,214,218,211,210,206,216,224,223,214,208,211,207,208,219,221,222,221,209,210,223,206,218,224,233,214,223,215,210,217,214,221,231,223,222,222,218,219,219,227,241,243,231,224,225,224,234,244,262,256,241,240,230,237,242,249,266,262,258,252,250,252,254,263],"rows":8,"seq":720,"status":[5,5,5,5,5,5,5,5,5,5,5,5,5,5,5,5,5,5,5,5,5,5,5,5,5,5,5,5,5,5,5,5,5,5,5,5,5,5,5,5,5,5,5,5,5,5,5,5,5,5,5,5,5,5,5,5,5,5,5,5,5,5,5,5],"t_ns":51227484072000}}
51239879457750	rest	depth	{"jsonrpc":"2.0","method":"tof.frame","params":{"at_us":53522915,"cols":8,"distance_mm":[226,211,212,205,209,212,216,221,220,219,213,213,215,209,216,215,221,215,215,209,207,214,214,219,226,214,213,218,210,213,219,227,233,234,221,214,219,224,230,230,240,239,231,232,234,223,227,234,259,249,244,241,237,243,246,253,272,254,261,253,251,255,257,263],"rows":8,"seq":721,"status":[5,5,5,5,5,5,5,5,5,5,5,5,5,5,5,5,5,5,5,5,5,5,5,5,5,5,5,5,5,5,5,5,5,5,5,5,5,5,5,5,5,5,5,5,5,5,5,5,5,5,5,5,5,5,5,5,5,5,5,5,5,5,5,5],"t_ns":51227552714000}}
51239956604666	rest	depth	{"jsonrpc":"2.0","method":"tof.frame","params":{"at_us":53600268,"cols":8,"distance_mm":[228,217,217,207,215,213,221,218,221,216,217,213,208,219,214,225,227,216,217,211,206,214,219,216,225,221,219,218,217,209,223,222,232,223,221,219,219,217,223,226,251,229,232,228,226,235,231,236,266,249,243,237,240,235,244,254,273,257,253,247,248,258,262,270],"rows":8,"seq":722,"status":[5,5,5,5,5,5,5,5,5,5,5,5,5,5,5,5,5,5,5,5,5,5,5,5,5,5,5,5,5,5,5,5,5,5,5,5,5,5,5,5,5,5,5,5,5,5,5,5,5,5,5,5,5,5,5,5,5,5,5,5,5,5,5,5],"t_ns":51227630068000}}
51240031149166	rest	depth	{"jsonrpc":"2.0","method":"tof.frame","params":{"at_us":53674862,"cols":8,"distance_mm":[220,218,213,213,214,210,213,227,226,211,214,210,219,215,215,216,221,214,211,209,205,208,216,218,227,213,225,210,210,215,216,229,235,226,222,218,218,225,228,234,240,244,234,229,233,231,229,242,257,247,241,235,244,234,240,256,269,260,247,258,247,249,258,265],"rows":8,"seq":723,"status":[5,5,5,5,5,5,5,5,5,5,5,5,5,5,5,5,5,5,5,5,5,5,5,5,5,5,5,5,5,5,5,5,5,5,5,5,5,5,5,5,5,5,5,5,5,5,5,5,5,5,5,5,5,5,5,5,5,5,5,5,5,5,5,5],"t_ns":51227704662000}}
51240103534916	rest	depth	{"jsonrpc":"2.0","method":"tof.frame","params":{"at_us":53746496,"cols":8,"distance_mm":[222,216,213,212,208,213,219,220,218,216,210,212,211,218,213,220,226,215,210,218,204,210,213,223,229,219,222,207,210,217,222,224,238,228,226,213,214,212,219,233,241,233,228,226,233,229,227,239,260,246,237,234,238,238,243,252,264,257,255,253,249,252,258,262],"rows":8,"seq":724,"status":[5,5,5,5,5,5,5,5,5,5,5,5,5,5,5,5,5,5,5,5,5,5,5,5,5,5,5,5,5,5,5,5,5,5,5,5,5,5,5,5,5,5,5,5,5,5,5,5,5,5,5,5,5,5,5,5,5,5,5,5,5,5,5,5],"t_ns":51227776297000}}
51240176262666	rest	depth	{"jsonrpc":"2.0","method":"tof.frame","params":{"at_us":53819796,"cols":8,"distance_mm":[225,215,210,211,211,210,209,218,224,208,204,212,213,211,218,219,221,217,216,216,217,213,212,227,227,225,219,220,212,218,220,228,246,230,226,220,219,223,217,228,241,235,228,221,218,222,226,236,262,247,242,235,236,241,238,244,272,261,254,246,254,252,258,262],"rows":8,"seq":725,"status":[5,5,5,5,5,5,5,5,5,5,5,5,5,5,5,5,5,5,5,5,5,5,5,5,5,5,5,5,5,5,5,5,5,5,5,5,5,5,5,5,5,5,5,5,5,5,5,5,5,5,5,5,5,5,5,5,5,5,5,5,5,5,5,5],"t_ns":51227849596000}}
51240245444958	rest	depth	{"jsonrpc":"2.0","method":"tof.frame","params":{"at_us":53888976,"cols":8,"distance_mm":[225,224,211,212,209,213,221,226,224,216,208,206,209,216,213,216,217,219,222,210,209,216,217,221,224,219,212,216,210,214,221,223,230,227,220,216,226,225,228,228,250,235,229,231,223,227,233,232,257,246,239,237,237,232,246,248,276,267,249,248,248,254,252,260],"rows":8,"seq":726,"status":[5,5,5,5,5,5,5,5,5,5,5,5,5,5,5,5,5,5,5,5,5,5,5,5,5,5,5,5,5,5,5,5,5,5,5,5,5,5,5,5,5,5,5,5,5,5,5,5,5,5,5,5,5,5,5,5,5,5,5,5,5,5,5,5],"t_ns":51227918777000}}
51240322958791	rest	depth	{"jsonrpc":"2.0","method":"tof.frame","params":{"at_us":53966282,"cols":8,"distance_mm":[229,220,208,212,210,213,216,220,229,214,211,204,211,208,215,220,226,210,209,207,211,212,216,225,229,213,213,206,209,222,224,225,238,220,220,224,212,216,223,230,242,240,236,222,226,231,235,225,251,246,239,232,234,236,242,244,272,263,256,244,253,249,253,265],"rows":8,"seq":727,"status":[5,5,5,5,5,5,5,5,5,5,5,5,5,5,5,5,5,5,5,5,5,5,5,5,5,5,5,5,5,5,5,5,5,5,5,5,5,5,5,5,5,5,5,5,5,5,5,5,5,5,5,5,5,5,5,5,5,5,5,5,5,5,5,5],"t_ns":51227996083000}}
51240391371541	rest	depth	{"jsonrpc":"2.0","method":"tof.frame","params":{"at_us":54034923,"cols":8,"distance_mm":[224,218,208,216,214,202,213,217,226,210,213,212,205,212,215,214,224,209,215,212,211,208,214,220,230,224,215,214,211,217,218,223,235,222,223,217,217,224,226,228,244,237,222,224,228,231,234,241,257,243,234,243,226,246,240,253,274,269,249,249,251,252,263,265],"rows":8,"seq":728,"status":[5,5,5,5,5,5,5,5,5,5,5,5,5,5,5,5,5,5,5,5,5,5,5,5,5,5,5,5,5,5,5,5,5,5,5,5,5,5,5,5,5,5,5,5,5,5,5,5,5,5,5,5,5,5,5,5,5,5,5,5,5,5,5,5],"t_ns":51228064725000}}
51240469442791	rest	depth	{"jsonrpc":"2.0","method":"tof.frame","params":{"at_us":54112926,"cols":8,"distance_mm":[224,220,209,208,209,217,213,222,223,211,214,207,205,219,215,218,224,222,211,204,205,209,218,226,225,232,222,212,212,218,219,222,234,226,224,216,222,221,220,239,254,233,232,226,220,224,239,235,258,249,240,227,236,243,247,250,272,261,255,255,252,252,255,275],"rows":8,"seq":729,"status":[5,5,5,5,5,5,5,5,5,5,5,5,5,5,5,5,5,5,5,5,5,5,5,5,5,5,5,5,5,5,5,5,5,5,5,5,5,5,5,5,5,5,5,5,5,5,5,5,5,5,5,5,5,5,5,5,5,5,5,5,5,5,5,5],"t_ns":51228142728000}}
51240548624583	rest	depth	{"jsonrpc":"2.0","method":"tof.frame","params":{"at_us":54191505,"cols":8,"distance_mm":[224,217,214,225,217,212,214,210,217,218,223,209,211,213,212,221,224,220,214,216,209,210,214,218,226,220,216,207,217,217,209,224,237,223,222,216,212,218,226,220,246,241,229,228,232,229,229,245,254,242,241,240,241,238,248,247,261,260,254,253,243,255,258,268],"rows":8,"seq":730,"status":[5,5,5,5,5,5,5,5,5,5,5,5,5,5,5,5,5,5,5,5,5,5,5,5,5,5,5,5,5,5,5,5,5,5,5,5,5,5,5,5,5,5,5,5,5,5,5,5,5,5,5,5,5,5,5,5,5,5,5,5,5,5,5,5],"t_ns":51228221307000}}
51240625211500	rest	depth	{"jsonrpc":"2.0","method":"tof.frame","params":{"at_us":54269375,"cols":8,"distance_mm":[218,220,210,214,213,210,216,220,225,215,210,203,209,209,210,217,223,212,217,214,203,208,210,221,222,208,210,211,215,210,216,231,239,222,215,218,214,219,221,232,251,235,224,224,223,227,230,238,257,246,233,228,234,234,244,253,267,263,255,251,255,248,256,263],"rows":8,"seq":731,"status":[5,5,5,5,5,5,5,5,5,5,5,5,5,5,5,5,5,5,5,5,5,5,5,5,5,5,5,5,5,5,5,5,5,5,5,5,5,5,5,5,5,5,5,5,5,5,5,5,5,5,5,5,5,5,5,5,5,5,5,5,5,5,5,5],"t_ns":51228299178000}}
51240694401625	rest	depth	{"jsonrpc":"2.0","method":"tof.frame","params":{"at_us":54338392,"cols":8,"distance_mm":[231,215,216,217,217,213,212,224,218,216,212,211,203,213,213,232,224,220,214,211,210,212,216,220,221,227,213,215,210,215,215,221,238,222,222,216,220,220,220,230,247,238,229,227,236,229,232,244,260,249,246,236,229,242,245,248,268,257,254,258,250,248,262,270],"rows":8,"seq":732,"status":[5,5,5,5,5,5,5,5,5,5,5,5,5,5,5,5,5,5,5,5,5,5,5,5,5,5,5,5,5,5,5,5,5,5,5,5,5,5,5,5,5,5,5,5,5,5,5,5,5,5,5,5,5,5,5,5,5,5,5,5,5,5,5,5],"t_ns":51228368194000}}
51240763968750	rest	depth	{"jsonrpc":"2.0","method":"tof.frame","params":{"at_us":54408343,"cols":8,"distance_mm":[217,218,207,207,208,219,215,224,218,223,217,209,211,209,212,219,226,220,212,217,212,209,215,219,231,219,215,219,217,215,215,226,233,218,221,229,214,222,223,225,244,239,221,219,231,229,231,243,256,243,238,232,234,240,248,248,271,267,252,251,244,251,252,264],"rows":8,"seq":733,"status":[5,5,5,5,5,5,5,5,5,5,5,5,5,5,5,5,5,5,5,5,5,5,5,5,5,5,5,5,5,5,5,5,5,5,5,5,5,5,5,5,5,5,5,5,5,5,5,5,5,5,5,5,5,5,5,5,5,5,5,5,5,5,5,5],"t_ns":51228438146000}}
51240835740833	rest	depth	{"jsonrpc":"2.0","method":"tof.frame","params":{"at_us":54479736,"cols":8,"distance_mm":[225,216,208,211,213,222,220,213,215,215,211,215,206,212,210,212,231,216,214,215,206,220,224,224,233,222,215,211,214,222,224,226,235,226,219,220,212,219,227,224,242,232,227,227,224,229,236,234,255,246,239,234,241,231,238,248,271,260,257,255,253,254,250,269],"rows":8,"seq":734,"status":[5,5,5,5,5,5,5,5,5,5,5,5,5,5,5,5,5,5,5,5,5,5,5,5,5,5,5,5,5,5,5,5,5,5,5,5,5,5,5,5,5,5,5,5,5,5,5,5,5,5,5,5,5,5,5,5,5,5,5,5,5,5,5,5],"t_ns":51228509540000}}
51240914153583	rest	depth	{"jsonrpc":"2.0","method":"tof.frame","params":{"at_us":54557240,"cols":8,"distance_mm":[216,216,214,220,215,210,212,219,220,212,211,209,213,216,214,224,216,223,206,215,212,199,215,231,232,216,217,206,209,207,217,225,229,227,220,222,216,213,224,226,237,230,239,224,222,226,234,240,261,247,240,239,232,236,251,247,271,254,257,244,251,255,260,268],"rows":8,"seq":735,"status":[5,5,5,5,5,5,5,5,5,5,5,5,5,5,5,5,5,5,5,5,5,5,5,5,5,5,5,5,5,5,5,5,5,5,5,5,5,5,5,5,5,5,5,5,5,5,5,5,5,5,5,5,5,5,5,5,5,5,5,5,5,5,5,5],"t_ns":51228587044000}}
51240980884083	rest	depth	{"jsonrpc":"2.0","method":"tof.frame","params":{"at_us":54625469,"cols":8,"distance_mm":[225,220,215,208,214,209,216,217,226,218,209,208,203,210,213,225,221,218,218,208,204,217,216,218,229,219,220,218,211,209,217,224,238,218,227,214,218,213,225,230,244,229,225,225,229,231,236,233,255,243,237,240,239,231,250,256,274,260,253,253,248,249,258,268],"rows":8,"seq":736,"status":[5,5,5,5,5,5,5,5,5,5,5,5,5,5,5,5,5,5,5,5,5,5,5,5,5,5,5,5,5,5,5,5,5,5,5,5,5,5,5,5,5,5,5,5,5,5,5,5,5,5,5,5,5,5,5,5,5,5,5,5,5,5,5,5],"t_ns":51228655273000}}
51241059329125	rest	depth	{"jsonrpc":"2.0","method":"tof.frame","params":{"at_us":54702871,"cols":8,"distance_mm":[230,214,209,215,213,209,217,225,223,221,215,214,213,214,214,216,224,219,211,218,211,206,217,215,226,216,215,213,215,208,226,229,233,228,222,222,213,212,224,223,246,230,235,226,226,230,231,233,254,248,239,237,241,239,243,253,271,263,256,252,250,253,259,261],"rows":8,"seq":737,"status":[5,5,5,5,5,5,5,5,5,5,5,5,5,5,5,5,5,5,5,5,5,5,5,5,5,5,5,5,5,5,5,5,5,5,5,5,5,5,5,5,5,5,5,5,5,5,5,5,5,5,5,5,5,5,5,5,5,5,5,5,5,5,5,5],"t_ns":51228732675000}}
51241136819791	rest	depth	{"jsonrpc":"2.0","method":"tof.frame","params":{"at_us":54780257,"cols":8,"distance_mm":[226,223,212,212,212,213,220,223,227,208,211,203,212,205,214,222,226,220,209,209,210,207,220,217,232,221,219,210,214,219,221,221,235,224,223,221,206,218,226,233,245,239,229,230,228,227,228,239,254,245,241,235,229,238,246,253,273,261,251,253,247,252,255,264],"rows":8,"seq":738,"status":[5,5,5,5,5,5,5,5,5,5,5,5,5,5,5,5,5,5,5,5,5,5,5,5,5,5,5,5,5,5,5,5,5,5,5,5,5,5,5,5,5,5,5,5,5,5,5,5,5,5,5,5,5,5,5,5,5,5,5,5,5,5,5,5],"t_ns":51228810062000}}
51241213673208	rest	depth	{"jsonrpc":"2.0","method":"tof.frame","params":{"at_us":54857557,"cols":8,"distance_mm":[225,219,219,215,205,214,211,223,222,216,213,209,204,206,213,215,221,217,211,205,212,212,219,220,226,216,218,216,209,210,216,228,232,226,221,219,226,218,228,228,236,238,223,224,226,231,239,241,253,251,245,234,237,244,236,243,270,256,254,252,248,252,257,258],"rows":8,"seq":739,"status":[5,5,5,5,5,5,5,5,5,5,5,5,5,5,5,5,5,5,5,5,5,5,5,5,5,5,5,5,5,5,5,5,5,5,5,5,5,5,5,5,5,5,5,5,5,5,5,5,5,5,5,5,5,5,5,5,5,5,5,5,5,5,5,5],"t_ns":51228887362000}}
51241286063416	rest	depth	{"jsonrpc":"2.0","method":"tof.frame","params":{"at_us":54929405,"cols":8,"distance_mm":[227,220,216,214,210,217,219,219,228,217,221,213,206,205,220,215,219,218,202,206,211,217,204,221,225,219,221,213,214,215,220,223,246,225,217,220,221,216,228,231,248,229,232,226,223,220,230,237,253,248,235,235,235,240,244,254,270,259,252,242,251,255,257,265],"rows":8,"seq":740,"status":[5,5,5,5,5,5,5,5,5,5,5,5,5,5,5,5,5,5,5,5,5,5,5,5,5,5,5,5,5,5,5,5,5,5,5,5,5,5,5,5,5,5,5,5,5,5,5,5,5,5,5,5,5,5,5,5,5,5,5,5,5,5,5,5],"t_ns":51228959210000}}
51241353909958	rest	depth	{"jsonrpc":"2.0","method":"tof.frame","params":{"at_us":54997364,"cols":8,"distance_mm":[228,223,217,206,218,216,214,221,223,214,211,205,206,214,210,210,225,218,216,213,204,214,219,216,229,217,218,206,215,216,216,224,228,227,218,216,215,211,225,232,246,235,231,224,225,228,234,240,256,249,245,239,235,241,246,242,266,263,254,254,253,255,258,263],"rows":8,"seq":741,"status":[5,5,5,5,5,5,5,5,5,5,5,5,5,5,5,5,5,5,5,5,5,5,5,5,5,5,5,5,5,5,5,5,5,5,5,5,5,5,5,5,5,5,5,5,5,5,5,5,5,5,5,5,5,5,5,5,5,5,5,5,5,5,5,5],"t_ns":51229027170000}}
51241419675833	rest	depth	{"jsonrpc":"2.0","method":"tof.frame","params":{"at_us":55065424,"cols":8,"distance_mm":[224,211,210,211,213,214,218,215,229,221,217,212,207,210,219,220,228,213,215,208,209,211,221,226,224,220,217,210,225,214,214,234,235,230,220,229,207,218,218,222,246,231,236,234,228,223,232,236,256,241,244,235,232,238,246,245,272,256,254,257,252,250,260,264],"rows":8,"seq":742,"status":[5,5,5,5,5,5,5,5,5,5,5,5,5,5,5,5,5,5,5,5,5,5,5,5,5,5,5,5,5,5,5,5,5,5,5,5,5,5,5,5,5,5,5,5,5,5,5,5,5,5,5,5,5,5,5,5,5,5,5,5,5,5,5,5],"t_ns":51229095230000}}
51241495241791	rest	depth	{"jsonrpc":"2.0","method":"tof.frame","params":{"at_us":55140702,"cols":8,"distance_mm":[225,225,215,205,211,211,213,220,223,214,213,207,204,202,211,219,225,219,216,200,209,216,226,213,231,221,205,211,216,213,216,226,242,229,218,224,219,221,216,232,243,233,228,229,222,222,229,238,256,240,236,236,236,243,245,243,268,263,243,253,259,256,258,267],"rows":8,"seq":743,"status":[5,5,5,5,5,5,5,5,5,5,5,5,5,5,5,5,5,5,5,5,5,5,5,5,5,5,5,5,5,5,5,5,5,5,5,5,5,5,5,5,5,5,5,5,5,5,5,5,5,5,5,5,5,5,5,5,5,5,5,5,5,5,5,5],"t_ns":51229170508000}}
51241573973750	rest	depth	{"jsonrpc":"2.0","method":"tof.frame","params":{"at_us":55217949,"cols":8,"distance_mm":[220,214,213,211,206,217,211,222,222,220,202,212,209,211,209,227,220,214,222,204,207,208,212,220,223,223,223,209,204,211,219,222,227,225,218,218,222,224,217,228,239,236,222,226,227,231,233,242,257,245,239,234,239,236,246,250,266,267,260,258,241,254,260,269],"rows":8,"seq":744,"status":[5,5,5,5,5,5,5,5,5,5,5,5,5,5,5,5,5,5,5,5,5,5,5,5,5,5,5,5,5,5,5,5,5,5,5,5,5,5,5,5,5,5,5,5,5,5,5,5,5,5,5,5,5,5,5,5,5,5,5,5,5,5,5,5],"t_ns":51229247756000}}
51241651766833	rest	depth	{"jsonrpc":"2.0","method":"tof.frame","params":{"at_us":55295306,"cols":8,"distance_mm":[223,215,221,206,211,211,214,223,226,217,212,210,205,205,209,219,223,215,221,209,212,210,211,223,220,221,221,218,210,208,219,227,238,223,224,213,219,219,221,223,247,232,232,226,222,229,236,237,259,247,238,239,240,240,248,248,270,261,257,255,255,251,265,263],"rows":8,"seq":745,"status":[5,5,5,5,5,5,5,5,5,5,5,5,5,5,5,5,5,5,5,5,5,5,5,5,5,5,5,5,5,5,5,5,5,5,5,5,5,5,5,5,5,5,5,5,5,5,5,5,5,5,5,5,5,5,5,5,5,5,5,5,5,5,5,5],"t_ns":51229325113000}}
51241726749250	rest	depth	{"jsonrpc":"2.0","method":"tof.frame","params":{"at_us":55372578,"cols":8,"distance_mm":[217,217,211,216,216,211,217,226,225,211,211,211,214,214,222,214,222,217,210,203,211,216,211,219,228,223,226,216,219,218,212,220,241,222,219,216,218,212,224,226,243,231,230,232,226,223,234,237,249,244,243,241,233,244,238,254,270,257,252,256,247,255,258,265],"rows":8,"seq":746,"status":[5,5,5,5,5,5,5,5,5,5,5,5,5,5,5,5,5,5,5,5,5,5,5,5,5,5,5,5,5,5,5,5,5,5,5,5,5,5,5,5,5,5,5,5,5,5,5,5,5,5,5,5,5,5,5,5,5,5,5,5,5,5,5,5],"t_ns":51229402385000}}
51241804736583	rest	depth	{"jsonrpc":"2.0","method":"tof.frame","params":{"at_us":55450042,"cols":8,"distance_mm":[220,216,214,208,211,213,217,222,232,219,223,214,219,209,215,220,230,226,212,207,211,210,213,223,229,224,223,210,209,218,221,221,232,224,221,223,208,225,222,228,235,238,220,225,226,226,233,237,253,242,241,241,240,239,248,248,274,253,261,256,251,255,260,263],"rows":8,"seq":747,"status":[5,5,5,5,5,5,5,5,5,5,5,5,5,5,5,5,5,5,5,5,5,5,5,5,5,5,5,5,5,5,5,5,5,5,5,5,5,5,5,5,5,5,5,5,5,5,5,5,5,5,5,5,5,5,5,5,5,5,5,5,5,5,5,5],"t_ns":51229479850000}}
51241883458958	rest	depth	{"jsonrpc":"2.0","method":"tof.frame","params":{"at_us":55527368,"cols":8,"distance_mm":[216,225,212,205,210,211,217,212,218,213,213,209,202,212,212,218,224,223,217,209,208,212,212,219,229,216,225,215,217,206,216,221,234,223,222,221,225,220,223,226,242,239,229,222,225,226,229,229,251,238,246,241,236,228,245,250,271,261,265,253,248,250,260,265],"rows":8,"seq":748,"status":[5,5,5,5,5,5,5,5,5,5,5,5,5,5,5,5,5,5,5,5,5,5,5,5,5,5,5,5,5,5,5,5,5,5,5,5,5,5,5,5,5,5,5,5,5,5,5,5,5,5,5,5,5,5,5,5,5,5,5,5,5,5,5,5],"t_ns":51229557175000}}
51241958982375	rest	depth	{"jsonrpc":"2.0","method":"tof.frame","params":{"at_us":55602239,"cols":8,"distance_mm":[228,215,210,208,213,216,219,220,227,219,207,213,218,210,209,220,220,216,207,209,209,211,215,220,231,227,213,213,214,215,214,220,240,225,223,219,223,223,218,231,240,240,234,228,230,222,234,230,263,245,243,242,234,239,239,249,266,261,259,250,247,248,250,267],"rows":8,"seq":749,"status":[5,5,5,5,5,5,5,5,5,5,5,5,5,5,5,5,5,5,5,5,5,5,5,5,5,5,5,5,5,5,5,5,5,5,5,5,5,5,5,5,5,5,5,5,5,5,5,5,5,5,5,5,5,5,5,5,5,5,5,5,5,5,5,5],"t_ns":51229632047000}}
51242030449041	rest	depth	{"jsonrpc":"2.0","method":"tof.frame","params":{"at_us":55673959,"cols":8,"distance_mm":[222,215,213,208,209,214,208,230,222,208,214,217,209,209,212,220,232,222,212,210,216,206,214,218,227,220,217,211,208,208,224,225,235,232,222,226,223,229,219,239,242,231,235,233,226,230,228,235,253,247,232,243,234,239,245,253,268,263,255,252,250,258,259,269],"rows":8,"seq":750,"status":[5,5,5,5,5,5,5,5,5,5,5,5,5,5,5,5,5,5,5,5,5,5,5,5,5,5,5,5,5,5,5,5,5,5,5,5,5,5,5,5,5,5,5,5,5,5,5,5,5,5,5,5,5,5,5,5,5,5,5,5,5,5,5,5],"t_ns":51229703768000}}
51242107762458	rest	depth	{"jsonrpc":"2.0","method":"tof.frame","params":{"at_us":55751293,"cols":8,"distance_mm":[226,216,201,205,216,209,225,218,224,216,218,209,208,205,219,216,228,224,214,207,209,207,212,222,238,223,212,217,213,213,218,221,237,226,217,227,218,220,232,230,242,237,229,229,222,223,226,236,252,249,240,236,234,239,241,241,275,253,263,250,256,258,258,259],"rows":8,"seq":751,"status":[5,5,5,5,5,5,5,5,5,5,5,5,5,5,5,5,5,5,5,5,5,5,5,5,5,5,5,5,5,5,5,5,5,5,5,5,5,5,5,5,5,5,5,5,5,5,5,5,5,5,5,5,5,5,5,5,5,5,5,5,5,5,5,5],"t_ns":51229781102000}}
51242183343583	rest	depth	{"jsonrpc":"2.0","method":"tof.frame","params":{"at_us":55828692,"cols":8,"distance_mm":[218,219,208,214,206,212,218,218,226,224,207,210,206,204,221,214,229,215,209,207,214,211,214,221,218,227,214,218,205,209,219,226,236,228,222,221,225,223,219,233,243,241,225,226,226,234,231,235,248,243,231,243,240,237,240,255,267,263,251,252,245,256,252,270],"rows":8,"seq":752,"status":[5,5,5,5,5,5,5,5,5,5,5,5,5,5,5,5,5,5,5,5,5,5,5,5,5,5,5,5,5,5,5,5,5,5,5,5,5,5,5,5,5,5,5,5,5,5,5,5,5,5,5,5,5,5,5,5,5,5,5,5,5,5,5,5],"t_ns":51229858501000}}
51242259031000	rest	depth	{"jsonrpc":"2.0","method":"tof.frame","params":{"at_us":55903561,"cols":8,"distance_mm":[227,223,206,212,209,214,217,218,227,214,214,210,207,207,215,220,224,213,212,208,207,217,211,213,228,218,218,212,211,219,209,225,231,223,219,219,213,219,219,230,244,236,236,230,228,224,230,232,250,236,248,233,232,246,247,248,270,267,259,246,248,255,256,268],"rows":8,"seq":753,"status":[5,5,5,5,5,5,5,5,5,5,5,5,5,5,5,5,5,5,5,5,5,5,5,5,5,5,5,5,5,5,5,5,5,5,5,5,5,5,5,5,5,5,5,5,5,5,5,5,5,5,5,5,5,5,5,5,5,5,5,5,5,5,5,5],"t_ns":51229933371000}}
51242335830708	rest	depth	{"jsonrpc":"2.0","method":"tof.frame","params":{"at_us":55980934,"cols":8,"distance_mm":[224,214,215,210,204,209,222,219,222,209,213,213,210,217,215,225,218,217,217,208,211,212,217,223,223,219,207,208,213,220,214,228,236,227,218,215,215,227,217,231,241,233,226,228,223,225,239,239,257,251,244,232,232,239,243,245,265,258,259,253,260,248,259,266],"rows":8,"seq":754,"status":[5,5,5,5,5,5,5,5,5,5,5,5,5,5,5,5,5,5,5,5,5,5,5,5,5,5,5,5,5,5,5,5,5,5,5,5,5,5,5,5,5,5,5,5,5,5,5,5,5,5,5,5,5,5,5,5,5,5,5,5,5,5,5,5],"t_ns":51230010744000}}
51242407426083	rest	depth	{"jsonrpc":"2.0","method":"tof.frame","params":{"at_us":56050952,"cols":8,"distance_mm":[220,211,219,207,206,210,216,217,226,207,211,203,216,208,219,219,224,220,209,211,204,216,214,214,227,219,215,221,210,223,215,230,242,226,225,222,217,223,227,229,240,235,225,225,226,231,236,236,255,242,244,237,241,241,240,252,276,261,261,258,254,261,262,268],"rows":8,"seq":755,"status":[5,5,5,5,5,5,5,5,5,5,5,5,5,5,5,5,5,5,5,5,5,5,5,5,5,5,5,5,5,5,5,5,5,5,5,5,5,5,5,5,5,5,5,5,5,5,5,5,5,5,5,5,5,5,5,5,5,5,5,5,5,5,5,5],"t_ns":51230080762000}}
51242485622875	rest	depth	{"jsonrpc":"2.0","method":"tof.frame","params":{"at_us":56128679,"cols":8,"distance_mm":[219,220,213,213,214,213,222,221,222,220,214,211,211,212,207,232,229,213,205,216,217,211,221,222,224,218,219,215,218,207,225,226,223,218,215,214,216,216,222,231,246,249,238,229,222,225,235,236,257,248,248,248,239,238,240,247,270,259,254,252,253,248,256,269],"rows":8,"seq":756,"status":[5,5,5,5,5,5,5,5,5,5,5,5,5,5,5,5,5,5,5,5,5,5,5,5,5,5,5,5,5,5,5,5,5,5,5,5,5,5,5,5,5,5,5,5,5,5,5,5,5,5,5,5,5,5,5,5,5,5,5,5,5,5,5,5],"t_ns":51230158490000}}
51242562249416	rest	depth	{"jsonrpc":"2.0","method":"tof.frame","params":{"at_us":56205996,"cols":8,"distance_mm":[225,218,216,214,205,216,220,220,227,224,208,211,202,216,216,225,228,216,209,212,205,212,217,222,232,219,212,219,209,214,214,221,231,231,233,221,222,220,223,233,243,228,235,227,225,222,232,237,255,245,235,245,240,237,240,249,283,256,261,247,254,260,266,263],"rows":8,"seq":757,"status":[5,5,5,5,5,5,5,5,5,5,5,5,5,5,5,5,5,5,5,5,5,5,5,5,5,5,5,5,5,5,5,5,5,5,5,5,5,5,5,5,5,5,5,5,5,5,5,5,5,5,5,5,5,5,5,5,5,5,5,5,5,5,5,5],"t_ns":51230235807000}}
51242638946208	rest	depth	{"jsonrpc":"2.0","method":"tof.frame","params":{"at_us":56283450,"cols":8,"distance_mm":[229,218,217,217,212,208,210,222,220,217,204,211,211,219,216,226,223,215,219,210,209,215,213,220,235,212,218,209,219,212,221,222,238,225,224,222,211,214,235,225,240,232,230,230,228,229,237,236,253,244,237,235,235,240,242,251,266,256,251,252,246,253,257,261],"rows":8,"seq":758,"status":[5,5,5,5,5,5,5,5,5,5,5,5,5,5,5,5,5,5,5,5,5,5,5,5,5,5,5,5,5,5,5,5,5,5,5,5,5,5,5,5,5,5,5,5,5,5,5,5,5,5,5,5,5,5,5,5,5,5,5,5,5,5,5,5],"t_ns":51230313261000}}
51242710412916	rest	depth	{"jsonrpc":"2.0","method":"tof.frame","params":{"at_us":56353876,"cols":8,"distance_mm":[229,218,217,215,206,213,215,217,220,211,214,210,209,209,214,219,230,215,208,210,214,204,210,223,225,223,214,206,207,207,211,220,239,225,221,213,219,220,224,224,243,242,224,233,226,231,237,237,258,246,242,243,239,235,244,246,270,259,257,250,259,249,251,267],"rows":8,"seq":759,"status":[5,5,5,5,5,5,5,5,5,5,5,5,5,5,5,5,5,5,5,5,5,5,5,5,5,5,5,5,5,5,5,5,5,5,5,5,5,5,5,5,5,5,5,5,5,5,5,5,5,5,5,5,5,5,5,5,5,5,5,5,5,5,5,5],"t_ns":51230383688000}}
51242783728583	rest	depth	{"jsonrpc":"2.0","method":"tof.frame","params":{"at_us":56429508,"cols":8,"distance_mm":[223,223,200,214,210,205,220,220,226,220,212,202,210,209,215,214,218,223,216,209,214,210,211,216,232,218,217,214,217,209,220,225,236,234,218,220,218,226,227,230,240,240,228,227,219,229,228,241,256,253,245,235,233,233,247,244,269,257,254,251,251,246,253,267],"rows":8,"seq":760,"status":[5,5,5,5,5,5,5,5,5,5,5,5,5,5,5,5,5,5,5,5,5,5,5,5,5,5,5,5,5,5,5,5,5,5,5,5,5,5,5,5,5,5,5,5,5,5,5,5,5,5,5,5,5,5,5,5,5,5,5,5,5,5,5,5],"t_ns":51230459320000}}
51242861384875	rest	depth	{"jsonrpc":"2.0","method":"tof.frame","params":{"at_us":56506769,"cols":8,"distance_mm":[228,222,205,213,209,213,213,224,224,221,206,219,203,213,211,220,218,220,218,202,208,210,214,222,226,220,216,211,207,214,224,232,236,225,224,220,218,221,223,227,249,223,227,225,234,226,241,241,255,246,242,239,236,233,245,240,259,256,251,258,248,266,258,262],"rows":8,"seq":761,"status":[5,5,5,5,5,5,5,5,5,5,5,5,5,5,5,5,5,5,5,5,5,5,5,5,5,5,5,5,5,5,5,5,5,5,5,5,5,5,5,5,5,5,5,5,5,5,5,5,5,5,5,5,5,5,5,5,5,5,5,5,5,5,5,5],"t_ns":51230536581000}}
51242936116375	rest	depth	{"jsonrpc":"2.0","method":"tof.frame","params":{"at_us":56581167,"cols":8,"distance_mm":[219,214,217,214,214,209,208,216,222,213,213,205,210,210,208,216,221,225,218,214,210,214,218,216,224,224,207,212,215,221,223,230,226,225,212,221,213,218,226,235,242,237,234,230,226,223,235,244,259,247,238,234,236,240,250,248,268,258,254,251,236,250,262,267],"rows":8,"seq":762,"status":[5,5,5,5,5,5,5,5,5,5,5,5,5,5,5,5,5,5,5,5,5,5,5,5,5,5,5,5,5,5,5,5,5,5,5,5,5,5,5,5,5,5,5,5,5,5,5,5,5,5,5,5,5,5,5,5,5,5,5,5,5,5,5,5],"t_ns":51230610979000}}
51243013967083	rest	depth	{"jsonrpc":"2.0","method":"tof.frame","params":{"at_us":56657637,"cols":8,"distance_mm":[222,221,208,214,209,210,218,211,225,216,209,217,204,219,216,224,225,218,217,210,202,213,215,221,232,221,211,212,213,217,211,219,238,222,220,214,214,218,223,233,245,235,224,230,229,231,231,237,258,251,242,239,242,236,239,249,268,264,257,258,251,248,254,262],"rows":8,"seq":763,"status":[5,5,5,5,5,5,5,5,5,5,5,5,5,5,5,5,5,5,5,5,5,5,5,5,5,5,5,5,5,5,5,5,5,5,5,5,5,5,5,5,5,5,5,5,5,5,5,5,5,5,5,5,5,5,5,5,5,5,5,5,5,5,5,5],"t_ns":51230687449000}}
51243091312750	rest	depth	{"jsonrpc":"2.0","method":"tof.frame","params":{"at_us":56734846,"cols":8,"distance_mm":[219,214,210,206,206,207,206,222,229,219,210,206,209,204,220,220,216,223,207,210,215,215,215,214,231,225,215,217,216,215,228,226,230,230,222,220,220,223,223,231,236,238,231,232,229,229,228,235,251,250,241,232,227,237,237,248,264,261,257,249,255,254,256,257],"rows":8,"seq":764,"status":[5,5,5,5,5,5,5,5,5,5,5,5,5,5,5,5,5,5,5,5,5,5,5,5,5,5,5,5,5,5,5,5,5,5,5,5,5,5,5,5,5,5,5,5,5,5,5,5,5,5,5,5,5,5,5,5,5,5,5,5,5,5,5,5],"t_ns":51230764659000}}
51243162375000	rest	depth	{"jsonrpc":"2.0","method":"tof.frame","params":{"at_us":56806617,"cols":8,"distance_mm":[224,217,217,210,213,211,218,216,229,226,214,208,205,206,223,214,226,216,209,207,215,208,212,216,232,228,219,211,207,219,220,234,232,230,218,215,217,221,220,231,242,234,235,233,228,224,233,241,256,244,242,233,239,237,240,252,267,264,257,248,249,247,253,263],"rows":8,"seq":765,"status":[5,5,5,5,5,5,5,5,5,5,5,5,5,5,5,5,5,5,5,5,5,5,5,5,5,5,5,5,5,5,5,5,5,5,5,5,5,5,5,5,5,5,5,5,5,5,5,5,5,5,5,5,5,5,5,5,5,5,5,5,5,5,5,5],"t_ns":51230836430000}}
51243236518500	rest	depth	{"jsonrpc":"2.0","method":"tof.frame","params":{"at_us":56880075,"cols":8,"distance_mm":[224,222,216,210,210,212,221,221,225,217,213,210,216,211,218,222,226,225,218,215,215,207,217,220,224,220,214,218,216,211,217,226,240,234,221,225,211,219,226,238,242,231,232,228,227,215,232,238,258,246,244,237,235,233,236,245,268,258,257,252,244,254,261,268],"rows":8,"seq":766,"status":[5,5,5,5,5,5,5,5,5,5,5,5,5,5,5,5,5,5,5,5,5,5,5,5,5,5,5,5,5,5,5,5,5,5,5,5,5,5,5,5,5,5,5,5,5,5,5,5,5,5,5,5,5,5,5,5,5,5,5,5,5,5,5,5],"t_ns":51230909889000}}
51243312052375	rest	depth	{"jsonrpc":"2.0","method":"tof.frame","params":{"at_us":56957430,"cols":8,"distance_mm":[226,224,220,203,202,216,217,226,218,216,213,207,210,210,217,217,225,220,217,202,209,213,210,221,228,224,214,212,215,208,220,222,232,232,226,220,223,223,229,231,241,236,236,223,227,226,232,241,257,247,245,238,237,237,246,252,272,258,253,254,249,260,255,265],"rows":8,"seq":767,"status":[5,5,5,5,5,5,5,5,5,5,5,5,5,5,5,5,5,5,5,5,5,5,5,5,5,5,5,5,5,5,5,5,5,5,5,5,5,5,5,5,5,5,5,5,5,5,5,5,5,5,5,5,5,5,5,5,5,5,5,5,5,5,5,5],"t_ns":51230987244000}}
51243390234875	rest	depth	{"jsonrpc":"2.0","method":"tof.frame","params":{"at_us":57034830,"cols":8,"distance_mm":[228,220,212,208,205,216,213,219,218,213,216,216,213,213,221,212,224,224,218,215,212,208,216,217,237,222,220,207,219,212,220,223,231,219,225,219,218,214,219,235,243,233,226,234,224,227,241,238,256,237,241,229,234,235,245,243,267,264,253,245,254,255,254,268],"rows":8,"seq":768,"status":[5,5,5,5,5,5,5,5,5,5,5,5,5,5,5,5,5,5,5,5,5,5,5,5,5,5,5,5,5,5,5,5,5,5,5,5,5,5,5,5,5,5,5,5,5,5,5,5,5,5,5,5,5,5,5,5,5,5,5,5,5,5,5,5],"t_ns":51231064644000}}
51243459444416	rest	depth	{"jsonrpc":"2.0","method":"tof.frame","params":{"at_us":57102983,"cols":8,"distance_mm":[229,223,215,212,218,209,221,213,222,219,221,208,209,213,209,213,225,214,215,212,201,210,212,223,230,220,213,210,209,213,221,223,239,221,221,221,218,221,225,223,235,241,234,230,227,230,226,239,263,249,230,239,235,238,242,249,273,260,258,251,258,248,260,258],"rows":8,"seq":769,"status":[5,5,5,5,5,5,5,5,5,5,5,5,5,5,5,5,5,5,5,5,5,5,5,5,5,5,5,5,5,5,5,5,5,5,5,5,5,5,5,5,5,5,5,5,5,5,5,5,5,5,5,5,5,5,5,5,5,5,5,5,5,5,5,5],"t_ns":51231132798000}}
51243528531208	rest	depth	{"jsonrpc":"2.0","method":"tof.frame","params":{"at_us":57172068,"cols":8,"distance_mm":[225,217,215,216,212,213,214,219,222,224,211,200,213,207,208,220,227,215,218,211,208,204,209,222,234,223,212,214,215,215,223,231,234,223,214,224,223,226,221,230,235,226,229,227,225,229,223,233,251,243,239,240,243,230,242,255,269,265,249,248,251,256,259,268],"rows":8,"seq":770,"status":[5,5,5,5,5,5,5,5,5,5,5,5,5,5,5,5,5,5,5,5,5,5,5,5,5,5,5,5,5,5,5,5,5,5,5,5,5,5,5,5,5,5,5,5,5,5,5,5,5,5,5,5,5,5,5,5,5,5,5,5,5,5,5,5],"t_ns":51231201883000}}
51243605733375	rest	depth	{"jsonrpc":"2.0","method":"tof.frame","params":{"at_us":57249329,"cols":8,"distance_mm":[229,221,209,206,211,212,217,224,223,216,207,213,207,212,213,216,224,217,217,214,213,209,211,214,225,221,212,213,211,215,215,221,242,228,226,219,217,215,225,231,241,232,234,229,220,226,234,237,250,241,242,239,235,239,241,247,266,266,253,250,246,251,258,270],"rows":8,"seq":771,"status":[5,5,5,5,5,5,5,5,5,5,5,5,5,5,5,5,5,5,5,5,5,5,5,5,5,5,5,5,5,5,5,5,5,5,5,5,5,5,5,5,5,5,5,5,5,5,5,5,5,5,5,5,5,5,5,5,5,5,5,5,5,5,5,5],"t_ns":51231279144000}}
51243676433291	rest	depth	{"jsonrpc":"2.0","method":"tof.frame","params":{"at_us":57320921,"cols":8,"distance_mm":[219,218,211,215,216,217,220,222,228,213,215,208,209,207,214,225,220,208,207,212,203,207,217,223,224,213,213,214,215,220,217,221,230,221,218,218,216,226,229,226,241,236,233,230,230,235,232,236,256,238,236,237,245,237,242,246,272,268,257,252,241,245,257,265],"rows":8,"seq":772,"status":[5,5,5,5,5,5,5,5,5,5,5,5,5,5,5,5,5,5,5,5,5,5,5,5,5,5,5,5,5,5,5,5,5,5,5,5,5,5,5,5,5,5,5,5,5,5,5,5,5,5,5,5,5,5,5,5,5,5,5,5,5,5,5,5],"t_ns":51231350737000}}
51243752023583	rest	depth	{"jsonrpc":"2.0","method":"tof.frame","params":{"at_us":57395229,"cols":8,"distance_mm":[222,220,217,208,217,208,217,226,224,222,205,209,207,213,216,228,226,215,213,213,210,215,218,227,224,218,225,215,210,219,223,225,237,227,223,220,214,226,219,233,250,231,229,231,226,225,230,245,257,249,243,241,235,238,238,250,276,265,253,247,254,257,256,268],"rows":8,"seq":773,"status":[5,5,5,5,5,5,5,5,5,5,5,5,5,5,5,5,5,5,5,5,5,5,5,5,5,5,5,5,5,5,5,5,5,5,5,5,5,5,5,5,5,5,5,5,5,5,5,5,5,5,5,5,5,5,5,5,5,5,5,5,5,5,5,5],"t_ns":51231425045000}}
51243829664916	rest	depth	{"jsonrpc":"2.0","method":"tof.frame","params":{"at_us":57473100,"cols":8,"distance_mm":[229,214,211,215,214,213,217,228,215,225,216,212,204,212,211,224,216,213,214,202,211,213,218,222,228,214,218,217,212,219,219,231,243,231,221,219,215,222,222,231,239,234,225,231,222,232,229,238,254,233,241,230,237,237,248,252,270,257,255,252,246,253,253,259],"rows":8,"seq":774,"status":[5,5,5,5,5,5,5,5,5,5,5,5,5,5,5,5,5,5,5,5,5,5,5,5,5,5,5,5,5,5,5,5,5,5,5,5,5,5,5,5,5,5,5,5,5,5,5,5,5,5,5,5,5,5,5,5,5,5,5,5,5,5,5,5],"t_ns":51231502916000}}
51243902250083	rest	depth	{"jsonrpc":"2.0","method":"tof.frame","params":{"at_us":57546596,"cols":8,"distance_mm":[231,210,210,219,204,212,218,218,222,214,212,215,208,206,216,223,234,224,214,207,209,219,219,218,228,217,216,219,212,220,222,221,234,227,220,215,222,219,228,227,240,233,237,221,235,230,247,239,258,249,241,245,232,238,245,255,267,258,253,248,247,251,263,263],"rows":8,"seq":775,"status":[5,5,5,5,5,5,5,5,5,5,5,5,5,5,5,5,5,5,5,5,5,5,5,5,5,5,5,5,5,5,5,5,5,5,5,5,5,5,5,5,5,5,5,5,5,5,5,5,5,5,5,5,5,5,5,5,5,5,5,5,5,5,5,5],"t_ns":51231576412000}}
51243980215041	rest	depth	{"jsonrpc":"2.0","method":"tof.frame","params":{"at_us":57623973,"cols":8,"distance_mm":[225,216,215,214,216,208,212,220,231,213,214,209,208,205,215,217,223,217,204,211,207,205,215,218,225,218,217,216,215,216,216,224,233,226,226,224,216,220,220,232,248,233,232,232,229,230,235,234,256,241,242,237,238,236,238,244,270,261,258,253,246,251,257,265],"rows":8,"seq":776,"status":[5,5,5,5,5,5,5,5,5,5,5,5,5,5,5,5,5,5,5,5,5,5,5,5,5,5,5,5,5,5,5,5,5,5,5,5,5,5,5,5,5,5,5,5,5,5,5,5,5,5,5,5,5,5,5,5,5,5,5,5,5,5,5,5],"t_ns":51231653790000}}
51244056613333	rest	depth	{"jsonrpc":"2.0","method":"tof.frame","params":{"at_us":57701287,"cols":8,"distance_mm":[217,220,219,215,221,208,215,228,230,214,214,212,207,219,216,218,220,224,214,207,209,209,221,218,232,220,220,215,207,216,222,223,236,227,217,224,215,221,218,236,239,228,238,229,226,232,230,241,254,244,243,242,241,241,245,251,267,260,252,250,253,249,253,265],"rows":8,"seq":777,"status":[5,5,5,5,5,5,5,5,5,5,5,5,5,5,5,5,5,5,5,5,5,5,5,5,5,5,5,5,5,5,5,5,5,5,5,5,5,5,5,5,5,5,5,5,5,5,5,5,5,5,5,5,5,5,5,5,5,5,5,5,5,5,5,5],"t_ns":51231731104000}}
51244134130541	rest	depth	{"jsonrpc":"2.0","method":"tof.frame","params":{"at_us":57778567,"cols":8,"distance_mm":[228,216,212,209,209,212,218,218,227,220,210,207,211,217,211,219,215,215,220,209,212,207,214,216,228,221,212,211,211,212,219,218,242,229,219,222,223,215,233,226,241,238,227,230,222,227,231,245,260,236,244,233,239,232,236,246,273,253,261,254,245,255,267,264],"rows":8,"seq":778,"status":[5,5,5,5,5,5,5,5,5,5,5,5,5,5,5,5,5,5,5,5,5,5,5,5,5,5,5,5,5,5,5,5,5,5,5,5,5,5,5,5,5,5,5,5,5,5,5,5,5,5,5,5,5,5,5,5,5,5,5,5,5,5,5,5],"t_ns":51231808384000}}
51244212525333	rest	depth	{"jsonrpc":"2.0","method":"tof.frame","params":{"at_us":57855813,"cols":8,"distance_mm":[228,218,216,212,221,209,214,230,212,217,207,212,211,211,220,221,218,218,209,214,214,213,222,217,227,228,212,207,214,213,222,221,242,222,218,222,218,220,229,231,244,237,230,224,227,227,233,247,258,235,241,239,244,239,250,246,275,257,255,252,255,252,264,267],"rows":8,"seq":779,"status":[5,5,5,5,5,5,5,5,5,5,5,5,5,5,5,5,5,5,5,5,5,5,5,5,5,5,5,5,5,5,5,5,5,5,5,5,5,5,5,5,5,5,5,5,5,5,5,5,5,5,5,5,5,5,5,5,5,5,5,5,5,5,5,5],"t_ns":51231885630000}}
51244284729375	rest	depth	{"jsonrpc":"2.0","method":"tof.frame","params":{"at_us":57929131,"cols":8,"distance_mm":[224,216,218,219,209,218,212,222,220,220,211,204,212,210,216,215,228,219,216,213,207,222,216,218,230,221,214,217,212,211,216,221,231,224,223,214,223,214,226,226,244,230,235,232,233,229,233,248,249,243,240,237,248,233,243,250,261,260,251,251,249,245,258,258],"rows":8,"seq":780,"status":[5,5,5,5,5,5,5,5,5,5,5,5,5,5,5,5,5,5,5,5,5,5,5,5,5,5,5,5,5,5,5,5,5,5,5,5,5,5,5,5,5,5,5,5,5,5,5,5,5,5,5,5,5,5,5,5,5,5,5,5,5,5,5,5],"t_ns":51231958949000}}
51244362102791	rest	depth	{"jsonrpc":"2.0","method":"tof.frame","params":{"at_us":58006430,"cols":8,"distance_mm":[219,220,208,209,213,219,219,217,220,212,211,205,213,209,217,223,222,219,208,210,207,214,220,232,235,218,221,220,214,211,213,227,235,227,217,221,222,227,225,233,248,235,227,229,225,228,224,234,247,245,240,234,246,232,247,245,268,259,254,244,244,260,253,263],"rows":8,"seq":781,"status":[5,5,5,5,5,5,5,5,5,5,5,5,5,5,5,5,5,5,5,5,5,5,5,5,5,5,5,5,5,5,5,5,5,5,5,5,5,5,5,5,5,5,5,5,5,5,5,5,5,5,5,5,5,5,5,5,5,5,5,5,5,5,5,5],"t_ns":51232036248000}}
51244434327208	rest	depth	{"jsonrpc":"2.0","method":"tof.frame","params":{"at_us":58077788,"cols":8,"distance_mm":[225,214,214,213,214,214,212,225,225,221,215,205,211,214,217,216,224,221,212,204,214,214,215,218,227,223,218,213,216,209,220,229,234,232,219,217,210,212,225,233,247,231,233,225,222,226,235,243,251,240,243,241,239,239,240,249,274,263,252,249,250,250,255,265],"rows":8,"seq":782,"status":[5,5,5,5,5,5,5,5,5,5,5,5,5,5,5,5,5,5,5,5,5,5,5,5,5,5,5,5,5,5,5,5,5,5,5,5,5,5,5,5,5,5,5,5,5,5,5,5,5,5,5,5,5,5,5,5,5,5,5,5,5,5,5,5],"t_ns":51232107607000}}
51244509262166	rest	depth	{"jsonrpc":"2.0","method":"tof.frame","params":{"at_us":58152783,"cols":8,"distance_mm":[212,216,216,205,207,221,216,222,221,222,213,215,214,215,219,221,217,217,221,208,210,215,217,210,238,227,207,219,216,217,213,224,230,221,214,210,217,220,222,222,242,232,225,228,223,227,232,237,264,243,241,234,230,245,239,248,272,265,257,251,254,249,265,264],"rows":8,"seq":783,"status":[5,5,5,5,5,5,5,5,5,5,5,5,5,5,5,5,5,5,5,5,5,5,5,5,5,5,5,5,5,5,5,5,5,5,5,5,5,5,5,5,5,5,5,5,5,5,5,5,5,5,5,5,5,5,5,5,5,5,5,5,5,5,5,5],"t_ns":51232182601000}}
51244583576875	rest	depth	{"jsonrpc":"2.0","method":"tof.frame","params":{"at_us":58227332,"cols":8,"distance_mm":[223,213,205,216,220,215,208,218,224,216,212,211,205,206,219,221,219,216,215,207,215,221,212,216,228,226,223,216,216,218,213,225,234,229,220,225,219,222,219,231,240,236,229,229,219,226,233,239,263,241,246,236,231,235,247,246,265,258,259,242,247,251,261,278],"rows":8,"seq":784,"status":[5,5,5,5,5,5,5,5,5,5,5,5,5,5,5,5,5,5,5,5,5,5,5,5,5,5,5,5,5,5,5,5,5,5,5,5,5,5,5,5,5,5,5,5,5,5,5,5,5,5,5,5,5,5,5,5,5,5,5,5,5,5,5,5],"t_ns":51232257152000}}
51244658876041	rest	depth	{"jsonrpc":"2.0","method":"tof.frame","params":{"at_us":58304673,"cols":8,"distance_mm":[233,209,214,211,218,213,215,221,223,216,214,214,215,209,211,217,229,214,216,202,213,214,217,224,234,211,210,219,215,212,215,221,238,228,222,213,219,216,226,233,245,233,225,229,226,224,234,238,253,247,237,236,237,238,246,249,269,265,256,259,247,255,259,254],"rows":8,"seq":785,"status":[5,5,5,5,5,5,5,5,5,5,5,5,5,5,5,5,5,5,5,5,5,5,5,5,5,5,5,5,5,5,5,5,5,5,5,5,5,5,5,5,5,5,5,5,5,5,5,5,5,5,5,5,5,5,5,5,5,5,5,5,5,5,5,5],"t_ns":51232334492000}}
51244738689291	rest	depth	{"jsonrpc":"2.0","method":"tof.frame","params":{"at_us":58382011,"cols":8,"distance_mm":[232,222,213,208,217,214,210,215,222,215,215,213,204,219,224,219,230,214,207,217,207,209,210,224,226,223,222,217,211,221,219,223,233,228,220,223,215,214,221,231,238,230,227,223,228,230,236,235,256,250,238,239,235,243,239,254,268,264,255,255,254,251,259,269],"rows":8,"seq":786,"status":[5,5,5,5,5,5,5,5,5,5,5,5,5,5,5,5,5,5,5,5,5,5,5,5,5,5,5,5,5,5,5,5,5,5,5,5,5,5,5,5,5,5,5,5,5,5,5,5,5,5,5,5,5,5,5,5,5,5,5,5,5,5,5,5],"t_ns":51232411830000}}
51244815539791	rest	depth	{"jsonrpc":"2.0","method":"tof.frame","params":{"at_us":58459304,"cols":8,"distance_mm":[228,219,212,207,207,214,216,225,226,210,215,206,218,215,215,216,220,219,212,208,209,214,205,217,231,223,211,211,216,217,211,224,224,227,217,215,215,221,220,224,241,236,228,220,236,226,233,240,256,251,239,239,232,237,244,248,266,256,256,249,246,242,253,262],"rows":8,"seq":787,"status":[5,5,5,5,5,5,5,5,5,5,5,5,5,5,5,5,5,5,5,5,5,5,5,5,5,5,5,5,5,5,5,5,5,5,5,5,5,5,5,5,5,5,5,5,5,5,5,5,5,5,5,5,5,5,5,5,5,5,5,5,5,5,5,5],"t_ns":51232489124000}}
51244891109208	rest	depth	{"jsonrpc":"2.0","method":"tof.frame","params":{"at_us":58536649,"cols":8,"distance_mm":[219,225,214,216,208,211,218,216,222,215,221,207,202,209,215,213,219,215,219,209,216,214,211,225,228,214,207,215,205,220,216,230,230,231,215,221,222,220,225,224,246,232,226,229,231,229,238,237,249,244,243,238,234,246,236,252,271,265,256,253,246,251,260,267],"rows":8,"seq":788,"status":[5,5,5,5,5,5,5,5,5,5,5,5,5,5,5,5,5,5,5,5,5,5,5,5,5,5,5,5,5,5,5,5,5,5,5,5,5,5,5,5,5,5,5,5,5,5,5,5,5,5,5,5,5,5,5,5,5,5,5,5,5,5,5,5],"t_ns":51232566470000}}
51244969786583	rest	depth	{"jsonrpc":"2.0","method":"tof.frame","params":{"at_us":58614015,"cols":8,"distance_mm":[219,224,215,208,206,211,214,219,223,215,212,216,212,211,213,217,227,214,213,211,203,214,219,224,225,236,204,213,208,216,213,231,232,227,223,215,221,213,225,229,240,231,229,229,229,225,228,243,257,247,236,241,237,237,244,245,276,264,260,251,253,260,262,268],"rows":8,"seq":789,"status":[5,5,5,5,5,5,5,5,5,5,5,5,5,5,5,5,5,5,5,5,5,5,5,5,5,5,5,5,5,5,5,5,5,5,5,5,5,5,5,5,5,5,5,5,5,5,5,5,5,5,5,5,5,5,5,5,5,5,5,5,5,5,5,5],"t_ns":51232643836000}}
51245047063125	rest	depth	{"jsonrpc":"2.0","method":"tof.frame","params":{"at_us":58691276,"cols":8,"distance_mm":[223,218,216,207,208,216,216,220,215,219,213,215,203,213,214,219,226,216,213,210,216,207,222,217,227,218,215,213,214,208,225,224,231,227,220,213,219,217,227,221,249,235,226,223,226,225,235,233,262,245,243,235,243,245,237,249,270,262,251,253,251,255,255,262],"rows":8,"seq":790,"status":[5,5,5,5,5,5,5,5,5,5,5,5,5,5,5,5,5,5,5,5,5,5,5,5,5,5,5,5,5,5,5,5,5,5,5,5,5,5,5,5,5,5,5,5,5,5,5,5,5,5,5,5,5,5,5,5,5,5,5,5,5,5,5,5],"t_ns":51232721098000}}
51245123276083	rest	depth	{"jsonrpc":"2.0","method":"tof.frame","params":{"at_us":58768578,"cols":8,"distance_mm":[224,217,220,215,214,212,216,223,220,216,211,212,212,203,212,208,232,220,213,214,213,219,214,225,228,218,214,213,214,210,225,222,234,221,226,219,222,220,226,232,236,237,232,230,228,230,232,232,261,243,236,234,240,247,245,243,270,256,260,256,254,249,254,268],"rows":8,"seq":791,"status":[5,5,5,5,5,5,5,5,5,5,5,5,5,5,5,5,5,5,5,5,5,5,5,5,5,5,5,5,5,5,5,5,5,5,5,5,5,5,5,5,5,5,5,5,5,5,5,5,5,5,5,5,5,5,5,5,5,5,5,5,5,5,5,5],"t_ns":51232798399000}}
51245191821416	rest	depth	{"jsonrpc":"2.0","method":"tof.frame","params":{"at_us":58836790,"cols":8,"distance_mm":[227,216,210,211,209,211,220,219,220,222,203,206,212,213,217,218,223,214,218,209,216,208,210,217,223,216,214,217,215,211,224,225,235,223,213,215,216,222,220,226,247,240,233,228,224,228,231,233,251,248,247,234,234,233,239,249,268,261,258,252,251,254,261,264],"rows":8,"seq":792,"status":[5,5,5,5,5,5,5,5,5,5,5,5,5,5,5,5,5,5,5,5,5,5,5,5,5,5,5,5,5,5,5,5,5,5,5,5,5,5,5,5,5,5,5,5,5,5,5,5,5,5,5,5,5,5,5,5,5,5,5,5,5,5,5,5],"t_ns":51232866612000}}
51245269118500	rest	depth	{"jsonrpc":"2.0","method":"tof.frame","params":{"at_us":58914112,"cols":8,"distance_mm":[231,217,214,215,211,215,211,215,220,221,208,209,208,216,217,219,230,221,214,215,207,218,212,220,223,219,217,215,214,211,221,223,237,225,220,221,218,220,228,234,240,237,228,226,227,230,238,237,252,240,247,239,238,238,242,251,266,261,256,241,253,255,259,262],"rows":8,"seq":793,"status":[5,5,5,5,5,5,5,5,5,5,5,5,5,5,5,5,5,5,5,5,5,5,5,5,5,5,5,5,5,5,5,5,5,5,5,5,5,5,5,5,5,5,5,5,5,5,5,5,5,5,5,5,5,5,5,5,5,5,5,5,5,5,5,5],"t_ns":51232943934000}}
51245343542416	rest	depth	{"jsonrpc":"2.0","method":"tof.frame","params":{"at_us":58986975,"cols":8,"distance_mm":[213,218,213,207,206,211,221,215,226,215,207,207,216,211,210,225,226,216,213,209,217,209,213,223,233,217,210,209,207,214,218,225,236,227,226,216,215,223,220,229,245,235,236,226,233,223,233,233,254,245,242,231,236,240,244,248,273,262,253,255,251,254,255,254],"rows":8,"seq":794,"status":[5,5,5,5,5,5,5,5,5,5,5,5,5,5,5,5,5,5,5,5,5,5,5,5,5,5,5,5,5,5,5,5,5,5,5,5,5,5,5,5,5,5,5,5,5,5,5,5,5,5,5,5,5,5,5,5,5,5,5,5,5,5,5,5],"t_ns":51233016798000}}
51245421063166	rest	depth	{"jsonrpc":"2.0","method":"tof.frame","params":{"at_us":59064367,"cols":8,"distance_mm":[225,221,207,207,217,211,219,221,223,221,210,209,206,211,214,217,227,217,215,211,209,210,213,218,230,217,214,200,210,213,220,227,225,228,223,217,221,222,222,231,247,227,225,221,220,222,228,236,262,250,231,232,243,242,243,238,269,255,251,250,248,248,249,267],"rows":8,"seq":795,"status":[5,5,5,5,5,5,5,5,5,5,5,5,5,5,5,5,5,5,5,5,5,5,5,5,5,5,5,5,5,5,5,5,5,5,5,5,5,5,5,5,5,5,5,5,5,5,5,5,5,5,5,5,5,5,5,5,5,5,5,5,5,5,5,5],"t_ns":51233094190000}}
51245497514541	rest	depth	{"jsonrpc":"2.0","method":"tof.frame","params":{"at_us":59141699,"cols":8,"distance_mm":[222,223,208,211,212,221,210,218,227,210,208,209,209,214,210,218,231,213,207,214,206,212,214,229,229,233,224,218,207,216,212,220,238,223,223,225,221,216,230,225,246,238,231,230,220,228,232,225,258,246,251,235,233,243,244,245,278,262,254,250,257,260,257,266],"rows":8,"seq":796,"status":[5,5,5,5,5,5,5,5,5,5,5,5,5,5,5,5,5,5,5,5,5,5,5,5,5,5,5,5,5,5,5,5,5,5,5,5,5,5,5,5,5,5,5,5,5,5,5,5,5,5,5,5,5,5,5,5,5,5,5,5,5,5,5,5],"t_ns":51233171522000}}
51245573960166	rest	depth	{"jsonrpc":"2.0","method":"tof.frame","params":{"at_us":59218739,"cols":8,"distance_mm":[223,221,220,209,210,212,215,221,221,215,211,213,208,205,212,226,231,217,206,216,202,213,211,217,227,217,210,208,212,212,217,223,234,229,218,217,220,223,230,228,237,231,226,237,230,227,234,236,258,238,236,232,238,241,247,246,280,265,255,255,248,255,259,266],"rows":8,"seq":797,"status":[5,5,5,5,5,5,5,5,5,5,5,5,5,5,5,5,5,5,5,5,5,5,5,5,5,5,5,5,5,5,5,5,5,5,5,5,5,5,5,5,5,5,5,5,5,5,5,5,5,5,5,5,5,5,5,5,5,5,5,5,5,5,5,5],"t_ns":51233248563000}}
51245647258583	rest	depth	{"jsonrpc":"2.0","method":"tof.frame","params":{"at_us":59291883,"cols":8,"distance_mm":[225,220,216,215,215,208,216,231,222,212,211,213,213,204,215,221,223,222,218,214,212,216,212,215,236,217,224,210,207,207,219,229,232,224,227,221,221,222,225,228,250,234,231,230,227,232,232,235,255,246,247,237,240,238,240,244,275,260,251,244,252,243,258,268],"rows":8,"seq":798,"status":[5,5,5,5,5,5,5,5,5,5,5,5,5,5,5,5,5,5,5,5,5,5,5,5,5,5,5,5,5,5,5,5,5,5,5,5,5,5,5,5,5,5,5,5,5,5,5,5,5,5,5,5,5,5,5,5,5,5,5,5,5,5,5,5],"t_ns":51233321707000}}
51245725735166	rest	depth	{"jsonrpc":"2.0","method":"tof.frame","params":{"at_us":59369221,"cols":8,"distance_mm":[216,223,208,212,217,215,216,214,227,220,219,215,202,209,218,225,224,219,217,212,211,207,209,218,231,219,215,213,214,216,217,229,229,218,217,223,219,219,226,228,250,234,227,222,215,225,233,239,257,250,239,240,237,239,241,248,270,267,251,246,251,247,250,264],"rows":8,"seq":799,"status":[5,5,5,5,5,5,5,5,5,5,5,5,5,5,5,5,5,5,5,5,5,5,5,5,5,5,5,5,5,5,5,5,5,5,5,5,5,5,5,5,5,5,5,5,5,5,5,5,5,5,5,5,5,5,5,5,5,5,5,5,5,5,5,5],"t_ns":51233399045000}}
51245800217166	rest	depth	{"jsonrpc":"2.0","method":"tof.frame","params":{"at_us":59443777,"cols":8,"distance_mm":[223,220,214,212,207,212,217,225,232,222,208,215,209,210,223,220,221,220,209,213,208,211,217,222,225,223,216,209,210,209,215,229,239,221,223,229,224,217,221,231,243,233,230,234,222,230,221,239,249,251,241,239,235,234,238,240,272,262,251,252,249,258,256,264],"rows":8,"seq":800,"status":[5,5,5,5,5,5,5,5,5,5,5,5,5,5,5,5,5,5,5,5,5,5,5,5,5,5,5,5,5,5,5,5,5,5,5,5,5,5,5,5,5,5,5,5,5,5,5,5,5,5,5,5,5,5,5,5,5,5,5,5,5,5,5,5],"t_ns":51233473601000}}
51245871944666	rest	depth	{"jsonrpc":"2.0","method":"tof.frame","params":{"at_us":59515453,"cols":8,"distance_mm":[227,220,211,209,217,218,216,223,213,218,201,207,211,213,213,219,221,218,210,212,202,207,213,214,229,218,215,220,210,216,223,224,232,227,230,217,227,225,219,222,245,238,228,227,231,221,232,244,257,245,247,237,240,241,245,246,276,262,262,251,247,253,260,268],"rows":8,"seq":801,"status":[5,5,5,5,5,5,5,5,5,5,5,5,5,5,5,5,5,5,5,5,5,5,5,5,5,5,5,5,5,5,5,5,5,5,5,5,5,5,5,5,5,5,5,5,5,5,5,5,5,5,5,5,5,5,5,5,5,5,5,5,5,5,5,5],"t_ns":51233545278000}}
51245948645875	rest	depth	{"jsonrpc":"2.0","method":"tof.frame","params":{"at_us":59593283,"cols":8,"distance_mm":[226,222,209,213,205,211,219,217,223,212,210,207,212,216,215,215,221,210,215,215,213,210,214,221,233,218,221,208,215,212,226,221,236,225,222,224,219,215,225,228,249,228,228,226,224,225,225,242,250,248,247,231,233,230,246,244,265,259,265,256,255,251,254,273],"rows":8,"seq":802,"status":[5,5,5,5,5,5,5,5,5,5,5,5,5,5,5,5,5,5,5,5,5,5,5,5,5,5,5,5,5,5,5,5,5,5,5,5,5,5,5,5,5,5,5,5,5,5,5,5,5,5,5,5,5,5,5,5,5,5,5,5,5,5,5,5],"t_ns":51233623108000}}
51246026892583	rest	depth	{"jsonrpc":"2.0","method":"tof.frame","params":{"at_us":59670790,"cols":8,"distance_mm":[223,215,211,214,209,214,213,221,226,223,212,207,208,209,212,222,228,223,214,210,221,217,216,225,230,220,217,212,206,218,215,222,233,216,219,221,226,220,220,218,240,233,227,223,226,231,231,238,260,248,245,233,241,239,243,251,268,259,241,254,248,249,252,269],"rows":8,"seq":803,"status":[5,5,5,5,5,5,5,5,5,5,5,5,5,5,5,5,5,5,5,5,5,5,5,5,5,5,5,5,5,5,5,5,5,5,5,5,5,5,5,5,5,5,5,5,5,5,5,5,5,5,5,5,5,5,5,5,5,5,5,5,5,5,5,5],"t_ns":51233700615000}}
51246100753458	rest	depth	{"jsonrpc":"2.0","method":"tof.frame","params":{"at_us":59743975,"cols":8,"distance_mm":[226,222,216,215,213,215,217,219,222,219,218,209,210,213,223,222,223,217,213,211,203,213,213,224,227,225,218,213,211,214,213,224,227,228,220,213,221,222,223,235,246,230,230,224,230,226,224,241,256,238,238,235,236,236,245,256,264,257,257,249,247,254,260,264],"rows":8,"seq":804,"status":[5,5,5,5,5,5,5,5,5,5,5,5,5,5,5,5,5,5,5,5,5,5,5,5,5,5,5,5,5,5,5,5,5,5,5,5,5,5,5,5,5,5,5,5,5,5,5,5,5,5,5,5,5,5,5,5,5,5,5,5,5,5,5,5],"t_ns":51233773801000}}
51246169570458	rest	depth	{"jsonrpc":"2.0","method":"tof.frame","params":{"at_us":59812987,"cols":8,"distance_mm":[227,208,212,208,208,212,208,219,225,222,207,215,211,209,217,215,232,217,213,212,207,207,215,225,234,227,217,215,211,218,221,218,228,230,225,215,209,223,221,232,237,233,220,229,227,230,225,241,256,247,240,228,232,236,246,254,275,259,249,254,254,258,255,269],"rows":8,"seq":805,"status":[5,5,5,5,5,5,5,5,5,5,5,5,5,5,5,5,5,5,5,5,5,5,5,5,5,5,5,5,5,5,5,5,5,5,5,5,5,5,5,5,5,5,5,5,5,5,5,5,5,5,5,5,5,5,5,5,5,5,5,5,5,5,5,5],"t_ns":51233842812000}}
51246246546875	rest	depth	{"jsonrpc":"2.0","method":"tof.frame","params":{"at_us":59891343,"cols":8,"distance_mm":[220,219,210,206,203,211,221,220,224,216,218,211,218,206,211,227,221,219,209,205,213,211,216,220,228,226,216,206,209,215,216,226,237,222,222,224,215,218,220,228,232,230,234,227,225,222,230,239,251,243,243,234,234,242,248,257,277,248,258,252,252,251,258,268],"rows":8,"seq":806,"status":[5,5,5,5,5,5,5,5,5,5,5,5,5,5,5,5,5,5,5,5,5,5,5,5,5,5,5,5,5,5,5,5,5,5,5,5,5,5,5,5,5,5,5,5,5,5,5,5,5,5,5,5,5,5,5,5,5,5,5,5,5,5,5,5],"t_ns":51233921169000}}
51246327582708	rest	depth	{"jsonrpc":"2.0","method":"tof.frame","params":{"at_us":59972443,"cols":8,"distance_mm":[221,217,210,202,207,221,218,219,225,216,211,209,204,210,217,219,223,224,217,203,212,215,216,224,235,227,215,219,212,215,226,223,229,231,217,218,222,220,228,227,236,240,233,224,230,228,228,230,239,244,253,241,244,241,243,252,267,258,258,249,250,249,257,265],"rows":8,"seq":807,"status":[5,5,5,5,5,5,5,5,5,5,5,5,5,5,5,5,5,5,5,5,5,5,5,5,5,5,5,5,5,5,5,5,5,5,5,5,5,5,5,5,5,5,5,5,5,5,5,5,5,5,5,5,5,5,5,5,5,5,5,5,5,5,5,5],"t_ns":51234002270000}}
51246406449916	rest	depth	{"jsonrpc":"2.0","method":"tof.frame","params":{"at_us":60050597,"cols":8,"distance_mm":[225,218,220,221,203,211,218,217,231,213,216,204,215,207,215,227,226,215,212,209,216,215,222,221,235,220,217,210,218,210,213,221,228,224,222,228,210,217,228,225,240,226,236,233,229,232,230,237,251,245,240,241,241,247,239,251,268,259,254,244,249,250,255,266],"rows":8,"seq":808,"status":[5,5,5,5,5,5,5,5,5,5,5,5,5,5,5,5,5,5,5,5,5,5,5,5,5,5,5,5,5,5,5,5,5,5,5,5,5,5,5,5,5,5,5,5,5,5,5,5,5,5,5,5,5,5,5,5,5,5,5,5,5,5,5,5],"t_ns":51234080424000}}
51246482775333	rest	depth	{"jsonrpc":"2.0","method":"tof.frame","params":{"at_us":60128273,"cols":8,"distance_mm":[228,217,217,204,206,208,209,222,219,217,220,210,217,208,210,223,224,222,217,214,209,211,215,222,225,214,224,216,209,210,221,223,228,227,224,217,218,219,220,231,239,232,223,219,230,232,233,241,253,246,245,235,235,240,248,252,268,255,255,251,251,252,254,268],"rows":8,"seq":809,"status":[5,5,5,5,5,5,5,5,5,5,5,5,5,5,5,5,5,5,5,5,5,5,5,5,5,5,5,5,5,5,5,5,5,5,5,5,5,5,5,5,5,5,5,5,5,5,5,5,5,5,5,5,5,5,5,5,5,5,5,5,5,5,5,5],"t_ns":51234158101000}}
51246561735541	rest	depth	{"jsonrpc":"2.0","method":"tof.frame","params":{"at_us":60205316,"cols":8,"distance_mm":[229,212,217,206,209,217,212,225,225,212,212,214,216,209,212,218,225,207,217,213,209,207,207,218,227,230,221,216,213,215,227,219,235,227,221,219,217,215,228,227,238,238,236,224,230,226,231,234,257,249,238,241,225,233,241,248,260,262,253,251,247,245,255,267],"rows":8,"seq":810,"status":[5,5,5,5,5,5,5,5,5,5,5,5,5,5,5,5,5,5,5,5,5,5,5,5,5,5,5,5,5,5,5,5,5,5,5,5,5,5,5,5,5,5,5,5,5,5,5,5,5,5,5,5,5,5,5,5,5,5,5,5,5,5,5,5],"t_ns":51234235144000}}
51246637616583	rest	depth	{"jsonrpc":"2.0","method":"tof.frame","params":{"at_us":60280548,"cols":8,"distance_mm":[226,215,215,214,213,213,224,227,231,217,214,211,206,200,217,224,227,218,213,203,211,210,218,221,227,213,213,219,213,216,220,223,241,226,223,220,214,219,222,217,250,239,234,227,227,229,232,243,258,251,238,236,233,239,241,248,269,258,257,253,252,252,255,265],"rows":8,"seq":811,"status":[5,5,5,5,5,5,5,5,5,5,5,5,5,5,5,5,5,5,5,5,5,5,5,5,5,5,5,5,5,5,5,5,5,5,5,5,5,5,5,5,5,5,5,5,5,5,5,5,5,5,5,5,5,5,5,5,5,5,5,5,5,5,5,5],"t_ns":51234310376000}}
51246706352125	rest	depth	{"jsonrpc":"2.0","method":"tof.frame","params":{"at_us":60350084,"cols":8,"distance_mm":[221,217,217,214,212,211,217,215,217,211,215,210,213,210,213,217,227,218,208,209,210,210,213,221,230,219,218,220,210,216,216,220,236,230,226,212,218,219,223,229,241,234,233,228,224,220,236,240,252,251,248,233,239,238,250,254,282,263,261,251,247,248,253,271],"rows":8,"seq":812,"status":[5,5,5,5,5,5,5,5,5,5,5,5,5,5,5,5,5,5,5,5,5,5,5,5,5,5,5,5,5,5,5,5,5,5,5,5,5,5,5,5,5,5,5,5,5,5,5,5,5,5,5,5,5,5,5,5,5,5,5,5,5,5,5,5],"t_ns":51234379912000}}
51246784744750	rest	depth	{"jsonrpc":"2.0","method":"tof.frame","params":{"at_us":60428271,"cols":8,"distance_mm":[233,224,219,211,212,211,211,218,230,219,210,207,211,212,206,217,220,218,211,218,208,210,218,223,233,219,215,209,212,216,219,220,234,226,220,214,214,214,228,229,244,232,233,233,223,225,233,238,266,241,240,241,233,242,240,250,270,257,260,246,251,259,259,270],"rows":8,"seq":813,"status":[5,5,5,5,5,5,5,5,5,5,5,5,5,5,5,5,5,5,5,5,5,5,5,5,5,5,5,5,5,5,5,5,5,5,5,5,5,5,5,5,5,5,5,5,5,5,5,5,5,5,5,5,5,5,5,5,5,5,5,5,5,5,5,5],"t_ns":51234458100000}}
51246853073083	rest	depth	{"jsonrpc":"2.0","method":"tof.frame","params":{"at_us":60497405,"cols":8,"distance_mm":[230,223,219,213,212,215,216,218,220,220,206,213,211,214,218,221,221,215,211,211,207,210,209,222,234,222,221,210,221,221,216,223,236,230,220,224,221,216,228,235,243,238,228,227,227,233,236,232,253,241,244,238,234,240,246,254,271,262,253,247,254,255,258,266],"rows":8,"seq":814,"status":[5,5,5,5,5,5,5,5,5,5,5,5,5,5,5,5,5,5,5,5,5,5,5,5,5,5,5,5,5,5,5,5,5,5,5,5,5,5,5,5,5,5,5,5,5,5,5,5,5,5,5,5,5,5,5,5,5,5,5,5,5,5,5,5],"t_ns":51234527234000}}
51246925410416	rest	depth	{"jsonrpc":"2.0","method":"tof.frame","params":{"at_us":60571208,"cols":8,"distance_mm":[221,222,213,209,206,215,213,222,226,218,210,210,206,212,214,218,222,220,217,207,213,219,217,225,226,216,213,215,214,216,217,229,228,228,221,214,218,221,222,231,241,228,227,236,227,224,227,240,253,248,235,245,235,235,239,249,267,256,252,251,244,256,258,261],"rows":8,"seq":815,"status":[5,5,5,5,5,5,5,5,5,5,5,5,5,5,5,5,5,5,5,5,5,5,5,5,5,5,5,5,5,5,5,5,5,5,5,5,5,5,5,5,5,5,5,5,5,5,5,5,5,5,5,5,5,5,5,5,5,5,5,5,5,5,5,5],"t_ns":51234601038000}}
51246997819833	rest	depth	{"jsonrpc":"2.0","method":"tof.frame","params":{"at_us":60641303,"cols":8,"distance_mm":[225,221,219,216,206,220,215,230,221,217,206,213,213,212,222,222,223,218,220,216,206,206,213,218,228,219,218,215,218,219,215,224,231,231,220,224,220,223,229,232,241,234,221,218,227,223,229,242,253,246,249,235,236,238,247,251,266,265,257,246,254,253,257,267],"rows":8,"seq":816,"status":[5,5,5,5,5,5,5,5,5,5,5,5,5,5,5,5,5,5,5,5,5,5,5,5,5,5,5,5,5,5,5,5,5,5,5,5,5,5,5,5,5,5,5,5,5,5,5,5,5,5,5,5,5,5,5,5,5,5,5,5,5,5,5,5],"t_ns":51234671132000}}
51247075185791	rest	depth	{"jsonrpc":"2.0","method":"tof.frame","params":{"at_us":60718635,"cols":8,"distance_mm":[224,212,211,210,215,206,212,218,227,215,215,210,208,218,218,226,227,224,212,213,206,215,224,225,223,228,211,213,216,212,216,226,236,228,214,215,219,220,224,228,244,236,235,221,225,223,239,231,257,253,238,228,236,243,237,255,274,262,256,252,253,254,264,267],"rows":8,"seq":817,"status":[5,5,5,5,5,5,5,5,5,5,5,5,5,5,5,5,5,5,5,5,5,5,5,5,5,5,5,5,5,5,5,5,5,5,5,5,5,5,5,5,5,5,5,5,5,5,5,5,5,5,5,5,5,5,5,5,5,5,5,5,5,5,5,5],"t_ns":51234748465000}}
51247152952291	rest	depth	{"jsonrpc":"2.0","method":"tof.frame","params":{"at_us":60795996,"cols":8,"distance_mm":[226,220,214,219,212,204,204,221,215,217,214,215,215,205,215,215,222,222,218,212,205,211,218,224,226,218,209,211,214,215,210,222,236,227,221,215,218,222,232,232,244,228,231,230,224,227,229,241,262,251,244,234,244,241,249,243,273,266,249,254,254,252,256,265],"rows":8,"seq":818,"status":[5,5,5,5,5,5,5,5,5,5,5,5,5,5,5,5,5,5,5,5,5,5,5,5,5,5,5,5,5,5,5,5,5,5,5,5,5,5,5,5,5,5,5,5,5,5,5,5,5,5,5,5,5,5,5,5,5,5,5,5,5,5,5,5],"t_ns":51234825826000}}
51247227874750	rest	depth	{"jsonrpc":"2.0","method":"tof.frame","params":{"at_us":60873337,"cols":8,"distance_mm":[227,224,208,213,210,214,209,211,221,216,210,208,206,206,223,213,228,213,215,213,202,212,216,232,230,220,220,209,216,217,217,226,234,231,219,220,224,222,223,231,243,233,236,225,225,222,233,226,258,256,238,236,234,230,242,255,270,261,251,256,245,259,257,276],"rows":8,"seq":819,"status":[5,5,5,5,5,5,5,5,5,5,5,5,5,5,5,5,5,5,5,5,5,5,5,5,5,5,5,5,5,5,5,5,5,5,5,5,5,5,5,5,5,5,5,5,5,5,5,5,5,5,5,5,5,5,5,5,5,5,5,5,5,5,5,5],"t_ns":51234903167000}}
51247305004250	rest	depth	{"jsonrpc":"2.0","method":"tof.frame","params":{"at_us":60950593,"cols":8,"distance_mm":[227,223,222,211,213,206,216,219,225,218,211,212,205,211,212,220,227,218,211,213,202,211,219,220,226,224,209,213,213,214,222,219,228,229,221,223,220,214,216,228,248,229,229,232,223,234,222,239,253,252,246,238,234,235,245,249,270,261,262,255,246,246,259,264],"rows":8,"seq":820,"status":[5,5,5,5,5,5,5,5,5,5,5,5,5,5,5,5,5,5,5,5,5,5,5,5,5,5,5,5,5,5,5,5,5,5,5,5,5,5,5,5,5,5,5,5,5,5,5,5,5,5,5,5,5,5,5,5,5,5,5,5,5,5,5,5],"t_ns":51234980423000}}
51247379935500	rest	depth	{"jsonrpc":"2.0","method":"tof.frame","params":{"at_us":61023486,"cols":8,"distance_mm":[228,216,209,208,214,216,210,217,224,211,220,207,206,214,214,219,226,224,216,213,211,214,217,223,227,222,227,213,215,215,214,216,235,228,218,219,213,225,230,229,242,241,232,229,226,232,232,238,260,253,243,234,241,236,241,247,277,262,250,253,252,254,264,272],"rows":8,"seq":821,"status":[5,5,5,5,5,5,5,5,5,5,5,5,5,5,5,5,5,5,5,5,5,5,5,5,5,5,5,5,5,5,5,5,5,5,5,5,5,5,5,5,5,5,5,5,5,5,5,5,5,5,5,5,5,5,5,5,5,5,5,5,5,5,5,5],"t_ns":51235053317000}}
51247457720625	rest	depth	{"jsonrpc":"2.0","method":"tof.frame","params":{"at_us":61100817,"cols":8,"distance_mm":[221,216,214,207,207,215,212,222,227,218,212,204,217,213,209,216,227,216,216,206,211,215,208,222,235,218,213,218,211,220,219,214,234,227,223,218,220,218,226,223,239,235,237,230,227,230,229,240,256,246,243,239,229,239,244,250,265,261,255,246,254,251,255,267],"rows":8,"seq":822,"status":[5,5,5,5,5,5,5,5,5,5,5,5,5,5,5,5,5,5,5,5,5,5,5,5,5,5,5,5,5,5,5,5,5,5,5,5,5,5,5,5,5,5,5,5,5,5,5,5,5,5,5,5,5,5,5,5,5,5,5,5,5,5,5,5],"t_ns":51235130649000}}
51247532639125	rest	depth	{"jsonrpc":"2.0","method":"tof.frame","params":{"at_us":61178137,"cols":8,"distance_mm":[231,224,210,212,205,214,221,218,225,216,209,207,213,206,215,212,233,217,214,210,207,213,214,215,233,227,211,215,212,217,221,221,234,226,228,216,218,216,227,233,243,237,236,232,223,234,235,236,259,253,238,232,240,230,244,240,273,261,269,247,249,250,254,271],"rows":8,"seq":823,"status":[5,5,5,5,5,5,5,5,5,5,5,5,5,5,5,5,5,5,5,5,5,5,5,5,5,5,5,5,5,5,5,5,5,5,5,5,5,5,5,5,5,5,5,5,5,5,5,5,5,5,5,5,5,5,5,5,5,5,5,5,5,5,5,5],"t_ns":51235207969000}}
51247611135208	rest	depth	{"jsonrpc":"2.0","method":"tof.frame","params":{"at_us":61254606,"cols":8,"distance_mm":[219,220,213,206,210,212,216,218,225,215,213,208,211,206,215,224,227,219,213,215,220,210,212,214,229,219,216,220,213,211,217,218,230,236,220,222,217,218,223,224,237,236,233,227,226,229,232,249,252,241,238,239,231,238,249,245,275,267,255,252,246,255,260,261],"rows":8,"seq":824,"status":[5,5,5,5,5,5,5,5,5,5,5,5,5,5,5,5,5,5,5,5,5,5,5,5,5,5,5,5,5,5,5,5,5,5,5,5,5,5,5,5,5,5,5,5,5,5,5,5,5,5,5,5,5,5,5,5,5,5,5,5,5,5,5,5],"t_ns":51235284438000}}
51247688195875	rest	depth	{"jsonrpc":"2.0","method":"tof.frame","params":{"at_us":61331537,"cols":8,"distance_mm":[224,212,221,218,212,216,217,225,229,220,215,209,208,212,216,222,223,224,212,209,209,209,213,222,224,212,219,214,217,217,210,223,226,231,216,221,221,221,224,230,250,235,224,231,216,232,234,237,251,249,239,232,236,238,238,250,275,259,255,251,251,253,259,264],"rows":8,"seq":825,"status":[5,5,5,5,5,5,5,5,5,5,5,5,5,5,5,5,5,5,5,5,5,5,5,5,5,5,5,5,5,5,5,5,5,5,5,5,5,5,5,5,5,5,5,5,5,5,5,5,5,5,5,5,5,5,5,5,5,5,5,5,5,5,5,5],"t_ns":51235361370000}}
51247765644916	rest	depth	{"jsonrpc":"2.0","method":"tof.frame","params":{"at_us":61408810,"cols":8,"distance_mm":[226,219,213,210,207,218,215,211,219,219,212,205,209,213,204,225,224,216,220,211,215,213,216,218,232,225,216,213,217,212,216,225,238,230,221,219,215,215,220,231,240,235,232,223,231,228,229,237,256,254,241,241,232,244,238,243,273,272,252,255,246,251,264,264],"rows":8,"seq":826,"status":[5,5,5,5,5,5,5,5,5,5,5,5,5,5,5,5,5,5,5,5,5,5,5,5,5,5,5,5,5,5,5,5,5,5,5,5,5,5,5,5,5,5,5,5,5,5,5,5,5,5,5,5,5,5,5,5,5,5,5,5,5,5,5,5],"t_ns":51235438642000}}
51247840967458	rest	depth	{"jsonrpc":"2.0","method":"tof.frame","params":{"at_us":61486136,"cols":8,"distance_mm":[227,215,219,209,206,209,214,217,230,212,220,207,206,218,215,222,233,214,210,218,213,207,220,221,230,224,220,219,212,214,216,227,234,226,221,223,222,212,219,225,250,233,231,229,225,230,232,237,253,251,237,232,235,233,241,252,272,266,254,253,254,262,257,263],"rows":8,"seq":827,"status":[5,5,5,5,5,5,5,5,5,5,5,5,5,5,5,5,5,5,5,5,5,5,5,5,5,5,5,5,5,5,5,5,5,5,5,5,5,5,5,5,5,5,5,5,5,5,5,5,5,5,5,5,5,5,5,5,5,5,5,5,5,5,5,5],"t_ns":51235515969000}}
51247913465458	rest	depth	{"jsonrpc":"2.0","method":"tof.frame","params":{"at_us":61559052,"cols":8,"distance_mm":[227,213,211,206,207,214,220,217,219,217,214,214,213,212,211,220,228,230,208,208,215,219,217,229,231,224,216,207,218,218,218,227,246,231,229,221,218,220,227,229,241,233,237,227,227,232,230,238,259,250,251,233,238,241,238,251,267,258,260,265,239,250,266,262],"rows":8,"seq":828,"status":[5,5,5,5,5,5,5,5,5,5,5,5,5,5,5,5,5,5,5,5,5,5,5,5,5,5,5,5,5,5,5,5,5,5,5,5,5,5,5,5,5,5,5,5,5,5,5,5,5,5,5,5,5,5,5,5,5,5,5,5,5,5,5,5],"t_ns":51235588885000}}
51247991642291	rest	depth	{"jsonrpc":"2.0","method":"tof.frame","params":{"at_us":61636372,"cols":8,"distance_mm":[227,221,215,215,216,211,214,223,222,219,215,208,204,209,212,224,226,216,217,207,212,211,223,214,219,219,216,225,217,215,221,221,234,223,229,219,219,218,223,225,244,236,236,225,221,233,233,235,256,241,245,239,237,247,246,244,279,250,254,243,249,259,253,263],"rows":8,"seq":829,"status":[5,5,5,5,5,5,5,5,5,5,5,5,5,5,5,5,5,5,5,5,5,5,5,5,5,5,5,5,5,5,5,5,5,5,5,5,5,5,5,5,5,5,5,5,5,5,5,5,5,5,5,5,5,5,5,5,5,5,5,5,5,5,5,5],"t_ns":51235666206000}}
51248066473500	rest	depth	{"jsonrpc":"2.0","method":"tof.frame","params":{"at_us":61711008,"cols":8,"distance_mm":[223,219,216,202,214,216,211,225,218,218,217,210,216,212,214,220,224,220,220,217,208,217,220,229,220,226,216,209,215,216,215,228,236,231,217,214,214,222,221,229,246,241,231,214,228,220,228,238,251,247,237,239,234,237,245,245,270,267,254,254,248,249,256,263],"rows":8,"seq":830,"status":[5,5,5,5,5,5,5,5,5,5,5,5,5,5,5,5,5,5,5,5,5,5,5,5,5,5,5,5,5,5,5,5,5,5,5,5,5,5,5,5,5,5,5,5,5,5,5,5,5,5,5,5,5,5,5,5,5,5,5,5,5,5,5,5],"t_ns":51235740842000}}
51248141650291	rest	depth	{"jsonrpc":"2.0","method":"tof.frame","params":{"at_us":61785231,"cols":8,"distance_mm":[222,214,207,211,210,209,211,225,233,219,217,209,208,211,211,217,223,219,211,208,210,214,220,214,224,219,219,206,212,221,215,222,235,228,232,220,220,222,231,228,249,230,224,229,224,228,232,246,255,239,230,233,235,236,245,246,277,261,255,250,256,259,259,259],"rows":8,"seq":831,"status":[5,5,5,5,5,5,5,5,5,5,5,5,5,5,5,5,5,5,5,5,5,5,5,5,5,5,5,5,5,5,5,5,5,5,5,5,5,5,5,5,5,5,5,5,5,5,5,5,5,5,5,5,5,5,5,5,5,5,5,5,5,5,5,5],"t_ns":51235815065000}}
51248216916291	rest	depth	{"jsonrpc":"2.0","method":"tof.frame","params":{"at_us":61862630,"cols":8,"distance_mm":[224,219,214,214,198,210,217,225,215,215,207,207,205,213,222,219,224,218,212,213,217,215,212,225,230,218,211,214,215,213,221,226,238,224,218,215,223,214,223,229,244,227,228,229,231,228,240,233,251,249,243,234,240,232,239,245,273,258,250,249,249,247,253,272],"rows":8,"seq":832,"status":[5,5,5,5,5,5,5,5,5,5,5,5,5,5,5,5,5,5,5,5,5,5,5,5,5,5,5,5,5,5,5,5,5,5,5,5,5,5,5,5,5,5,5,5,5,5,5,5,5,5,5,5,5,5,5,5,5,5,5,5,5,5,5,5],"t_ns":51235892464000}}
51248296269291	rest	depth	{"jsonrpc":"2.0","method":"tof.frame","params":{"at_us":61940763,"cols":8,"distance_mm":[222,221,213,212,210,214,214,217,214,216,219,205,203,203,210,219,227,215,214,210,204,209,222,223,219,223,217,215,214,214,222,221,235,232,216,222,215,218,226,223,243,236,230,228,233,226,230,238,257,247,238,237,235,245,246,246,271,257,261,254,253,253,269,263],"rows":8,"seq":833,"status":[5,5,5,5,5,5,5,5,5,5,5,5,5,5,5,5,5,5,5,5,5,5,5,5,5,5,5,5,5,5,5,5,5,5,5,5,5,5,5,5,5,5,5,5,5,5,5,5,5,5,5,5,5,5,5,5,5,5,5,5,5,5,5,5],"t_ns":51235970597000}}
51248372821541	rest	depth	{"jsonrpc":"2.0","method":"tof.frame","params":{"at_us":62018087,"cols":8,"distance_mm":[223,222,214,211,210,219,217,218,232,212,210,209,208,211,204,221,228,216,212,219,207,210,219,219,230,217,223,216,213,215,219,228,224,227,225,219,222,225,229,225,247,238,228,217,233,221,231,241,260,246,241,240,241,240,252,243,271,263,252,256,242,258,255,260],"rows":8,"seq":834,"status":[5,5,5,5,5,5,5,5,5,5,5,5,5,5,5,5,5,5,5,5,5,5,5,5,5,5,5,5,5,5,5,5,5,5,5,5,5,5,5,5,5,5,5,5,5,5,5,5,5,5,5,5,5,5,5,5,5,5,5,5,5,5,5,5],"t_ns":51236047922000}}
51248445129625	rest	depth	{"jsonrpc":"2.0","method":"tof.frame","params":{"at_us":62088674,"cols":8,"distance_mm":[222,217,211,212,205,206,214,224,223,212,216,216,206,214,212,215,226,210,211,212,216,209,222,215,237,222,214,206,219,219,218,221,236,223,222,216,220,221,234,226,243,235,231,233,221,227,230,237,256,247,245,240,232,242,242,251,265,265,259,256,248,251,252,273],"rows":8,"seq":835,"status":[5,5,5,5,5,5,5,5,5,5,5,5,5,5,5,5,5,5,5,5,5,5,5,5,5,5,5,5,5,5,5,5,5,5,5,5,5,5,5,5,5,5,5,5,5,5,5,5,5,5,5,5,5,5,5,5,5,5,5,5,5,5,5,5],"t_ns":51236118510000}}
51248520585500	rest	depth	{"jsonrpc":"2.0","method":"tof.frame","params":{"at_us":62166116,"cols":8,"distance_mm":[229,211,212,213,214,212,225,221,219,215,208,210,204,207,218,223,228,215,213,208,205,209,212,219,232,219,214,214,215,224,220,227,231,227,225,225,213,213,225,230,238,231,228,228,222,229,238,236,254,242,240,242,243,241,238,249,259,256,258,245,244,252,246,259],"rows":8,"seq":836,"status":[5,5,5,5,5,5,5,5,5,5,5,5,5,5,5,5,5,5,5,5,5,5,5,5,5,5,5,5,5,5,5,5,5,5,5,5,5,5,5,5,5,5,5,5,5,5,5,5,5,5,5,5,5,5,5,5,5,5,5,5,5,5,5,5],"t_ns":51236195952000}}
51248594472083	rest	depth	{"jsonrpc":"2.0","method":"tof.frame","params":{"at_us":62238071,"cols":8,"distance_mm":[225,219,211,210,209,212,216,223,224,217,213,213,209,207,216,213,221,214,214,212,203,210,216,214,227,224,212,215,220,218,214,220,233,227,221,216,220,209,224,224,249,241,228,230,222,232,231,239,250,250,238,228,247,238,246,249,273,262,252,253,260,244,261,268],"rows":8,"seq":837,"status":[5,5,5,5,5,5,5,5,5,5,5,5,5,5,5,5,5,5,5,5,5,5,5,5,5,5,5,5,5,5,5,5,5,5,5,5,5,5,5,5,5,5,5,5,5,5,5,5,5,5,5,5,5,5,5,5,5,5,5,5,5,5,5,5],"t_ns":51236267907000}}
51248669937000	rest	depth	{"jsonrpc":"2.0","method":"tof.frame","params":{"at_us":62315423,"cols":8,"distance_mm":[221,215,215,210,213,203,210,220,219,217,215,205,208,212,212,216,223,212,217,213,209,212,222,222,230,218,210,216,210,212,228,220,228,224,215,222,215,214,230,231,245,236,239,232,222,232,228,246,254,247,240,230,234,240,240,247,267,260,256,261,252,252,254,263],"rows":8,"seq":838,"status":[5,5,5,5,5,5,5,5,5,5,5,5,5,5,5,5,5,5,5,5,5,5,5,5,5,5,5,5,5,5,5,5,5,5,5,5,5,5,5,5,5,5,5,5,5,5,5,5,5,5,5,5,5,5,5,5,5,5,5,5,5,5,5,5],"t_ns":51236345259000}}
51248748196625	rest	depth	{"jsonrpc":"2.0","method":"tof.frame","params":{"at_us":62392716,"cols":8,"distance_mm":[225,219,209,216,213,205,223,216,223,216,209,210,205,209,212,222,217,215,220,210,215,211,221,218,228,223,212,215,213,219,223,227,235,221,218,220,221,221,221,231,241,240,230,223,224,223,227,232,262,249,237,237,243,236,245,250,269,266,259,248,246,252,252,267],"rows":8,"seq":839,"status":[5,5,5,5,5,5,5,5,5,5,5,5,5,5,5,5,5,5,5,5,5,5,5,5,5,5,5,5,5,5,5,5,5,5,5,5,5,5,5,5,5,5,5,5,5,5,5,5,5,5,5,5,5,5,5,5,5,5,5,5,5,5,5,5],"t_ns":51236422553000}}
51248825193208	rest	depth	{"jsonrpc":"2.0","method":"tof.frame","params":{"at_us":62468236,"cols":8,"distance_mm":[221,220,214,210,213,220,215,215,223,219,207,206,211,210,222,217,224,215,212,209,211,212,226,222,225,228,223,208,206,216,214,222,240,225,223,222,219,226,224,223,245,233,226,218,223,230,232,238,261,249,245,237,242,238,246,253,270,263,250,251,249,250,252,264],"rows":8,"seq":840,"status":[5,5,5,5,5,5,5,5,5,5,5,5,5,5,5,5,5,5,5,5,5,5,5,5,5,5,5,5,5,5,5,5,5,5,5,5,5,5,5,5,5,5,5,5,5,5,5,5,5,5,5,5,5,5,5,5,5,5,5,5,5,5,5,5],"t_ns":51236498073000}}
51248899728541	rest	depth	{"jsonrpc":"2.0","method":"tof.frame","params":{"at_us":62545568,"cols":8,"distance_mm":[222,216,217,218,215,215,220,232,221,225,212,209,207,207,209,220,228,217,213,212,202,216,217,217,228,221,214,206,214,213,217,224,235,238,219,224,216,216,226,233,249,240,230,226,228,231,229,233,257,242,241,245,230,240,243,256,276,262,253,248,250,252,257,261],"rows":8,"seq":841,"status":[5,5,5,5,5,5,5,5,5,5,5,5,5,5,5,5,5,5,5,5,5,5,5,5,5,5,5,5,5,5,5,5,5,5,5,5,5,5,5,5,5,5,5,5,5,5,5,5,5,5,5,5,5,5,5,5,5,5,5,5,5,5,5,5],"t_ns":51236575405000}}
51248977583250	rest	depth	{"jsonrpc":"2.0","method":"tof.frame","params":{"at_us":62622897,"cols":8,"distance_mm":[225,218,214,207,217,216,221,217,228,221,217,213,209,209,209,212,224,221,214,211,213,213,215,219,223,221,214,216,214,212,224,222,237,225,216,213,216,215,232,233,242,234,220,225,221,226,235,243,261,243,237,240,236,240,240,248,274,256,252,250,253,255,258,267],"rows":8,"seq":842,"status":[5,5,5,5,5,5,5,5,5,5,5,5,5,5,5,5,5,5,5,5,5,5,5,5,5,5,5,5,5,5,5,5,5,5,5,5,5,5,5,5,5,5,5,5,5,5,5,5,5,5,5,5,5,5,5,5,5,5,5,5,5,5,5,5],"t_ns":51236652735000}}
51249056217125	rest	depth	{"jsonrpc":"2.0","method":"tof.frame","params":{"at_us":62700235,"cols":8,"distance_mm":[228,221,215,212,221,208,220,220,230,220,212,208,211,220,210,215,225,216,220,208,214,214,209,218,233,221,217,210,214,218,221,226,228,223,218,215,223,217,224,230,239,237,227,223,223,232,226,238,258,240,231,239,238,240,246,254,268,258,260,250,252,256,253,271],"rows":8,"seq":843,"status":[5,5,5,5,5,5,5,5,5,5,5,5,5,5,5,5,5,5,5,5,5,5,5,5,5,5,5,5,5,5,5,5,5,5,5,5,5,5,5,5,5,5,5,5,5,5,5,5,5,5,5,5,5,5,5,5,5,5,5,5,5,5,5,5],"t_ns":51236730073000}}
51249124964166	rest	depth	{"jsonrpc":"2.0","method":"tof.frame","params":{"at_us":62768453,"cols":8,"distance_mm":[228,224,209,215,216,214,222,224,220,215,217,204,208,217,217,214,227,216,215,207,213,208,215,225,227,224,213,212,215,209,214,216,234,223,214,218,228,220,231,228,239,238,231,229,219,221,236,239,254,245,244,244,238,238,247,238,275,255,259,252,256,256,263,272],"rows":8,"seq":844,"status":[5,5,5,5,5,5,5,5,5,5,5,5,5,5,5,5,5,5,5,5,5,5,5,5,5,5,5,5,5,5,5,5,5,5,5,5,5,5,5,5,5,5,5,5,5,5,5,5,5,5,5,5,5,5,5,5,5,5,5,5,5,5,5,5],"t_ns":51236798291000}}
51249200699791	rest	depth	{"jsonrpc":"2.0","method":"tof.frame","params":{"at_us":62845705,"cols":8,"distance_mm":[232,219,215,211,210,213,212,217,226,219,212,211,202,213,206,218,227,216,217,209,207,213,217,218,231,224,213,211,208,216,225,224,234,232,218,217,218,215,225,229,242,239,228,227,225,227,234,240,254,254,238,230,238,240,243,243,268,270,259,248,242,249,262,261],"rows":8,"seq":845,"status":[5,5,5,5,5,5,5,5,5,5,5,5,5,5,5,5,5,5,5,5,5,5,5,5,5,5,5,5,5,5,5,5,5,5,5,5,5,5,5,5,5,5,5,5,5,5,5,5,5,5,5,5,5,5,5,5,5,5,5,5,5,5,5,5],"t_ns":51236875543000}}
51249269675458	rest	depth	{"jsonrpc":"2.0","method":"tof.frame","params":{"at_us":62913127,"cols":8,"distance_mm":[224,215,205,219,208,209,224,222,232,212,215,200,210,213,206,220,227,214,212,215,205,214,216,219,232,220,218,213,210,212,224,225,245,225,222,220,227,227,226,231,245,234,228,228,223,227,230,239,253,243,232,232,239,234,240,251,268,262,248,256,246,252,251,258],"rows":8,"seq":846,"status":[5,5,5,5,5,5,5,5,5,5,5,5,5,5,5,5,5,5,5,5,5,5,5,5,5,5,5,5,5,5,5,5,5,5,5,5,5,5,5,5,5,5,5,5,5,5,5,5,5,5,5,5,5,5,5,5,5,5,5,5,5,5,5,5],"t_ns":51236942966000}}
51249338276875	rest	depth	{"jsonrpc":"2.0","method":"tof.frame","params":{"at_us":62981748,"cols":8,"distance_mm":[227,219,215,213,209,208,212,223,226,220,213,214,211,207,208,219,225,211,208,210,210,206,209,223,227,222,209,225,210,219,219,219,234,220,217,227,222,220,225,223,247,238,223,223,227,229,231,240,257,250,241,235,236,241,238,253,265,270,256,248,257,245,261,265],"rows":8,"seq":847,"status":[5,5,5,5,5,5,5,5,5,5,5,5,5,5,5,5,5,5,5,5,5,5,5,5,5,5,5,5,5,5,5,5,5,5,5,5,5,5,5,5,5,5,5,5,5,5,5,5,5,5,5,5,5,5,5,5,5,5,5,5,5,5,5,5],"t_ns":51237011587000}}
51249415428916	rest	depth	{"jsonrpc":"2.0","method":"tof.frame","params":{"at_us":63059083,"cols":8,"distance_mm":[224,220,216,215,212,212,214,222,221,213,218,214,203,211,220,216,222,214,211,215,209,219,222,224,223,221,219,216,214,209,222,224,234,230,224,219,218,222,228,233,243,241,228,225,227,222,228,238,255,248,250,240,238,239,248,245,274,266,257,246,247,255,264,269],"rows":8,"seq":848,"status":[5,5,5,5,5,5,5,5,5,5,5,5,5,5,5,5,5,5,5,5,5,5,5,5,5,5,5,5,5,5,5,5,5,5,5,5,5,5,5,5,5,5,5,5,5,5,5,5,5,5,5,5,5,5,5,5,5,5,5,5,5,5,5,5],"t_ns":51237088923000}}
51249492899541	rest	depth	{"jsonrpc":"2.0","method":"tof.frame","params":{"at_us":63136350,"cols":8,"distance_mm":[225,219,210,213,203,210,211,215,214,219,205,212,212,210,213,216,237,224,224,210,206,208,214,220,230,224,216,211,215,212,217,227,243,228,225,218,212,213,218,226,248,231,235,227,221,229,234,242,248,249,240,243,230,240,241,261,277,263,249,254,248,258,258,272],"rows":8,"seq":849,"status":[5,5,5,5,5,5,5,5,5,5,5,5,5,5,5,5,5,5,5,5,5,5,5,5,5,5,5,5,5,5,5,5,5,5,5,5,5,5,5,5,5,5,5,5,5,5,5,5,5,5,5,5,5,5,5,5,5,5,5,5,5,5,5,5],"t_ns":51237166189000}}
51249565419583	rest	depth	{"jsonrpc":"2.0","method":"tof.frame","params":{"at_us":63209217,"cols":8,"distance_mm":[227,218,218,205,206,215,224,228,220,218,212,213,211,214,213,218,224,215,213,207,208,213,208,220,226,218,211,216,214,213,222,216,240,226,222,218,215,205,221,229,245,243,231,228,226,221,233,236,254,249,244,237,243,231,239,250,270,262,251,248,247,256,254,259],"rows":8,"seq":850,"status":[5,5,5,5,5,5,5,5,5,5,5,5,5,5,5,5,5,5,5,5,5,5,5,5,5,5,5,5,5,5,5,5,5,5,5,5,5,5,5,5,5,5,5,5,5,5,5,5,5,5,5,5,5,5,5,5,5,5,5,5,5,5,5,5],"t_ns":51237239057000}}
51249641024083	rest	depth	{"jsonrpc":"2.0","method":"tof.frame","params":{"at_us":63286604,"cols":8,"distance_mm":[228,217,205,212,214,207,217,228,224,214,214,213,213,207,212,222,222,228,210,209,210,209,209,216,232,225,212,210,207,211,214,227,237,231,226,218,228,216,231,232,245,245,228,229,227,222,227,240,254,255,244,235,234,238,250,248,270,262,256,251,254,253,254,264],"rows":8,"seq":851,"status":[5,5,5,5,5,5,5,5,5,5,5,5,5,5,5,5,5,5,5,5,5,5,5,5,5,5,5,5,5,5,5,5,5,5,5,5,5,5,5,5,5,5,5,5,5,5,5,5,5,5,5,5,5,5,5,5,5,5,5,5,5,5,5,5],"t_ns":51237316445000}}
51249715741125	rest	depth	{"jsonrpc":"2.0","method":"tof.frame","params":{"at_us":63361447,"cols":8,"distance_mm":[217,217,212,208,215,206,215,227,226,219,212,213,210,214,214,222,222,216,213,212,213,213,225,222,229,213,216,207,216,215,227,230,236,230,220,217,215,230,222,228,245,236,230,236,220,231,231,242,253,247,242,236,240,238,241,251,276,264,259,252,246,261,252,267],"rows":8,"seq":852,"status":[5,5,5,5,5,5,5,5,5,5,5,5,5,5,5,5,5,5,5,5,5,5,5,5,5,5,5,5,5,5,5,5,5,5,5,5,5,5,5,5,5,5,5,5,5,5,5,5,5,5,5,5,5,5,5,5,5,5,5,5,5,5,5,5],"t_ns":51237391288000}}
51249787410750	rest	depth	{"jsonrpc":"2.0","method":"tof.frame","params":{"at_us":63430905,"cols":8,"distance_mm":[222,223,213,216,210,212,220,227,229,216,212,212,202,215,214,214,228,216,215,212,211,208,215,221,231,219,216,213,214,217,212,224,238,227,217,217,221,223,228,229,249,233,235,226,223,225,227,237,255,252,240,237,233,231,248,252,265,265,256,252,247,253,264,268],"rows":8,"seq":853,"status":[5,5,5,5,5,5,5,5,5,5,5,5,5,5,5,5,5,5,5,5,5,5,5,5,5,5,5,5,5,5,5,5,5,5,5,5,5,5,5,5,5,5,5,5,5,5,5,5,5,5,5,5,5,5,5,5,5,5,5,5,5,5,5,5],"t_ns":51237460746000}}
51249856215958	rest	depth	{"jsonrpc":"2.0","method":"tof.frame","params":{"at_us":63500594,"cols":8,"distance_mm":[225,216,213,217,207,213,211,218,229,216,214,219,211,215,217,222,225,218,212,207,208,212,213,223,231,220,215,212,210,217,220,228,235,234,216,214,214,223,220,229,257,232,232,240,223,225,230,240,260,247,234,234,236,238,245,250,268,264,255,256,251,246,260,265],"rows":8,"seq":854,"status":[5,5,5,5,5,5,5,5,5,5,5,5,5,5,5,5,5,5,5,5,5,5,5,5,5,5,5,5,5,5,5,5,5,5,5,5,5,5,5,5,5,5,5,5,5,5,5,5,5,5,5,5,5,5,5,5,5,5,5,5,5,5,5,5],"t_ns":51237530436000}}
51249927092791	rest	depth	{"jsonrpc":"2.0","method":"tof.frame","params":{"at_us":63570612,"cols":8,"distance_mm":[223,218,211,212,208,211,213,219,226,223,212,215,211,206,213,217,228,216,209,207,206,211,216,219,234,219,217,217,210,210,221,220,238,219,226,220,220,216,221,236,237,234,233,234,229,226,229,239,250,243,249,242,235,244,246,247,275,259,259,252,250,256,251,269],"rows":8,"seq":855,"status":[5,5,5,5,5,5,5,5,5,5,5,5,5,5,5,5,5,5,5,5,5,5,5,5,5,5,5,5,5,5,5,5,5,5,5,5,5,5,5,5,5,5,5,5,5,5,5,5,5,5,5,5,5,5,5,5,5,5,5,5,5,5,5,5],"t_ns":51237600453000}}
51250002494166	rest	depth	{"jsonrpc":"2.0","method":"tof.frame","params":{"at_us":63647920,"cols":8,"distance_mm":[224,213,219,212,214,211,222,220,224,220,213,208,212,211,217,215,226,219,214,211,208,213,215,221,228,222,219,214,220,217,215,227,236,231,226,223,217,219,225,233,243,236,222,229,230,228,231,237,254,248,235,241,237,230,236,246,273,262,254,251,253,244,252,266],"rows":8,"seq":856,"status":[5,5,5,5,5,5,5,5,5,5,5,5,5,5,5,5,5,5,5,5,5,5,5,5,5,5,5,5,5,5,5,5,5,5,5,5,5,5,5,5,5,5,5,5,5,5,5,5,5,5,5,5,5,5,5,5,5,5,5,5,5,5,5,5],"t_ns":51237677762000}}
51250081915250	rest	depth	{"jsonrpc":"2.0","method":"tof.frame","params":{"at_us":63725222,"cols":8,"distance_mm":[227,219,217,215,211,207,212,221,226,225,212,209,209,218,215,224,224,220,219,212,208,217,210,221,227,211,221,213,205,214,225,226,234,228,222,220,224,217,225,234,246,239,234,229,231,233,237,237,256,248,250,238,234,239,247,248,257,259,250,255,249,250,261,270],"rows":8,"seq":857,"status":[5,5,5,5,5,5,5,5,5,5,5,5,5,5,5,5,5,5,5,5,5,5,5,5,5,5,5,5,5,5,5,5,5,5,5,5,5,5,5,5,5,5,5,5,5,5,5,5,5,5,5,5,5,5,5,5,5,5,5,5,5,5,5,5],"t_ns":51237755064000}}
51250156897208	rest	depth	{"jsonrpc":"2.0","method":"tof.frame","params":{"at_us":63802577,"cols":8,"distance_mm":[225,220,217,199,215,209,219,219,222,221,211,213,204,214,217,222,220,212,217,217,213,215,217,220,218,219,220,213,212,211,227,222,233,218,213,216,221,222,221,226,242,239,229,226,230,221,221,242,262,241,236,238,232,238,242,247,271,259,259,256,247,259,265,267],"rows":8,"seq":858,"status":[5,5,5,5,5,5,5,5,5,5,5,5,5,5,5,5,5,5,5,5,5,5,5,5,5,5,5,5,5,5,5,5,5,5,5,5,5,5,5,5,5,5,5,5,5,5,5,5,5,5,5,5,5,5,5,5,5,5,5,5,5,5,5,5],"t_ns":51237832420000}}
51250236612166	rest	depth	{"jsonrpc":"2.0","method":"tof.frame","params":{"at_us":63879929,"cols":8,"distance_mm":[234,222,217,216,206,219,204,218,219,219,214,207,207,211,205,217,223,221,215,213,209,216,217,219,226,228,216,216,209,216,215,225,235,224,216,215,218,217,218,225,245,235,231,227,225,223,225,234,256,245,238,236,232,240,235,247,271,268,255,248,243,252,250,265],"rows":8,"seq":859,"status":[5,5,5,5,5,5,5,5,5,5,5,5,5,5,5,5,5,5,5,5,5,5,5,5,5,5,5,5,5,5,5,5,5,5,5,5,5,5,5,5,5,5,5,5,5,5,5,5,5,5,5,5,5,5,5,5,5,5,5,5,5,5,5,5],"t_ns":51237909772000}}
51250307709500	rest	depth	{"jsonrpc":"2.0","method":"tof.frame","params":{"at_us":63951201,"cols":8,"distance_mm":[215,222,213,204,213,214,216,214,224,216,208,209,204,210,211,223,216,217,219,213,210,215,213,222,229,220,221,217,209,211,215,223,239,225,222,217,216,224,223,236,241,240,227,228,227,226,233,235,265,251,235,234,233,240,244,244,276,260,259,244,250,251,258,265],"rows":8,"seq":860,"status":[5,5,5,5,5,5,5,5,5,5,5,5,5,5,5,5,5,5,5,5,5,5,5,5,5,5,5,5,5,5,5,5,5,5,5,5,5,5,5,5,5,5,5,5,5,5,5,5,5,5,5,5,5,5,5,5,5,5,5,5,5,5,5,5],"t_ns":51237981045000}}
51250374694666	rest	depth	{"jsonrpc":"2.0","method":"tof.frame","params":{"at_us":64018724,"cols":8,"distance_mm":[220,217,220,214,215,213,211,224,221,220,210,208,214,214,219,220,217,220,217,214,209,215,213,223,226,220,219,209,209,216,221,229,235,225,224,219,226,225,226,222,241,240,225,237,228,231,230,240,259,244,243,238,233,240,241,249,274,259,258,255,252,248,251,266],"rows":8,"seq":861,"status":[5,5,5,5,5,5,5,5,5,5,5,5,5,5,5,5,5,5,5,5,5,5,5,5,5,5,5,5,5,5,5,5,5,5,5,5,5,5,5,5,5,5,5,5,5,5,5,5,5,5,5,5,5,5,5,5,5,5,5,5,5,5,5,5],"t_ns":51238048568000}}
51250451566458	rest	depth	{"jsonrpc":"2.0","method":"tof.frame","params":{"at_us":64096005,"cols":8,"distance_mm":[222,219,211,209,212,215,218,219,227,224,212,214,214,201,215,216,227,227,211,208,215,209,222,219,234,219,213,214,216,210,226,227,240,228,220,211,225,221,221,232,243,240,234,223,224,228,230,242,252,242,246,235,238,237,240,246,267,257,258,253,249,250,258,260],"rows":8,"seq":862,"status":[5,5,5,5,5,5,5,5,5,5,5,5,5,5,5,5,5,5,5,5,5,5,5,5,5,5,5,5,5,5,5,5,5,5,5,5,5,5,5,5,5,5,5,5,5,5,5,5,5,5,5,5,5,5,5,5,5,5,5,5,5,5,5,5],"t_ns":51238125849000}}
51250528485875	rest	depth	{"jsonrpc":"2.0","method":"tof.frame","params":{"at_us":64173239,"cols":8,"distance_mm":[229,216,214,215,215,213,216,222,232,219,213,220,214,221,214,218,226,221,214,214,207,213,216,219,227,223,213,212,210,220,223,224,241,231,224,221,225,222,224,229,244,237,231,222,225,221,230,236,250,245,242,234,233,241,242,252,263,265,255,251,255,252,255,265],"rows":8,"seq":863,"status":[5,5,5,5,5,5,5,5,5,5,5,5,5,5,5,5,5,5,5,5,5,5,5,5,5,5,5,5,5,5,5,5,5,5,5,5,5,5,5,5,5,5,5,5,5,5,5,5,5,5,5,5,5,5,5,5,5,5,5,5,5,5,5,5],"t_ns":51238203083000}}
51250598790958	rest	depth	{"jsonrpc":"2.0","method":"tof.frame","params":{"at_us":64242275,"cols":8,"distance_mm":[233,215,216,209,207,218,205,218,221,217,216,210,204,210,213,219,224,215,216,212,210,212,218,226,228,220,208,216,213,220,224,235,238,231,227,222,213,224,218,230,237,234,229,226,222,217,231,237,260,255,229,242,228,238,238,248,267,261,259,255,247,246,254,269],"rows":8,"seq":864,"status":[5,5,5,5,5,5,5,5,5,5,5,5,5,5,5,5,5,5,5,5,5,5,5,5,5,5,5,5,5,5,5,5,5,5,5,5,5,5,5,5,5,5,5,5,5,5,5,5,5,5,5,5,5,5,5,5,5,5,5,5,5,5,5,5],"t_ns":51238272119000}}
51250674314750	rest	depth	{"jsonrpc":"2.0","method":"tof.frame","params":{"at_us":64319462,"cols":8,"distance_mm":[223,212,217,206,212,220,215,221,224,208,205,210,211,214,220,218,226,215,212,219,222,214,215,222,226,219,218,211,214,221,219,225,233,229,219,225,220,221,230,227,234,231,224,220,226,225,232,244,251,242,237,234,232,240,246,243,272,258,256,253,253,256,256,266],"rows":8,"seq":865,"status":[5,5,5,5,5,5,5,5,5,5,5,5,5,5,5,5,5,5,5,5,5,5,5,5,5,5,5,5,5,5,5,5,5,5,5,5,5,5,5,5,5,5,5,5,5,5,5,5,5,5,5,5,5,5,5,5,5,5,5,5,5,5,5,5],"t_ns":51238349307000}}
51250742995708	rest	depth	{"jsonrpc":"2.0","method":"tof.frame","params":{"at_us":64387768,"cols":8,"distance_mm":[228,212,213,215,206,211,214,228,234,217,215,213,212,208,213,221,227,220,218,206,211,207,215,217,227,222,213,213,209,220,225,216,234,229,215,218,223,221,225,228,243,241,231,231,221,230,233,242,258,252,239,234,234,249,244,250,272,260,250,249,246,254,257,265],"rows":8,"seq":866,"status":[5,5,5,5,5,5,5,5,5,5,5,5,5,5,5,5,5,5,5,5,5,5,5,5,5,5,5,5,5,5,5,5,5,5,5,5,5,5,5,5,5,5,5,5,5,5,5,5,5,5,5,5,5,5,5,5,5,5,5,5,5,5,5,5],"t_ns":51238417613000}}
51250820370041	rest	depth	{"jsonrpc":"2.0","method":"tof.frame","params":{"at_us":64465029,"cols":8,"distance_mm":[231,217,217,213,208,213,219,227,226,216,216,208,211,206,208,223,227,218,219,207,215,217,218,220,223,223,211,217,217,215,217,225,228,230,224,219,221,223,227,235,248,230,236,225,222,220,227,249,254,251,244,240,236,237,239,246,271,259,254,247,253,254,264,270],"rows":8,"seq":867,"status":[5,5,5,5,5,5,5,5,5,5,5,5,5,5,5,5,5,5,5,5,5,5,5,5,5,5,5,5,5,5,5,5,5,5,5,5,5,5,5,5,5,5,5,5,5,5,5,5,5,5,5,5,5,5,5,5,5,5,5,5,5,5,5,5],"t_ns":51238494875000}}
51250898225958	rest	depth	{"jsonrpc":"2.0","method":"tof.frame","params":{"at_us":64542239,"cols":8,"distance_mm":[225,222,219,212,207,207,218,220,229,221,213,207,213,212,213,214,226,221,209,215,211,207,221,223,222,219,217,217,215,221,224,222,235,226,221,217,216,220,233,226,237,231,239,231,225,229,229,242,244,251,237,238,238,240,243,251,267,263,257,249,246,251,260,273],"rows":8,"seq":868,"status":[5,5,5,5,5,5,5,5,5,5,5,5,5,5,5,5,5,5,5,5,5,5,5,5,5,5,5,5,5,5,5,5,5,5,5,5,5,5,5,5,5,5,5,5,5,5,5,5,5,5,5,5,5,5,5,5,5,5,5,5,5,5,5,5],"t_ns":51238572085000}}
51250973427208	rest	depth	{"jsonrpc":"2.0","method":"tof.frame","params":{"at_us":64618893,"cols":8,"distance_mm":[225,215,217,213,209,207,217,226,223,215,209,207,216,214,211,213,224,213,208,209,213,206,211,219,224,221,222,214,216,216,213,230,235,224,227,212,224,219,232,227,238,236,232,231,227,223,236,237,254,252,243,240,229,232,247,250,270,258,249,250,259,252,254,268],"rows":8,"seq":869,"status":[5,5,5,5,5,5,5,5,5,5,5,5,5,5,5,5,5,5,5,5,5,5,5,5,5,5,5,5,5,5,5,5,5,5,5,5,5,5,5,5,5,5,5,5,5,5,5,5,5,5,5,5,5,5,5,5,5,5,5,5,5,5,5,5],"t_ns":51238648739000}}
51251051616583	rest	depth	{"jsonrpc":"2.0","method":"tof.frame","params":{"at_us":64696266,"cols":8,"distance_mm":[226,224,223,209,206,205,221,218,228,217,210,199,213,214,212,219,217,224,208,209,208,212,221,222,233,222,223,213,212,212,215,222,240,227,225,214,218,219,220,228,245,233,227,215,220,231,236,237,261,247,243,242,234,233,242,251,267,257,253,248,249,254,255,270],"rows":8,"seq":870,"status":[5,5,5,5,5,5,5,5,5,5,5,5,5,5,5,5,5,5,5,5,5,5,5,5,5,5,5,5,5,5,5,5,5,5,5,5,5,5,5,5,5,5,5,5,5,5,5,5,5,5,5,5,5,5,5,5,5,5,5,5,5,5,5,5],"t_ns":51238726113000}}
51251129055041	rest	depth	{"jsonrpc":"2.0","method":"tof.frame","params":{"at_us":64773608,"cols":8,"distance_mm":[218,222,216,214,214,213,208,222,218,215,217,207,214,207,217,222,226,221,210,210,212,216,218,215,227,221,215,215,215,218,220,220,234,230,218,220,227,218,228,217,241,236,229,224,224,225,236,240,254,244,242,241,231,241,246,247,277,257,251,255,247,255,265,255],"rows":8,"seq":871,"status":[5,5,5,5,5,5,5,5,5,5,5,5,5,5,5,5,5,5,5,5,5,5,5,5,5,5,5,5,5,5,5,5,5,5,5,5,5,5,5,5,5,5,5,5,5,5,5,5,5,5,5,5,5,5,5,5,5,5,5,5,5,5,5,5],"t_ns":51238803455000}}
51251204519833	rest	depth	{"jsonrpc":"2.0","method":"tof.frame","params":{"at_us":64849685,"cols":8,"distance_mm":[223,219,215,213,211,216,215,218,223,208,211,207,207,209,218,223,224,212,212,210,208,207,213,230,226,221,214,219,211,216,215,222,236,237,225,219,219,222,222,228,246,233,232,228,227,232,230,234,252,255,236,240,240,236,245,244,270,261,254,253,259,253,255,267],"rows":8,"seq":872,"status":[5,5,5,5,5,5,5,5,5,5,5,5,5,5,5,5,5,5,5,5,5,5,5,5,5,5,5,5,5,5,5,5,5,5,5,5,5,5,5,5,5,5,5,5,5,5,5,5,5,5,5,5,5,5,5,5,5,5,5,5,5,5,5,5],"t_ns":51238879532000}}
51251278805458	rest	depth	{"jsonrpc":"2.0","method":"tof.frame","params":{"at_us":64923033,"cols":8,"distance_mm":[223,212,208,214,208,214,215,219,221,219,221,209,210,209,208,216,224,215,211,210,208,214,211,211,231,222,222,223,208,223,214,224,231,228,216,219,210,225,228,226,245,235,223,231,224,230,230,244,252,245,238,230,235,235,240,246,266,265,256,249,248,247,259,255],"rows":8,"seq":873,"status":[5,5,5,5,5,5,5,5,5,5,5,5,5,5,5,5,5,5,5,5,5,5,5,5,5,5,5,5,5,5,5,5,5,5,5,5,5,5,5,5,5,5,5,5,5,5,5,5,5,5,5,5,5,5,5,5,5,5,5,5,5,5,5,5],"t_ns":51238952880000}}
51251347943583	rest	depth	{"jsonrpc":"2.0","method":"tof.frame","params":{"at_us":64991443,"cols":8,"distance_mm":[227,224,206,211,202,208,207,216,222,219,214,205,205,209,217,225,224,212,220,208,205,206,217,219,233,224,217,202,215,213,223,229,244,226,218,221,220,225,218,229,241,238,227,224,225,225,228,234,254,255,244,234,235,231,242,252,264,258,261,254,258,248,259,262],"rows":8,"seq":874,"status":[5,5,5,5,5,5,5,5,5,5,5,5,5,5,5,5,5,5,5,5,5,5,5,5,5,5,5,5,5,5,5,5,5,5,5,5,5,5,5,5,5,5,5,5,5,5,5,5,5,5,5,5,5,5,5,5,5,5,5,5,5,5,5,5],"t_ns":51239021290000}}
51251425144833	rest	depth	{"jsonrpc":"2.0","method":"tof.frame","params":{"at_us":65068702,"cols":8,"distance_mm":[220,223,216,208,209,215,222,218,222,220,208,211,214,219,212,220,221,216,217,213,203,211,207,221,227,226,209,214,222,213,218,223,240,231,225,219,211,222,225,231,239,244,224,226,225,230,233,237,255,242,244,240,238,238,240,254,274,260,261,245,248,252,261,262],"rows":8,"seq":875,"status":[5,5,5,5,5,5,5,5,5,5,5,5,5,5,5,5,5,5,5,5,5,5,5,5,5,5,5,5,5,5,5,5,5,5,5,5,5,5,5,5,5,5,5,5,5,5,5,5,5,5,5,5,5,5,5,5,5,5,5,5,5,5,5,5],"t_ns":51239098550000}}
51251496907375	rest	depth	{"jsonrpc":"2.0","method":"tof.frame","params":{"at_us":65140483,"cols":8,"distance_mm":[224,220,212,221,217,215,221,222,227,228,213,213,206,215,218,220,224,220,213,207,213,211,219,220,233,227,221,215,217,213,217,222,237,222,216,218,210,216,224,225,249,235,229,229,234,229,232,236,257,252,240,237,234,232,249,247,277,256,262,247,244,251,248,269],"rows":8,"seq":876,"status":[5,5,5,5,5,5,5,5,5,5,5,5,5,5,5,5,5,5,5,5,5,5,5,5,5,5,5,5,5,5,5,5,5,5,5,5,5,5,5,5,5,5,5,5,5,5,5,5,5,5,5,5,5,5,5,5,5,5,5,5,5,5,5,5],"t_ns":51239170331000}}
51251573477458	rest	depth	{"jsonrpc":"2.0","method":"tof.frame","params":{"at_us":65217868,"cols":8,"distance_mm":[225,222,217,214,207,217,220,222,221,222,211,211,208,209,210,224,218,221,214,211,207,210,208,214,233,226,213,213,213,220,220,212,240,231,223,219,220,215,224,228,238,238,230,222,223,229,232,234,259,248,240,242,235,246,241,245,274,257,253,255,253,246,256,252],"rows":8,"seq":877,"status":[5,5,5,5,5,5,5,5,5,5,5,5,5,5,5,5,5,5,5,5,5,5,5,5,5,5,5,5,5,5,5,5,5,5,5,5,5,5,5,5,5,5,5,5,5,5,5,5,5,5,5,5,5,5,5,5,5,5,5,5,5,5,5,5],"t_ns":51239247716000}}
51251650549708	rest	depth	{"jsonrpc":"2.0","method":"tof.frame","params":{"at_us":65293817,"cols":8,"distance_mm":[223,212,222,215,207,214,209,222,218,222,218,216,214,210,217,222,219,218,211,215,217,215,212,224,228,217,216,211,214,209,220,225,230,225,223,213,221,221,225,230,239,231,230,226,227,226,231,238,254,244,242,235,237,239,245,247,275,265,253,252,253,261,259,263],"rows":8,"seq":878,"status":[5,5,5,5,5,5,5,5,5,5,5,5,5,5,5,5,5,5,5,5,5,5,5,5,5,5,5,5,5,5,5,5,5,5,5,5,5,5,5,5,5,5,5,5,5,5,5,5,5,5,5,5,5,5,5,5,5,5,5,5,5,5,5,5],"t_ns":51239323666000}}
51251723120166	rest	depth	{"jsonrpc":"2.0","method":"tof.frame","params":{"at_us":65366222,"cols":8,"distance_mm":[226,212,212,217,213,213,217,215,225,219,213,205,220,213,217,226,230,217,212,214,207,218,213,221,231,220,223,214,212,219,216,213,237,228,221,223,218,219,226,225,248,235,235,224,225,232,237,240,260,248,236,240,234,235,242,253,269,259,251,250,254,258,266,271],"rows":8,"seq":879,"status":[5,5,5,5,5,5,5,5,5,5,5,5,5,5,5,5,5,5,5,5,5,5,5,5,5,5,5,5,5,5,5,5,5,5,5,5,5,5,5,5,5,5,5,5,5,5,5,5,5,5,5,5,5,5,5,5,5,5,5,5,5,5,5,5],"t_ns":51239396072000}}
51251792716916	rest	depth	{"jsonrpc":"2.0","method":"tof.frame","params":{"at_us":65437645,"cols":8,"distance_mm":[224,218,209,210,209,212,211,223,236,217,209,210,210,217,213,229,223,219,214,206,214,213,213,217,231,221,216,216,215,215,215,229,236,227,218,222,223,220,219,229,249,240,224,228,219,226,233,239,256,241,240,240,238,241,236,247,269,262,257,251,251,257,257,265],"rows":8,"seq":880,"status":[5,5,5,5,5,5,5,5,5,5,5,5,5,5,5,5,5,5,5,5,5,5,5,5,5,5,5,5,5,5,5,5,5,5,5,5,5,5,5,5,5,5,5,5,5,5,5,5,5,5,5,5,5,5,5,5,5,5,5,5,5,5,5,5],"t_ns":51239467494000}}
51251867096708	rest	depth	{"jsonrpc":"2.0","method":"tof.frame","params":{"at_us":65510623,"cols":8,"distance_mm":[230,216,212,214,212,216,215,218,223,214,217,209,210,215,209,221,230,222,207,213,206,209,216,223,223,217,212,207,216,207,218,225,234,230,223,219,220,220,225,231,240,243,238,226,216,228,234,236,249,248,241,236,238,231,246,239,271,260,261,248,255,249,253,264],"rows":8,"seq":881,"status":[5,5,5,5,5,5,5,5,5,5,5,5,5,5,5,5,5,5,5,5,5,5,5,5,5,5,5,5,5,5,5,5,5,5,5,5,5,5,5,5,5,5,5,5,5,5,5,5,5,5,5,5,5,5,5,5,5,5,5,5,5,5,5,5],"t_ns":51239540473000}}
51251942934875	rest	depth	{"jsonrpc":"2.0","method":"tof.frame","params":{"at_us":65585927,"cols":8,"distance_mm":[219,220,209,216,206,213,217,220,226,219,209,210,211,211,220,218,224,219,212,212,213,206,214,222,229,227,216,211,223,218,216,226,235,228,232,221,216,217,227,229,247,231,231,219,221,223,226,239,250,238,241,244,231,234,243,245,271,260,259,246,247,252,266,261],"rows":8,"seq":882,"status":[5,5,5,5,5,5,5,5,5,5,5,5,5,5,5,5,5,5,5,5,5,5,5,5,5,5,5,5,5,5,5,5,5,5,5,5,5,5,5,5,5,5,5,5,5,5,5,5,5,5,5,5,5,5,5,5,5,5,5,5,5,5,5,5],"t_ns":51239615777000}}
51252013596083	rest	depth	{"jsonrpc":"2.0","method":"tof.frame","params":{"at_us":65657489,"cols":8,"distance_mm":[233,210,217,210,213,209,214,228,219,217,212,215,212,209,208,220,224,222,215,216,209,213,207,221,233,231,209,220,214,216,213,224,243,227,219,219,219,215,222,234,254,239,228,233,228,233,235,242,259,246,237,241,235,241,241,251,270,262,257,250,248,255,256,262],"rows":8,"seq":883,"status":[5,5,5,5,5,5,5,5,5,5,5,5,5,5,5,5,5,5,5,5,5,5,5,5,5,5,5,5,5,5,5,5,5,5,5,5,5,5,5,5,5,5,5,5,5,5,5,5,5,5,5,5,5,5,5,5,5,5,5,5,5,5,5,5],"t_ns":51239687340000}}
51252087991875	rest	depth	{"jsonrpc":"2.0","method":"tof.frame","params":{"at_us":65733428,"cols":8,"distance_mm":[228,218,209,208,212,212,210,216,226,217,213,213,215,216,213,215,225,217,213,208,212,211,214,220,222,221,216,211,223,215,224,220,236,229,222,218,221,220,224,232,250,232,226,227,232,226,235,238,259,250,240,239,232,234,238,248,268,266,257,254,253,253,257,255],"rows":8,"seq":884,"status":[5,5,5,5,5,5,5,5,5,5,5,5,5,5,5,5,5,5,5,5,5,5,5,5,5,5,5,5,5,5,5,5,5,5,5,5,5,5,5,5,5,5,5,5,5,5,5,5,5,5,5,5,5,5,5,5,5,5,5,5,5,5,5,5],"t_ns":51239763278000}}
51252156903291	rest	depth	{"jsonrpc":"2.0","method":"tof.frame","params":{"at_us":65801219,"cols":8,"distance_mm":[224,226,211,211,214,214,214,224,227,214,211,208,210,204,212,230,235,221,206,218,211,217,218,220,233,218,219,217,215,214,213,228,238,227,217,221,225,223,220,231,244,227,230,227,229,228,237,250,254,242,243,236,239,240,240,253,277,266,257,250,253,253,264,259],"rows":8,"seq":885,"status":[5,5,5,5,5,5,5,5,5,5,5,5,5,5,5,5,5,5,5,5,5,5,5,5,5,5,5,5,5,5,5,5,5,5,5,5,5,5,5,5,5,5,5,5,5,5,5,5,5,5,5,5,5,5,5,5,5,5,5,5,5,5,5,5],"t_ns":51239831070000}}
51252228056333	rest	depth	{"jsonrpc":"2.0","method":"tof.frame","params":{"at_us":65873528,"cols":8,"distance_mm":[230,215,217,219,218,208,217,217,225,218,211,211,212,211,208,223,226,225,210,208,208,202,215,220,235,229,222,213,210,220,211,222,231,228,227,216,218,216,227,223,240,235,231,236,224,229,231,233,257,251,234,235,234,236,243,258,270,267,260,244,243,257,257,260],"rows":8,"seq":886,"status":[5,5,5,5,5,5,5,5,5,5,5,5,5,5,5,5,5,5,5,5,5,5,5,5,5,5,5,5,5,5,5,5,5,5,5,5,5,5,5,5,5,5,5,5,5,5,5,5,5,5,5,5,5,5,5,5,5,5,5,5,5,5,5,5],"t_ns":51239903379000}}
51252306613375	rest	depth	{"jsonrpc":"2.0","method":"tof.frame","params":{"at_us":65952209,"cols":8,"distance_mm":[222,224,220,217,215,213,219,219,227,220,210,207,218,210,204,226,227,219,222,216,219,214,224,220,233,228,217,221,218,209,215,225,241,227,217,218,215,217,223,235,247,230,229,227,223,220,230,239,255,246,240,228,234,241,247,245,275,266,254,258,250,253,260,264],"rows":8,"seq":887,"status":[5,5,5,5,5,5,5,5,5,5,5,5,5,5,5,5,5,5,5,5,5,5,5,5,5,5,5,5,5,5,5,5,5,5,5,5,5,5,5,5,5,5,5,5,5,5,5,5,5,5,5,5,5,5,5,5,5,5,5,5,5,5,5,5],"t_ns":51239982061000}}
51252384689583	rest	depth	{"jsonrpc":"2.0","method":"tof.frame","params":{"at_us":66028692,"cols":8,"distance_mm":[224,220,212,207,212,211,211,220,223,219,213,211,214,205,208,220,223,217,214,211,215,211,210,225,229,210,219,216,209,214,214,222,231,234,226,225,221,223,223,226,235,234,224,229,215,231,244,242,254,247,243,240,242,243,244,249,277,262,254,250,259,253,263,261],"rows":8,"seq":888,"status":[5,5,5,5,5,5,5,5,5,5,5,5,5,5,5,5,5,5,5,5,5,5,5,5,5,5,5,5,5,5,5,5,5,5,5,5,5,5,5,5,5,5,5,5,5,5,5,5,5,5,5,5,5,5,5,5,5,5,5,5,5,5,5,5],"t_ns":51240058544000}}
51252462718083	rest	depth	{"jsonrpc":"2.0","method":"tof.frame","params":{"at_us":66106177,"cols":8,"distance_mm":[228,223,225,208,209,204,216,218,223,227,215,213,207,213,218,219,220,214,208,211,209,209,219,209,238,224,223,215,215,219,217,224,237,235,228,216,213,218,231,224,244,235,232,227,233,228,236,245,256,241,233,243,234,243,239,249,270,265,252,255,246,256,251,261],"rows":8,"seq":889,"status":[5,5,5,5,5,5,5,5,5,5,5,5,5,5,5,5,5,5,5,5,5,5,5,5,5,5,5,5,5,5,5,5,5,5,5,5,5,5,5,5,5,5,5,5,5,5,5,5,5,5,5,5,5,5,5,5,5,5,5,5,5,5,5,5],"t_ns":51240136029000}}
51252535223791	rest	depth	{"jsonrpc":"2.0","method":"tof.frame","params":{"at_us":66178370,"cols":8,"distance_mm":[220,215,218,211,210,209,214,219,232,218,212,212,205,214,212,220,231,209,212,206,217,212,215,212,236,216,212,206,214,210,209,225,231,229,220,223,222,216,222,227,241,237,224,234,217,228,237,238,254,244,247,241,234,239,235,254,278,265,262,249,259,263,254,264],"rows":8,"seq":890,"status":[5,5,5,5,5,5,5,5,5,5,5,5,5,5,5,5,5,5,5,5,5,5,5,5,5,5,5,5,5,5,5,5,5,5,5,5,5,5,5,5,5,5,5,5,5,5,5,5,5,5,5,5,5,5,5,5,5,5,5,5,5,5,5,5],"t_ns":51240208223000}}
51252600415208	rest	depth	{"jsonrpc":"2.0","method":"tof.frame","params":{"at_us":66246047,"cols":8,"distance_mm":[228,214,209,212,211,210,215,229,228,212,210,213,207,212,214,219,228,217,217,216,210,212,220,218,228,224,218,209,216,208,223,234,230,226,223,226,224,222,226,232,252,241,236,227,225,225,229,241,246,247,238,232,226,232,243,256,281,258,249,258,247,252,255,260],"rows":8,"seq":891,"status":[5,5,5,5,5,5,5,5,5,5,5,5,5,5,5,5,5,5,5,5,5,5,5,5,5,5,5,5,5,5,5,5,5,5,5,5,5,5,5,5,5,5,5,5,5,5,5,5,5,5,5,5,5,5,5,5,5,5,5,5,5,5,5,5],"t_ns":51240275900000}}
51252669800083	rest	depth	{"jsonrpc":"2.0","method":"tof.frame","params":{"at_us":66313779,"cols":8,"distance_mm":[227,219,213,211,218,206,220,217,229,216,204,214,207,209,214,221,230,215,209,214,207,212,215,224,233,230,218,210,211,203,219,224,240,227,225,219,219,226,215,228,236,240,233,222,223,224,237,238,265,243,242,234,238,239,246,254,271,257,256,253,252,253,252,266],"rows":8,"seq":892,"status":[5,5,5,5,5,5,5,5,5,5,5,5,5,5,5,5,5,5,5,5,5,5,5,5,5,5,5,5,5,5,5,5,5,5,5,5,5,5,5,5,5,5,5,5,5,5,5,5,5,5,5,5,5,5,5,5,5,5,5,5,5,5,5,5],"t_ns":51240343632000}}
51252737930583	rest	depth	{"jsonrpc":"2.0","method":"tof.frame","params":{"at_us":66381317,"cols":8,"distance_mm":[222,221,214,213,209,222,215,218,223,212,209,211,205,209,219,225,227,214,213,207,205,214,214,218,230,224,219,229,217,216,225,222,237,226,223,215,220,218,230,219,237,239,230,233,228,222,229,232,255,246,240,241,232,237,242,248,267,261,257,250,255,252,256,265],"rows":8,"seq":893,"status":[5,5,5,5,5,5,5,5,5,5,5,5,5,5,5,5,5,5,5,5,5,5,5,5,5,5,5,5,5,5,5,5,5,5,5,5,5,5,5,5,5,5,5,5,5,5,5,5,5,5,5,5,5,5,5,5,5,5,5,5,5,5,5,5],"t_ns":51240411171000}}
51252803986916	rest	depth	{"jsonrpc":"2.0","method":"tof.frame","params":{"at_us":66449099,"cols":8,"distance_mm":[224,221,221,217,211,206,219,212,232,208,211,203,212,223,215,225,231,217,213,212,211,216,217,226,234,223,217,217,210,214,223,225,239,235,223,223,215,224,229,223,252,230,225,223,226,225,225,239,253,251,237,239,242,231,246,244,270,272,256,241,249,252,257,270],"rows":8,"seq":894,"status":[5,5,5,5,5,5,5,5,5,5,5,5,5,5,5,5,5,5,5,5,5,5,5,5,5,5,5,5,5,5,5,5,5,5,5,5,5,5,5,5,5,5,5,5,5,5,5,5,5,5,5,5,5,5,5,5,5,5,5,5,5,5,5,5],"t_ns":51240478953000}}
51252878632708	rest	depth	{"jsonrpc":"2.0","method":"tof.frame","params":{"at_us":66523141,"cols":8,"distance_mm":[223,216,217,207,214,207,215,226,219,221,212,204,206,208,212,222,225,224,212,209,204,212,220,216,231,224,214,205,212,216,217,220,230,222,228,219,212,223,222,228,245,235,229,229,231,222,230,241,259,244,238,230,231,238,244,251,277,257,253,251,249,252,254,263],"rows":8,"seq":895,"status":[5,5,5,5,5,5,5,5,5,5,5,5,5,5,5,5,5,5,5,5,5,5,5,5,5,5,5,5,5,5,5,5,5,5,5,5,5,5,5,5,5,5,5,5,5,5,5,5,5,5,5,5,5,5,5,5,5,5,5,5,5,5,5,5],"t_ns":51240552996000}}
51252956138916	rest	depth	{"jsonrpc":"2.0","method":"tof.frame","params":{"at_us":66600529,"cols":8,"distance_mm":[223,216,215,212,216,215,217,218,224,218,209,217,207,218,208,220,221,221,220,205,218,217,214,217,225,219,222,210,210,218,223,219,227,231,215,219,213,222,227,234,243,238,230,230,218,227,225,238,252,251,245,238,241,235,242,254,275,258,260,256,242,255,252,263],"rows":8,"seq":896,"status":[5,5,5,5,5,5,5,5,5,5,5,5,5,5,5,5,5,5,5,5,5,5,5,5,5,5,5,5,5,5,5,5,5,5,5,5,5,5,5,5,5,5,5,5,5,5,5,5,5,5,5,5,5,5,5,5,5,5,5,5,5,5,5,5],"t_ns":51240630384000}}
51253024871333	rest	depth	{"jsonrpc":"2.0","method":"tof.frame","params":{"at_us":66667846,"cols":8,"distance_mm":[222,215,218,207,210,215,212,218,223,211,217,214,204,205,207,223,225,218,216,209,207,213,214,218,226,217,220,219,213,221,223,222,229,221,220,217,221,226,220,228,239,232,238,228,228,224,232,233,257,247,236,235,235,247,243,255,276,261,251,249,246,249,263,266],"rows":8,"seq":897,"status":[5,5,5,5,5,5,5,5,5,5,5,5,5,5,5,5,5,5,5,5,5,5,5,5,5,5,5,5,5,5,5,5,5,5,5,5,5,5,5,5,5,5,5,5,5,5,5,5,5,5,5,5,5,5,5,5,5,5,5,5,5,5,5,5],"t_ns":51240697701000}}
51253098739958	rest	depth	{"jsonrpc":"2.0","method":"tof.frame","params":{"at_us":66742519,"cols":8,"distance_mm":[225,222,210,208,210,213,219,220,220,215,214,213,210,210,209,219,225,217,215,206,215,209,218,222,233,218,210,214,209,225,211,220,232,229,221,220,211,218,227,231,251,235,225,226,224,230,231,232,249,247,239,235,237,237,239,249,274,267,256,250,253,256,249,265],"rows":8,"seq":898,"status":[5,5,5,5,5,5,5,5,5,5,5,5,5,5,5,5,5,5,5,5,5,5,5,5,5,5,5,5,5,5,5,5,5,5,5,5,5,5,5,5,5,5,5,5,5,5,5,5,5,5,5,5,5,5,5,5,5,5,5,5,5,5,5,5],"t_ns":51240772374000}}
51253165238708	rest	depth	{"jsonrpc":"2.0","method":"tof.frame","params":{"at_us":66810428,"cols":8,"distance_mm":[228,216,212,210,208,213,221,218,223,218,212,218,210,209,211,224,232,215,210,211,214,213,211,221,228,217,223,216,217,212,225,226,237,225,222,226,215,223,231,223,242,230,231,221,225,225,226,238,258,246,243,239,236,235,252,248,278,269,258,245,251,256,256,270],"rows":8,"seq":899,"status":[5,5,5,5,5,5,5,5,5,5,5,5,5,5,5,5,5,5,5,5,5,5,5,5,5,5,5,5,5,5,5,5,5,5,5,5,5,5,5,5,5,5,5,5,5,5,5,5,5,5,5,5,5,5,5,5,5,5,5,5,5,5,5,5],"t_ns":51240840284000}}
51253235010791	rest	depth	{"jsonrpc":"2.0","method":"tof.frame","params":{"at_us":66878374,"cols":8,"distance_mm":[218,216,216,204,211,214,220,229,223,215,208,211,208,209,208,218,226,217,206,213,205,213,216,219,221,228,219,212,213,211,217,214,232,223,224,221,220,224,224,226,235,229,238,229,232,227,235,239,257,252,242,237,242,241,246,245,274,259,255,251,250,253,257,260],"rows":8,"seq":900,"status":[5,5,5,5,5,5,5,5,5,5,5,5,5,5,5,5,5,5,5,5,5,5,5,5,5,5,5,5,5,5,5,5,5,5,5,5,5,5,5,5,5,5,5,5,5,5,5,5,5,5,5,5,5,5,5,5,5,5,5,5,5,5,5,5],"t_ns":51240908230000}}
51253306378000	rest	depth	{"jsonrpc":"2.0","method":"tof.frame","params":{"at_us":66949448,"cols":8,"distance_mm":[224,220,211,211,203,210,225,227,226,219,216,212,207,215,210,216,226,217,214,205,213,210,217,222,230,219,215,218,212,219,217,224,235,230,221,216,214,220,222,232,249,238,235,228,229,228,228,241,258,241,234,239,244,230,243,242,271,259,254,251,255,252,254,264],"rows":8,"seq":901,"status":[5,5,5,5,5,5,5,5,5,5,5,5,5,5,5,5,5,5,5,5,5,5,5,5,5,5,5,5,5,5,5,5,5,5,5,5,5,5,5,5,5,5,5,5,5,5,5,5,5,5,5,5,5,5,5,5,5,5,5,5,5,5,5,5],"t_ns":51240979304000}}
51253380032500	rest	depth	{"jsonrpc":"2.0","method":"tof.frame","params":{"at_us":67024240,"cols":8,"distance_mm":[222,223,213,210,212,215,216,225,223,223,214,209,218,214,214,220,231,212,218,214,209,209,215,232,226,229,221,217,209,215,209,230,236,223,221,211,220,217,221,232,245,237,227,230,221,229,231,238,252,247,243,241,238,234,242,255,276,264,251,254,253,255,257,263],"rows":8,"seq":902,"status":[5,5,5,5,5,5,5,5,5,5,5,5,5,5,5,5,5,5,5,5,5,5,5,5,5,5,5,5,5,5,5,5,5,5,5,5,5,5,5,5,5,5,5,5,5,5,5,5,5,5,5,5,5,5,5,5,5,5,5,5,5,5,5,5],"t_ns":51241054096000}}
51253449344666	rest	depth	{"jsonrpc":"2.0","method":"tof.frame","params":{"at_us":67092279,"cols":8,"distance_mm":[225,212,214,219,209,213,215,226,230,222,217,202,208,209,211,220,236,221,206,211,204,210,222,218,234,223,217,217,214,213,223,230,239,225,218,217,220,218,222,229,241,234,223,226,234,225,231,240,254,251,243,239,230,242,240,248,272,263,253,255,253,252,253,259],"rows":8,"seq":903,"status":[5,5,5,5,5,5,5,5,5,5,5,5,5,5,5,5,5,5,5,5,5,5,5,5,5,5,5,5,5,5,5,5,5,5,5,5,5,5,5,5,5,5,5,5,5,5,5,5,5,5,5,5,5,5,5,5,5,5,5,5,5,5,5,5],"t_ns":51241122135000}}
51253516343875	rest	depth	{"jsonrpc":"2.0","method":"tof.frame","params":{"at_us":67160149,"cols":8,"distance_mm":[233,221,217,217,211,219,213,224,223,222,213,204,213,216,208,220,231,220,211,210,211,210,216,222,231,222,220,215,213,216,220,224,232,230,215,220,220,223,225,229,244,234,230,227,225,231,236,245,272,248,243,235,246,235,246,249,277,257,261,255,247,263,260,260],"rows":8,"seq":904,"status":[5,5,5,5,5,5,5,5,5,5,5,5,5,5,5,5,5,5,5,5,5,5,5,5,5,5,5,5,5,5,5,5,5,5,5,5,5,5,5,5,5,5,5,5,5,5,5,5,5,5,5,5,5,5,5,5,5,5,5,5,5,5,5,5],"t_ns":51241190006000}}
51253583264083	rest	depth	{"jsonrpc":"2.0","method":"tof.frame","params":{"at_us":67228301,"cols":8,"distance_mm":[232,219,214,211,211,219,216,221,223,217,219,216,208,212,214,218,224,218,214,207,214,211,219,228,219,224,220,218,213,207,222,225,234,230,216,218,213,220,223,226,239,242,230,227,232,226,233,244,262,259,245,233,237,240,233,249,267,269,262,249,247,252,257,263],"rows":8,"seq":905,"status":[5,5,5,5,5,5,5,5,5,5,5,5,5,5,5,5,5,5,5,5,5,5,5,5,5,5,5,5,5,5,5,5,5,5,5,5,5,5,5,5,5,5,5,5,5,5,5,5,5,5,5,5,5,5,5,5,5,5,5,5,5,5,5,5],"t_ns":51241258158000}}
51253660151458	rest	depth	{"jsonrpc":"2.0","method":"tof.frame","params":{"at_us":67305201,"cols":8,"distance_mm":[228,222,213,210,208,208,218,213,234,218,213,208,201,217,224,217,229,217,214,210,209,213,215,223,232,221,218,209,215,212,222,225,237,228,221,220,217,215,225,226,238,232,231,222,226,226,227,244,253,248,243,237,236,241,244,254,275,258,250,250,251,258,250,265],"rows":8,"seq":906,"status":[5,5,5,5,5,5,5,5,5,5,5,5,5,5,5,5,5,5,5,5,5,5,5,5,5,5,5,5,5,5,5,5,5,5,5,5,5,5,5,5,5,5,5,5,5,5,5,5,5,5,5,5,5,5,5,5,5,5,5,5,5,5,5,5],"t_ns":51241335058000}}
51253731062666	rest	depth	{"jsonrpc":"2.0","method":"tof.frame","params":{"at_us":67376495,"cols":8,"distance_mm":[227,219,214,219,212,207,218,222,224,218,213,209,216,215,213,217,225,214,218,212,209,217,214,223,227,226,216,216,206,214,219,227,225,233,224,230,222,222,225,225,242,237,232,234,226,220,232,235,260,247,228,243,229,241,236,246,284,262,268,246,248,252,258,261],"rows":8,"seq":907,"status":[5,5,5,5,5,5,5,5,5,5,5,5,5,5,5,5,5,5,5,5,5,5,5,5,5,5,5,5,5,5,5,5,5,5,5,5,5,5,5,5,5,5,5,5,5,5,5,5,5,5,5,5,5,5,5,5,5,5,5,5,5,5,5,5],"t_ns":51241406353000}}
51253801582666	rest	depth	{"jsonrpc":"2.0","method":"tof.frame","params":{"at_us":67446123,"cols":8,"distance_mm":[224,216,215,208,210,209,215,218,223,222,212,212,210,209,222,219,223,214,215,213,203,211,213,215,235,227,219,215,210,214,214,228,234,228,222,217,216,215,221,229,241,241,230,230,222,228,232,232,256,242,234,228,244,242,245,247,272,262,258,245,255,249,260,263],"rows":8,"seq":908,"status":[5,5,5,5,5,5,5,5,5,5,5,5,5,5,5,5,5,5,5,5,5,5,5,5,5,5,5,5,5,5,5,5,5,5,5,5,5,5,5,5,5,5,5,5,5,5,5,5,5,5,5,5,5,5,5,5,5,5,5,5,5,5,5,5],"t_ns":51241475981000}}
51253870920125	rest	depth	{"jsonrpc":"2.0","method":"tof.frame","params":{"at_us":67514267,"cols":8,"distance_mm":[230,214,216,214,210,209,220,225,229,205,215,213,209,215,215,221,219,214,208,212,211,216,210,222,227,223,220,212,214,212,216,222,234,225,215,215,224,215,220,231,241,229,225,227,231,235,225,238,268,257,241,234,239,236,237,248,278,261,256,248,257,253,264,263],"rows":8,"seq":909,"status":[5,5,5,5,5,5,5,5,5,5,5,5,5,5,5,5,5,5,5,5,5,5,5,5,5,5,5,5,5,5,5,5,5,5,5,5,5,5,5,5,5,5,5,5,5,5,5,5,5,5,5,5,5,5,5,5,5,5,5,5,5,5,5,5],"t_ns":51241544125000}}
51253945123666	rest	depth	{"jsonrpc":"2.0","method":"tof.frame","params":{"at_us":67589828,"cols":8,"distance_mm":[218,220,218,214,210,210,209,218,218,217,217,209,209,206,216,217,231,218,217,205,209,210,219,221,233,221,219,212,214,225,220,230,229,222,224,220,217,224,217,223,238,239,223,225,223,221,228,236,258,258,242,240,240,235,242,242,278,262,257,258,254,259,261,263],"rows":8,"seq":910,"status":[5,5,5,5,5,5,5,5,5,5,5,5,5,5,5,5,5,5,5,5,5,5,5,5,5,5,5,5,5,5,5,5,5,5,5,5,5,5,5,5,5,5,5,5,5,5,5,5,5,5,5,5,5,5,5,5,5,5,5,5,5,5,5,5],"t_ns":51241619687000}}
51254023705666	rest	depth	{"jsonrpc":"2.0","method":"tof.frame","params":{"at_us":67667563,"cols":8,"distance_mm":[224,225,214,216,217,207,214,223,218,210,222,211,210,207,218,225,223,212,210,211,211,212,221,228,226,221,221,222,215,214,215,215,241,229,221,218,224,217,219,228,246,238,222,228,227,225,239,236,258,241,248,233,240,246,233,256,262,258,258,248,248,253,261,262],"rows":8,"seq":911,"status":[5,5,5,5,5,5,5,5,5,5,5,5,5,5,5,5,5,5,5,5,5,5,5,5,5,5,5,5,5,5,5,5,5,5,5,5,5,5,5,5,5,5,5,5,5,5,5,5,5,5,5,5,5,5,5,5,5,5,5,5,5,5,5,5],"t_ns":51241697422000}}
51254096725500	rest	depth	{"jsonrpc":"2.0","method":"tof.frame","params":{"at_us":67739969,"cols":8,"distance_mm":[228,208,210,206,206,213,215,220,217,214,213,209,213,208,215,219,229,222,215,212,208,217,211,230,226,213,216,212,217,214,212,222,237,227,225,219,220,217,228,236,246,240,226,229,236,220,227,237,260,249,232,240,245,238,242,249,268,260,253,245,253,246,265,267],"rows":8,"seq":912,"status":[5,5,5,5,5,5,5,5,5,5,5,5,5,5,5,5,5,5,5,5,5,5,5,5,5,5,5,5,5,5,5,5,5,5,5,5,5,5,5,5,5,5,5,5,5,5,5,5,5,5,5,5,5,5,5,5,5,5,5,5,5,5,5,5],"t_ns":51241769828000}}
51254163999833	rest	depth	{"jsonrpc":"2.0","method":"tof.frame","params":{"at_us":67807642,"cols":8,"distance_mm":[225,222,211,209,207,212,215,223,226,221,207,212,205,206,215,224,234,218,209,214,209,209,212,223,234,213,214,210,208,215,219,226,240,231,221,218,214,216,226,223,244,237,231,226,219,225,237,245,255,248,244,237,237,237,238,249,270,267,252,250,252,250,259,262],"rows":8,"seq":913,"status":[5,5,5,5,5,5,5,5,5,5,5,5,5,5,5,5,5,5,5,5,5,5,5,5,5,5,5,5,5,5,5,5,5,5,5,5,5,5,5,5,5,5,5,5,5,5,5,5,5,5,5,5,5,5,5,5,5,5,5,5,5,5,5,5],"t_ns":51241837501000}}
51254233459166	rest	depth	{"jsonrpc":"2.0","method":"tof.frame","params":{"at_us":67877004,"cols":8,"distance_mm":[223,221,219,214,221,212,215,223,231,214,215,205,211,205,223,222,226,216,212,210,213,220,217,228,235,223,221,214,212,226,214,218,238,229,228,221,217,219,222,230,239,240,229,226,228,232,234,234,258,245,233,242,240,243,243,244,276,258,255,253,248,247,259,265],"rows":8,"seq":914,"status":[5,5,5,5,5,5,5,5,5,5,5,5,5,5,5,5,5,5,5,5,5,5,5,5,5,5,5,5,5,5,5,5,5,5,5,5,5,5,5,5,5,5,5,5,5,5,5,5,5,5,5,5,5,5,5,5,5,5,5,5,5,5,5,5],"t_ns":51241906864000}}
51254301613625	rest	depth	{"jsonrpc":"2.0","method":"tof.frame","params":{"at_us":67946213,"cols":8,"distance_mm":[230,216,211,217,207,217,206,215,227,212,213,210,207,205,218,212,221,220,217,216,217,214,213,218,231,230,215,208,208,216,222,225,238,225,220,225,215,222,223,232,242,239,233,223,228,228,235,240,256,242,247,227,240,237,246,251,271,266,264,243,248,256,262,262],"rows":8,"seq":915,"status":[5,5,5,5,5,5,5,5,5,5,5,5,5,5,5,5,5,5,5,5,5,5,5,5,5,5,5,5,5,5,5,5,5,5,5,5,5,5,5,5,5,5,5,5,5,5,5,5,5,5,5,5,5,5,5,5,5,5,5,5,5,5,5,5],"t_ns":51241976073000}}
51254376222291	rest	depth	{"jsonrpc":"2.0","method":"tof.frame","params":{"at_us":68019783,"cols":8,"distance_mm":[224,216,210,225,214,219,213,215,224,222,215,211,217,207,216,218,229,220,221,211,212,211,217,221,232,215,225,212,215,216,220,229,241,230,212,219,215,221,225,224,245,230,228,227,225,230,233,238,253,252,244,243,240,238,240,249,272,259,253,251,250,254,257,268],"rows":8,"seq":916,"status":[5,5,5,5,5,5,5,5,5,5,5,5,5,5,5,5,5,5,5,5,5,5,5,5,5,5,5,5,5,5,5,5,5,5,5,5,5,5,5,5,5,5,5,5,5,5,5,5,5,5,5,5,5,5,5,5,5,5,5,5,5,5,5,5],"t_ns":51242049643000}}
51254444386875	rest	depth	{"jsonrpc":"2.0","method":"tof.frame","params":{"at_us":68088099,"cols":8,"distance_mm":[230,219,217,205,217,205,215,224,225,219,209,216,215,217,215,222,224,220,215,218,210,208,208,219,232,226,213,214,212,214,219,226,238,233,221,217,218,218,226,235,249,235,237,223,221,232,236,240,258,253,233,238,235,237,244,248,270,265,258,251,250,252,261,265],"rows":8,"seq":917,"status":[5,5,5,5,5,5,5,5,5,5,5,5,5,5,5,5,5,5,5,5,5,5,5,5,5,5,5,5,5,5,5,5,5,5,5,5,5,5,5,5,5,5,5,5,5,5,5,5,5,5,5,5,5,5,5,5,5,5,5,5,5,5,5,5],"t_ns":51242117959000}}
51254517393750	rest	depth	{"jsonrpc":"2.0","method":"tof.frame","params":{"at_us":68160971,"cols":8,"distance_mm":[223,211,206,216,212,219,216,222,223,221,219,213,208,207,221,216,228,218,211,206,204,216,219,222,229,222,214,220,208,213,220,223,233,225,218,216,221,221,232,226,242,237,226,225,229,237,224,236,259,252,238,246,234,243,244,249,276,266,254,248,251,256,258,257],"rows":8,"seq":918,"status":[5,5,5,5,5,5,5,5,5,5,5,5,5,5,5,5,5,5,5,5,5,5,5,5,5,5,5,5,5,5,5,5,5,5,5,5,5,5,5,5,5,5,5,5,5,5,5,5,5,5,5,5,5,5,5,5,5,5,5,5,5,5,5,5],"t_ns":51242190832000}}
51254584992666	rest	depth	{"jsonrpc":"2.0","method":"tof.frame","params":{"at_us":68228966,"cols":8,"distance_mm":[225,216,218,208,211,196,218,222,223,222,208,206,215,209,210,227,219,218,208,209,202,210,218,221,233,224,213,213,216,211,218,217,229,223,222,221,217,223,221,227,237,225,230,228,227,230,236,237,260,247,236,237,233,238,241,257,270,270,253,244,251,254,257,268],"rows":8,"seq":919,"status":[5,5,5,5,5,5,5,5,5,5,5,5,5,5,5,5,5,5,5,5,5,5,5,5,5,5,5,5,5,5,5,5,5,5,5,5,5,5,5,5,5,5,5,5,5,5,5,5,5,5,5,5,5,5,5,5,5,5,5,5,5,5,5,5],"t_ns":51242258827000}}
51254661309083	rest	depth	{"jsonrpc":"2.0","method":"tof.frame","params":{"at_us":68306250,"cols":8,"distance_mm":[229,215,216,212,204,210,216,220,221,209,217,214,206,214,214,221,227,221,216,218,216,209,213,221,230,217,213,207,216,220,219,227,233,227,226,215,217,216,222,234,247,230,230,233,228,225,230,241,253,253,242,238,238,227,238,250,275,270,255,239,248,240,259,259],"rows":8,"seq":920,"status":[5,5,5,5,5,5,5,5,5,5,5,5,5,5,5,5,5,5,5,5,5,5,5,5,5,5,5,5,5,5,5,5,5,5,5,5,5,5,5,5,5,5,5,5,5,5,5,5,5,5,5,5,5,5,5,5,5,5,5,5,5,5,5,5],"t_ns":51242336111000}}
51254736500250	rest	depth	{"jsonrpc":"2.0","method":"tof.frame","params":{"at_us":68380050,"cols":8,"distance_mm":[228,214,205,208,206,209,212,212,225,212,213,220,210,210,215,219,230,221,207,211,210,210,215,227,235,223,211,209,208,220,220,222,237,225,219,224,220,220,229,231,235,239,229,229,225,229,230,234,251,255,238,233,235,233,246,244,277,264,258,253,250,255,255,269],"rows":8,"seq":921,"status":[5,5,5,5,5,5,5,5,5,5,5,5,5,5,5,5,5,5,5,5,5,5,5,5,5,5,5,5,5,5,5,5,5,5,5,5,5,5,5,5,5,5,5,5,5,5,5,5,5,5,5,5,5,5,5,5,5,5,5,5,5,5,5,5],"t_ns":51242409912000}}
51254809368166	rest	depth	{"jsonrpc":"2.0","method":"tof.frame","params":{"at_us":68454636,"cols":8,"distance_mm":[219,222,215,214,210,212,215,220,228,221,217,213,211,212,216,224,219,218,209,209,212,210,213,220,233,215,223,214,209,210,214,223,237,228,224,226,219,230,229,226,238,225,228,230,228,227,236,235,250,242,241,236,239,237,244,246,275,264,255,252,245,252,255,264],"rows":8,"seq":922,"status":[5,5,5,5,5,5,5,5,5,5,5,5,5,5,5,5,5,5,5,5,5,5,5,5,5,5,5,5,5,5,5,5,5,5,5,5,5,5,5,5,5,5,5,5,5,5,5,5,5,5,5,5,5,5,5,5,5,5,5,5,5,5,5,5],"t_ns":51242484498000}}
51254887238916	rest	depth	{"jsonrpc":"2.0","method":"tof.frame","params":{"at_us":68531145,"cols":8,"distance_mm":[227,225,214,216,212,213,221,221,228,219,207,203,215,210,212,217,228,211,214,217,215,206,216,220,223,231,214,219,216,211,218,223,233,224,224,222,215,225,228,226,236,233,235,225,217,229,231,231,256,239,245,239,230,243,237,241,275,272,251,253,246,258,257,267],"rows":8,"seq":923,"status":[5,5,5,5,5,5,5,5,5,5,5,5,5,5,5,5,5,5,5,5,5,5,5,5,5,5,5,5,5,5,5,5,5,5,5,5,5,5,5,5,5,5,5,5,5,5,5,5,5,5,5,5,5,5,5,5,5,5,5,5,5,5,5,5],"t_ns":51242561007000}}
51254954292041	rest	depth	{"jsonrpc":"2.0","method":"tof.frame","params":{"at_us":68598834,"cols":8,"distance_mm":[224,221,210,212,210,210,221,221,225,220,215,209,208,212,212,211,229,227,203,205,210,217,221,228,230,223,211,219,217,214,221,226,231,231,218,215,217,212,224,231,250,227,230,223,228,234,235,236,254,247,234,235,237,239,243,244,272,260,259,256,249,247,250,258],"rows":8,"seq":924,"status":[5,5,5,5,5,5,5,5,5,5,5,5,5,5,5,5,5,5,5,5,5,5,5,5,5,5,5,5,5,5,5,5,5,5,5,5,5,5,5,5,5,5,5,5,5,5,5,5,5,5,5,5,5,5,5,5,5,5,5,5,5,5,5,5],"t_ns":51242628697000}}
51255028517333	rest	depth	{"jsonrpc":"2.0","method":"tof.frame","params":{"at_us":68672132,"cols":8,"distance_mm":[220,218,217,214,211,215,217,224,229,221,214,214,214,213,212,221,223,218,214,211,208,203,213,230,236,224,210,209,213,214,220,215,240,225,217,223,221,217,223,226,243,234,232,225,222,230,236,235,260,244,238,240,238,241,239,249,268,267,251,250,247,254,259,274],"rows":8,"seq":925,"status":[5,5,5,5,5,5,5,5,5,5,5,5,5,5,5,5,5,5,5,5,5,5,5,5,5,5,5,5,5,5,5,5,5,5,5,5,5,5,5,5,5,5,5,5,5,5,5,5,5,5,5,5,5,5,5,5,5,5,5,5,5,5,5,5],"t_ns":51242701995000}}
51255096982291	rest	depth	{"jsonrpc":"2.0","method":"tof.frame","params":{"at_us":68740819,"cols":8,"distance_mm":[219,217,221,213,213,214,220,215,222,216,217,212,206,208,215,222,220,219,212,212,219,203,214,215,226,228,217,209,210,219,222,226,231,224,223,221,216,217,220,228,238,234,231,227,221,220,233,235,256,249,248,235,230,239,238,252,272,264,253,258,255,258,257,267],"rows":8,"seq":926,"status":[5,5,5,5,5,5,5,5,5,5,5,5,5,5,5,5,5,5,5,5,5,5,5,5,5,5,5,5,5,5,5,5,5,5,5,5,5,5,5,5,5,5,5,5,5,5,5,5,5,5,5,5,5,5,5,5,5,5,5,5,5,5,5,5],"t_ns":51242770683000}}
51255172393291	rest	depth	{"jsonrpc":"2.0","method":"tof.frame","params":{"at_us":68818155,"cols":8,"distance_mm":[230,219,215,213,210,217,215,222,227,214,214,216,207,212,215,220,218,216,206,209,214,211,216,225,228,230,215,218,211,222,220,229,233,228,222,219,223,225,225,234,246,233,221,238,226,225,231,233,255,241,245,234,232,238,242,251,273,259,258,252,242,257,260,267],"rows":8,"seq":927,"status":[5,5,5,5,5,5,5,5,5,5,5,5,5,5,5,5,5,5,5,5,5,5,5,5,5,5,5,5,5,5,5,5,5,5,5,5,5,5,5,5,5,5,5,5,5,5,5,5,5,5,5,5,5,5,5,5,5,5,5,5,5,5,5,5],"t_ns":51242848019000}}
51255250501416	rest	depth	{"jsonrpc":"2.0","method":"tof.frame","params":{"at_us":68895486,"cols":8,"distance_mm":[229,219,212,209,209,214,215,222,220,219,214,210,210,213,213,230,219,214,216,210,211,208,211,228,231,224,217,207,215,208,208,224,229,221,217,223,217,215,229,225,244,236,234,224,222,232,236,234,256,237,234,240,239,246,241,237,272,261,258,256,248,247,255,272],"rows":8,"seq":928,"status":[5,5,5,5,5,5,5,5,5,5,5,5,5,5,5,5,5,5,5,5,5,5,5,5,5,5,5,5,5,5,5,5,5,5,5,5,5,5,5,5,5,5,5,5,5,5,5,5,5,5,5,5,5,5,5,5,5,5,5,5,5,5,5,5],"t_ns":51242925350000}}
51255321097750	rest	depth	{"jsonrpc":"2.0","method":"tof.frame","params":{"at_us":68965280,"cols":8,"distance_mm":[225,226,212,210,208,206,217,221,230,222,213,209,215,203,216,225,217,216,211,210,211,214,213,219,223,222,220,212,208,215,222,227,236,225,219,218,221,215,227,234,251,235,226,228,229,224,221,235,255,246,242,241,234,239,244,241,271,258,253,247,250,254,253,266],"rows":8,"seq":929,"status":[5,5,5,5,5,5,5,5,5,5,5,5,5,5,5,5,5,5,5,5,5,5,5,5,5,5,5,5,5,5,5,5,5,5,5,5,5,5,5,5,5,5,5,5,5,5,5,5,5,5,5,5,5,5,5,5,5,5,5,5,5,5,5,5],"t_ns":51242995145000}}
51255391105208	rest	depth	{"jsonrpc":"2.0","method":"tof.frame","params":{"at_us":69034697,"cols":8,"distance_mm":[223,214,206,215,213,219,211,226,223,217,208,204,209,213,206,224,228,221,213,217,211,212,215,222,236,218,214,219,212,221,220,231,233,225,223,220,220,216,224,228,245,239,226,218,224,228,237,234,264,246,248,238,234,238,243,246,269,269,249,244,257,255,253,267],"rows":8,"seq":930,"status":[5,5,5,5,5,5,5,5,5,5,5,5,5,5,5,5,5,5,5,5,5,5,5,5,5,5,5,5,5,5,5,5,5,5,5,5,5,5,5,5,5,5,5,5,5,5,5,5,5,5,5,5,5,5,5,5,5,5,5,5,5,5,5,5],"t_ns":51243064562000}}
51255463388125	rest	depth	{"jsonrpc":"2.0","method":"tof.frame","params":{"at_us":69106963,"cols":8,"distance_mm":[216,213,212,218,210,212,217,215,223,216,220,209,217,216,214,216,221,218,215,215,209,213,219,224,220,220,220,213,218,214,219,229,233,224,233,223,220,222,222,240,241,237,231,227,232,223,231,231,257,246,246,235,239,245,242,248,277,267,252,250,257,259,260,270],"rows":8,"seq":931,"status":[5,5,5,5,5,5,5,5,5,5,5,5,5,5,5,5,5,5,5,5,5,5,5,5,5,5,5,5,5,5,5,5,5,5,5,5,5,5,5,5,5,5,5,5,5,5,5,5,5,5,5,5,5,5,5,5,5,5,5,5,5,5,5,5],"t_ns":51243136828000}}
51255529196666	rest	depth	{"jsonrpc":"2.0","method":"tof.frame","params":{"at_us":69174722,"cols":8,"distance_mm":[220,215,209,217,213,211,220,216,224,220,210,211,203,219,217,218,230,214,217,208,209,217,213,220,237,225,220,206,211,214,216,224,243,221,227,223,221,216,232,232,239,236,233,229,222,225,228,233,253,248,246,236,235,233,238,253,268,265,258,247,254,245,251,267],"rows":8,"seq":932,"status":[5,5,5,5,5,5,5,5,5,5,5,5,5,5,5,5,5,5,5,5,5,5,5,5,5,5,5,5,5,5,5,5,5,5,5,5,5,5,5,5,5,5,5,5,5,5,5,5,5,5,5,5,5,5,5,5,5,5,5,5,5,5,5,5],"t_ns":51243204587000}}
51255602895500	rest	depth	{"jsonrpc":"2.0","method":"tof.frame","params":{"at_us":69246453,"cols":8,"distance_mm":[226,223,214,213,214,213,211,221,230,220,223,202,215,208,208,210,227,220,209,208,211,210,208,217,231,221,218,208,211,210,217,221,233,233,218,221,218,215,217,228,239,225,232,221,227,220,223,242,255,246,241,234,238,231,239,249,277,258,254,255,254,258,258,263],"rows":8,"seq":933,"status":[5,5,5,5,5,5,5,5,5,5,5,5,5,5,5,5,5,5,5,5,5,5,5,5,5,5,5,5,5,5,5,5,5,5,5,5,5,5,5,5,5,5,5,5,5,5,5,5,5,5,5,5,5,5,5,5,5,5,5,5,5,5,5,5],"t_ns":51243276318000}}
51255672201458	rest	depth	{"jsonrpc":"2.0","method":"tof.frame","params":{"at_us":69315770,"cols":8,"distance_mm":[224,220,208,214,212,213,211,220,221,218,211,213,207,210,210,215,227,221,212,208,210,214,211,222,226,220,216,215,215,217,210,223,240,231,227,218,216,220,219,225,240,236,236,230,227,230,230,237,255,247,247,240,245,237,240,251,274,265,259,250,247,254,256,271],"rows":8,"seq":934,"status":[5,5,5,5,5,5,5,5,5,5,5,5,5,5,5,5,5,5,5,5,5,5,5,5,5,5,5,5,5,5,5,5,5,5,5,5,5,5,5,5,5,5,5,5,5,5,5,5,5,5,5,5,5,5,5,5,5,5,5,5,5,5,5,5],"t_ns":51243345636000}}
51255743752416	rest	depth	{"jsonrpc":"2.0","method":"tof.frame","params":{"at_us":69386742,"cols":8,"distance_mm":[224,216,207,212,213,215,211,219,228,217,210,217,206,211,218,221,229,222,213,212,212,210,217,212,228,221,216,207,209,217,218,227,239,222,225,218,224,213,223,238,242,236,218,233,226,229,231,239,254,252,242,243,244,246,247,245,268,260,262,254,251,265,256,266],"rows":8,"seq":935,"status":[5,5,5,5,5,5,5,5,5,5,5,5,5,5,5,5,5,5,5,5,5,5,5,5,5,5,5,5,5,5,5,5,5,5,5,5,5,5,5,5,5,5,5,5,5,5,5,5,5,5,5,5,5,5,5,5,5,5,5,5,5,5,5,5],"t_ns":51243416608000}}
51255813843833	rest	depth	{"jsonrpc":"2.0","method":"tof.frame","params":{"at_us":69457445,"cols":8,"distance_mm":[222,211,210,208,207,216,222,227,221,223,216,213,204,210,215,211,223,213,220,215,222,208,219,223,231,216,218,219,215,214,220,222,240,228,222,218,216,226,224,224,243,244,226,221,226,222,237,242,265,251,236,236,241,241,244,251,276,268,254,250,253,251,259,261],"rows":8,"seq":936,"status":[5,5,5,5,5,5,5,5,5,5,5,5,5,5,5,5,5,5,5,5,5,5,5,5,5,5,5,5,5,5,5,5,5,5,5,5,5,5,5,5,5,5,5,5,5,5,5,5,5,5,5,5,5,5,5,5,5,5,5,5,5,5,5,5],"t_ns":51243487311000}}
51255882526041	rest	depth	{"jsonrpc":"2.0","method":"tof.frame","params":{"at_us":69525894,"cols":8,"distance_mm":[220,219,211,219,216,213,218,223,223,220,217,204,209,203,214,219,228,217,212,215,215,211,215,220,226,221,216,215,215,219,215,223,236,225,224,222,216,217,213,230,248,226,238,225,226,229,231,235,258,246,241,238,232,239,242,250,275,265,255,252,245,254,255,258],"rows":8,"seq":937,"status":[5,5,5,5,5,5,5,5,5,5,5,5,5,5,5,5,5,5,5,5,5,5,5,5,5,5,5,5,5,5,5,5,5,5,5,5,5,5,5,5,5,5,5,5,5,5,5,5,5,5,5,5,5,5,5,5,5,5,5,5,5,5,5,5],"t_ns":51243555760000}}
51255956549416	rest	depth	{"jsonrpc":"2.0","method":"tof.frame","params":{"at_us":69601707,"cols":8,"distance_mm":[231,212,220,205,218,207,219,224,224,224,207,214,216,211,216,216,231,218,214,211,208,211,225,216,233,222,210,221,211,223,218,216,232,227,220,219,225,225,226,236,248,234,229,229,228,230,228,237,263,252,237,235,230,239,240,247,275,253,245,247,250,255,259,263],"rows":8,"seq":938,"status":[5,5,5,5,5,5,5,5,5,5,5,5,5,5,5,5,5,5,5,5,5,5,5,5,5,5,5,5,5,5,5,5,5,5,5,5,5,5,5,5,5,5,5,5,5,5,5,5,5,5,5,5,5,5,5,5,5,5,5,5,5,5,5,5],"t_ns":51243631574000}}
51256026069291	rest	depth	{"jsonrpc":"2.0","method":"tof.frame","params":{"at_us":69669394,"cols":8,"distance_mm":[228,220,212,210,214,219,212,217,226,209,216,205,214,214,213,222,229,217,211,221,213,215,216,215,229,223,218,216,217,213,212,219,239,224,226,217,223,219,221,221,245,238,233,226,232,224,234,240,258,252,236,232,236,231,245,251,275,262,254,251,254,252,265,269],"rows":8,"seq":939,"status":[5,5,5,5,5,5,5,5,5,5,5,5,5,5,5,5,5,5,5,5,5,5,5,5,5,5,5,5,5,5,5,5,5,5,5,5,5,5,5,5,5,5,5,5,5,5,5,5,5,5,5,5,5,5,5,5,5,5,5,5,5,5,5,5],"t_ns":51243699261000}}
51256095891791	rest	depth	{"jsonrpc":"2.0","method":"tof.frame","params":{"at_us":69740291,"cols":8,"distance_mm":[226,219,214,210,219,209,207,216,233,217,210,209,206,210,216,214,227,218,214,218,215,210,205,219,227,219,214,212,209,211,212,223,243,230,230,218,216,223,227,230,247,229,235,228,232,229,231,241,258,246,240,238,237,237,247,252,270,254,256,258,252,261,260,257],"rows":8,"seq":940,"status":[5,5,5,5,5,5,5,5,5,5,5,5,5,5,5,5,5,5,5,5,5,5,5,5,5,5,5,5,5,5,5,5,5,5,5,5,5,5,5,5,5,5,5,5,5,5,5,5,5,5,5,5,5,5,5,5,5,5,5,5,5,5,5,5],"t_ns":51243770159000}}
51256164127458	rest	depth	{"jsonrpc":"2.0","method":"tof.frame","params":{"at_us":69808867,"cols":8,"distance_mm":[226,222,220,209,210,211,212,220,225,216,213,207,215,207,207,219,225,229,208,212,217,214,219,219,229,225,220,216,216,215,217,223,229,231,225,224,221,221,225,232,242,239,224,233,228,221,229,239,253,253,243,242,232,237,240,248,264,254,257,252,250,255,261,268],"rows":8,"seq":941,"status":[5,5,5,5,5,5,5,5,5,5,5,5,5,5,5,5,5,5,5,5,5,5,5,5,5,5,5,5,5,5,5,5,5,5,5,5,5,5,5,5,5,5,5,5,5,5,5,5,5,5,5,5,5,5,5,5,5,5,5,5,5,5,5,5],"t_ns":51243838734000}}
51256237616791	rest	depth	{"jsonrpc":"2.0","method":"tof.frame","params":{"at_us":69882787,"cols":8,"distance_mm":[225,215,214,215,211,216,214,220,216,222,213,214,204,210,210,218,227,213,212,217,214,216,208,222,231,217,215,212,211,215,213,224,237,229,224,223,219,228,232,226,242,233,229,220,229,233,232,246,258,240,241,242,239,240,251,253,277,258,259,248,252,256,261,262],"rows":8,"seq":942,"status":[5,5,5,5,5,5,5,5,5,5,5,5,5,5,5,5,5,5,5,5,5,5,5,5,5,5,5,5,5,5,5,5,5,5,5,5,5,5,5,5,5,5,5,5,5,5,5,5,5,5,5,5,5,5,5,5,5,5,5,5,5,5,5,5],"t_ns":51243912655000}}
51256311390291	rest	depth	{"jsonrpc":"2.0","method":"tof.frame","params":{"at_us":69954268,"cols":8,"distance_mm":[225,218,208,203,206,219,216,220,231,214,215,210,208,209,216,220,224,216,212,219,210,208,214,219,232,224,219,211,215,211,217,225,245,229,221,220,217,223,223,225,246,228,233,227,234,227,232,234,249,248,250,232,231,226,247,250,271,267,255,248,245,251,255,258],"rows":8,"seq":943,"status":[5,5,5,5,5,5,5,5,5,5,5,5,5,5,5,5,5,5,5,5,5,5,5,5,5,5,5,5,5,5,5,5,5,5,5,5,5,5,5,5,5,5,5,5,5,5,5,5,5,5,5,5,5,5,5,5,5,5,5,5,5,5,5,5],"t_ns":51243984136000}}
51256382448208	rest	depth	{"jsonrpc":"2.0","method":"tof.frame","params":{"at_us":70026016,"cols":8,"distance_mm":[228,215,217,208,213,215,212,212,221,221,209,208,209,208,219,219,221,223,206,210,215,209,214,214,232,223,218,219,212,210,216,233,240,221,219,222,223,229,223,230,245,237,234,221,228,227,237,234,254,245,230,244,236,245,245,250,265,269,256,246,251,252,260,258],"rows":8,"seq":944,"status":[5,5,5,5,5,5,5,5,5,5,5,5,5,5,5,5,5,5,5,5,5,5,5,5,5,5,5,5,5,5,5,5,5,5,5,5,5,5,5,5,5,5,5,5,5,5,5,5,5,5,5,5,5,5,5,5,5,5,5,5,5,5,5,5],"t_ns":51244055885000}}
51256453879500	rest	depth	{"jsonrpc":"2.0","method":"tof.frame","params":{"at_us":70099300,"cols":8,"distance_mm":[226,218,211,208,215,212,219,218,225,221,213,216,211,214,216,222,219,220,208,218,214,215,216,217,230,220,217,212,206,215,217,224,236,228,220,216,222,215,233,232,241,239,231,229,225,236,224,237,250,249,232,236,235,231,241,246,274,259,251,252,256,251,254,271],"rows":8,"seq":945,"status":[5,5,5,5,5,5,5,5,5,5,5,5,5,5,5,5,5,5,5,5,5,5,5,5,5,5,5,5,5,5,5,5,5,5,5,5,5,5,5,5,5,5,5,5,5,5,5,5,5,5,5,5,5,5,5,5,5,5,5,5,5,5,5,5],"t_ns":51244129170000}}
51256522771833	rest	depth	{"jsonrpc":"2.0","method":"tof.frame","params":{"at_us":70167793,"cols":8,"distance_mm":[219,215,215,215,219,210,213,216,226,217,215,211,208,209,215,226,225,211,223,213,209,215,212,221,225,225,217,210,217,213,213,222,238,230,228,222,222,220,218,231,244,235,237,233,223,235,226,238,258,247,252,242,241,241,247,256,273,259,253,252,248,252,257,265],"rows":8,"seq":946,"status":[5,5,5,5,5,5,5,5,5,5,5,5,5,5,5,5,5,5,5,5,5,5,5,5,5,5,5,5,5,5,5,5,5,5,5,5,5,5,5,5,5,5,5,5,5,5,5,5,5,5,5,5,5,5,5,5,5,5,5,5,5,5,5,5],"t_ns":51244197662000}}
51256599041791	rest	depth	{"jsonrpc":"2.0","method":"tof.frame","params":{"at_us":70242996,"cols":8,"distance_mm":[226,219,214,208,208,216,219,216,226,219,218,216,214,211,214,221,229,219,214,207,208,208,220,218,227,221,212,221,213,214,217,229,238,225,217,213,212,222,225,236,241,228,228,229,227,229,233,243,259,246,241,240,230,238,246,253,270,266,251,261,249,248,256,262],"rows":8,"seq":947,"status":[5,5,5,5,5,5,5,5,5,5,5,5,5,5,5,5,5,5,5,5,5,5,5,5,5,5,5,5,5,5,5,5,5,5,5,5,5,5,5,5,5,5,5,5,5,5,5,5,5,5,5,5,5,5,5,5,5,5,5,5,5,5,5,5],"t_ns":51244272866000}}
51256673072750	rest	depth	{"jsonrpc":"2.0","method":"tof.frame","params":{"at_us":70316691,"cols":8,"distance_mm":[230,218,210,215,211,212,223,215,232,213,206,215,211,215,222,214,225,209,216,206,208,212,214,221,234,224,221,216,208,212,218,226,236,230,216,214,215,223,223,226,244,236,225,234,220,230,235,232,258,244,247,231,238,243,239,251,271,265,252,253,255,255,259,268],"rows":8,"seq":948,"status":[5,5,5,5,5,5,5,5,5,5,5,5,5,5,5,5,5,5,5,5,5,5,5,5,5,5,5,5,5,5,5,5,5,5,5,5,5,5,5,5,5,5,5,5,5,5,5,5,5,5,5,5,5,5,5,5,5,5,5,5,5,5,5,5],"t_ns":51244346561000}}
51256740708583	rest	depth	{"jsonrpc":"2.0","method":"tof.frame","params":{"at_us":70384692,"cols":8,"distance_mm":[225,222,213,212,209,214,221,212,224,206,210,211,208,212,217,227,223,219,214,214,209,212,211,221,230,222,217,211,210,218,219,231,234,233,223,217,219,223,217,237,244,236,232,225,226,232,226,231,260,247,241,239,242,245,248,254,276,263,251,253,249,249,257,265],"rows":8,"seq":949,"status":[5,5,5,5,5,5,5,5,5,5,5,5,5,5,5,5,5,5,5,5,5,5,5,5,5,5,5,5,5,5,5,5,5,5,5,5,5,5,5,5,5,5,5,5,5,5,5,5,5,5,5,5,5,5,5,5,5,5,5,5,5,5,5,5],"t_ns":51244414562000}}
51256816575125	rest	depth	{"jsonrpc":"2.0","method":"tof.frame","params":{"at_us":70461960,"cols":8,"distance_mm":[230,227,218,212,209,214,222,218,228,218,209,211,210,208,208,217,227,223,216,214,210,209,222,223,233,226,223,213,209,212,214,216,242,226,226,219,218,218,218,228,236,245,228,228,228,226,238,237,261,248,245,234,238,236,247,250,275,256,256,248,250,251,259,265],"rows":8,"seq":950,"status":[5,5,5,5,5,5,5,5,5,5,5,5,5,5,5,5,5,5,5,5,5,5,5,5,5,5,5,5,5,5,5,5,5,5,5,5,5,5,5,5,5,5,5,5,5,5,5,5,5,5,5,5,5,5,5,5,5,5,5,5,5,5,5,5],"t_ns":51244491831000}}
51256893071500	rest	depth	{"jsonrpc":"2.0","method":"tof.frame","params":{"at_us":70536452,"cols":8,"distance_mm":[227,212,211,204,214,210,213,221,233,218,211,206,214,215,210,227,227,221,204,206,208,214,222,217,227,229,222,217,215,209,219,220,235,227,221,218,215,226,228,226,243,234,227,228,220,230,231,241,255,243,243,235,233,235,240,248,275,268,250,251,245,258,254,276],"rows":8,"seq":951,"status":[5,5,5,5,5,5,5,5,5,5,5,5,5,5,5,5,5,5,5,5,5,5,5,5,5,5,5,5,5,5,5,5,5,5,5,5,5,5,5,5,5,5,5,5,5,5,5,5,5,5,5,5,5,5,5,5,5,5,5,5,5,5,5,5],"t_ns":51244566323000}}
51256967155916	rest	depth	{"jsonrpc":"2.0","method":"tof.frame","params":{"at_us":70610673,"cols":8,"distance_mm":[224,220,214,209,209,205,217,216,227,219,208,207,214,205,215,214,229,217,208,208,208,215,209,220,228,226,220,208,218,218,217,213,238,230,220,224,217,214,229,227,243,239,230,223,226,226,233,236,257,249,234,244,238,235,242,244,274,258,257,251,255,257,256,273],"rows":8,"seq":952,"status":[5,5,5,5,5,5,5,5,5,5,5,5,5,5,5,5,5,5,5,5,5,5,5,5,5,5,5,5,5,5,5,5,5,5,5,5,5,5,5,5,5,5,5,5,5,5,5,5,5,5,5,5,5,5,5,5,5,5,5,5,5,5,5,5],"t_ns":51244640544000}}
51257041245541	rest	depth	{"jsonrpc":"2.0","method":"tof.frame","params":{"at_us":70684489,"cols":8,"distance_mm":[226,220,212,216,202,215,215,218,224,211,203,212,216,211,210,221,217,222,212,207,211,205,220,220,235,223,211,218,207,208,223,224,239,228,230,219,217,216,221,230,244,234,234,227,228,225,229,239,263,242,244,228,240,244,244,253,276,257,255,252,253,253,258,257],"rows":8,"seq":953,"status":[5,5,5,5,5,5,5,5,5,5,5,5,5,5,5,5,5,5,5,5,5,5,5,5,5,5,5,5,5,5,5,5,5,5,5,5,5,5,5,5,5,5,5,5,5,5,5,5,5,5,5,5,5,5,5,5,5,5,5,5,5,5,5,5],"t_ns":51244714361000}}
51257116017625	rest	depth	{"jsonrpc":"2.0","method":"tof.frame","params":{"at_us":70760773,"cols":8,"distance_mm":[226,217,218,207,218,216,217,217,229,220,216,214,203,210,211,220,219,224,207,210,210,215,216,227,235,224,223,206,216,215,222,224,235,226,225,219,220,212,221,233,234,230,227,225,222,221,244,242,259,257,246,244,242,242,247,244,276,263,251,263,247,253,257,264],"rows":8,"seq":954,"status":[5,5,5,5,5,5,5,5,5,5,5,5,5,5,5,5,5,5,5,5,5,5,5,5,5,5,5,5,5,5,5,5,5,5,5,5,5,5,5,5,5,5,5,5,5,5,5,5,5,5,5,5,5,5,5,5,5,5,5,5,5,5,5,5],"t_ns":51244790645000}}
51257194073375	rest	depth	{"jsonrpc":"2.0","method":"tof.frame","params":{"at_us":70838021,"cols":8,"distance_mm":[225,225,216,211,213,213,215,219,225,213,214,202,214,210,212,220,223,214,214,216,213,217,213,225,227,225,207,219,214,220,218,225,239,235,224,224,230,219,225,234,246,242,227,233,231,223,231,241,253,243,245,236,235,240,236,252,281,256,256,244,253,254,255,263],"rows":8,"seq":955,"status":[5,5,5,5,5,5,5,5,5,5,5,5,5,5,5,5,5,5,5,5,5,5,5,5,5,5,5,5,5,5,5,5,5,5,5,5,5,5,5,5,5,5,5,5,5,5,5,5,5,5,5,5,5,5,5,5,5,5,5,5,5,5,5,5],"t_ns":51244867893000}}
51257271646458	rest	depth	{"jsonrpc":"2.0","method":"tof.frame","params":{"at_us":70915251,"cols":8,"distance_mm":[226,223,219,213,209,214,221,222,225,217,217,208,212,209,217,219,230,222,213,210,206,208,214,220,230,222,219,215,212,215,217,219,239,222,220,219,223,218,226,230,244,238,233,219,224,227,231,241,248,245,247,246,238,230,244,240,277,261,261,248,252,254,263,263],"rows":8,"seq":956,"status":[5,5,5,5,5,5,5,5,5,5,5,5,5,5,5,5,5,5,5,5,5,5,5,5,5,5,5,5,5,5,5,5,5,5,5,5,5,5,5,5,5,5,5,5,5,5,5,5,5,5,5,5,5,5,5,5,5,5,5,5,5,5,5,5],"t_ns":51244945123000}}
51257340894458	rest	depth	{"jsonrpc":"2.0","method":"tof.frame","params":{"at_us":70984255,"cols":8,"distance_mm":[226,214,214,218,209,208,214,219,217,225,214,212,207,219,212,217,226,223,210,215,206,214,212,216,234,215,213,214,218,211,217,219,232,222,230,219,213,218,221,227,239,238,231,230,224,233,229,242,255,251,238,227,235,237,243,251,274,264,258,256,254,253,268,266],"rows":8,"seq":957,"status":[5,5,5,5,5,5,5,5,5,5,5,5,5,5,5,5,5,5,5,5,5,5,5,5,5,5,5,5,5,5,5,5,5,5,5,5,5,5,5,5,5,5,5,5,5,5,5,5,5,5,5,5,5,5,5,5,5,5,5,5,5,5,5,5],"t_ns":51245014128000}}
51257413483041	rest	depth	{"jsonrpc":"2.0","method":"tof.frame","params":{"at_us":71058240,"cols":8,"distance_mm":[222,214,215,202,213,213,215,216,221,222,216,212,210,213,220,221,230,224,213,205,202,211,206,219,218,227,211,202,214,210,216,226,240,228,220,220,219,221,227,227,237,232,224,233,229,227,235,233,260,245,238,235,244,228,247,243,269,263,258,253,251,253,260,269],"rows":8,"seq":958,"status":[5,5,5,5,5,5,5,5,5,5,5,5,5,5,5,5,5,5,5,5,5,5,5,5,5,5,5,5,5,5,5,5,5,5,5,5,5,5,5,5,5,5,5,5,5,5,5,5,5,5,5,5,5,5,5,5,5,5,5,5,5,5,5,5],"t_ns":51245088114000}}
51257482405541	rest	depth	{"jsonrpc":"2.0","method":"tof.frame","params":{"at_us":71126103,"cols":8,"distance_mm":[225,216,210,220,209,211,211,226,225,216,216,208,208,216,213,220,228,219,208,211,211,213,216,224,233,222,220,223,213,217,220,226,227,230,217,217,215,222,222,227,245,237,235,230,225,227,229,238,255,247,243,235,236,247,240,241,275,265,248,250,255,258,262,260],"rows":8,"seq":959,"status":[5,5,5,5,5,5,5,5,5,5,5,5,5,5,5,5,5,5,5,5,5,5,5,5,5,5,5,5,5,5,5,5,5,5,5,5,5,5,5,5,5,5,5,5,5,5,5,5,5,5,5,5,5,5,5,5,5,5,5,5,5,5,5,5],"t_ns":51245155976000}}
51257557740666	rest	depth	{"jsonrpc":"2.0","method":"tof.frame","params":{"at_us":71201056,"cols":8,"distance_mm":[225,209,215,211,218,207,216,222,224,224,213,209,209,216,206,219,232,222,210,207,208,212,219,217,231,224,219,214,211,217,214,221,239,222,219,213,219,218,225,232,237,235,234,223,226,232,229,235,257,247,242,238,236,240,238,252,268,259,263,251,256,252,258,263],"rows":8,"seq":960,"status":[5,5,5,5,5,5,5,5,5,5,5,5,5,5,5,5,5,5,5,5,5,5,5,5,5,5,5,5,5,5,5,5,5,5,5,5,5,5,5,5,5,5,5,5,5,5,5,5,5,5,5,5,5,5,5,5,5,5,5,5,5,5,5,5],"t_ns":51245230930000}}
51257632339875	rest	depth	{"jsonrpc":"2.0","method":"tof.frame","params":{"at_us":71275496,"cols":8,"distance_mm":[217,224,214,209,210,213,212,222,216,215,211,214,209,212,216,217,222,228,213,208,211,206,217,229,221,215,219,210,215,211,217,225,239,222,225,218,213,217,225,230,246,227,227,229,232,233,230,239,255,248,243,240,235,242,244,254,264,261,245,246,250,244,252,262],"rows":8,"seq":961,"status":[5,5,5,5,5,5,5,5,5,5,5,5,5,5,5,5,5,5,5,5,5,5,5,5,5,5,5,5,5,5,5,5,5,5,5,5,5,5,5,5,5,5,5,5,5,5,5,5,5,5,5,5,5,5,5,5,5,5,5,5,5,5,5,5],"t_ns":51245305370000}}
51257708245458	rest	depth	{"jsonrpc":"2.0","method":"tof.frame","params":{"at_us":71351196,"cols":8,"distance_mm":[230,219,209,203,210,211,219,221,225,211,219,207,214,219,216,222,225,224,224,209,209,212,217,218,228,229,215,220,214,218,219,222,229,227,222,219,213,222,223,231,246,232,224,230,234,220,229,232,255,248,240,238,230,235,245,247,276,264,261,257,256,251,253,264],"rows":8,"seq":962,"status":[5,5,5,5,5,5,5,5,5,5,5,5,5,5,5,5,5,5,5,5,5,5,5,5,5,5,5,5,5,5,5,5,5,5,5,5,5,5,5,5,5,5,5,5,5,5,5,5,5,5,5,5,5,5,5,5,5,5,5,5,5,5,5,5],"t_ns":51245381071000}}
51257785960666	rest	depth	{"jsonrpc":"2.0","method":"tof.frame","params":{"at_us":71430460,"cols":8,"distance_mm":[225,216,216,209,212,210,215,230,211,225,217,209,209,210,205,214,230,216,216,215,208,211,212,225,229,226,220,210,212,214,216,228,232,228,228,207,218,223,222,222,246,232,230,224,222,230,224,232,259,248,245,238,236,239,238,245,275,262,264,257,252,243,251,266],"rows":8,"seq":963,"status":[5,5,5,5,5,5,5,5,5,5,5,5,5,5,5,5,5,5,5,5,5,5,5,5,5,5,5,5,5,5,5,5,5,5,5,5,5,5,5,5,5,5,5,5,5,5,5,5,5,5,5,5,5,5,5,5,5,5,5,5,5,5,5,5],"t_ns":51245460335000}}
51257862234541	rest	depth	{"jsonrpc":"2.0","method":"tof.frame","params":{"at_us":71507316,"cols":8,"distance_mm":[223,221,214,214,206,207,212,220,224,215,210,208,207,219,213,222,221,222,213,211,206,214,215,217,232,218,217,210,218,211,220,228,238,229,219,221,215,223,224,231,244,234,232,223,225,228,236,233,250,247,245,245,231,238,248,252,274,263,251,251,247,249,258,260],"rows":8,"seq":964,"status":[5,5,5,5,5,5,5,5,5,5,5,5,5,5,5,5,5,5,5,5,5,5,5,5,5,5,5,5,5,5,5,5,5,5,5,5,5,5,5,5,5,5,5,5,5,5,5,5,5,5,5,5,5,5,5,5,5,5,5,5,5,5,5,5],"t_ns":51245537192000}}
51257936587208	rest	depth	{"jsonrpc":"2.0","method":"tof.frame","params":{"at_us":71581650,"cols":8,"distance_mm":[228,223,207,208,205,211,217,222,220,217,218,209,217,214,210,220,225,218,212,212,207,210,217,215,224,220,213,211,213,214,224,221,235,218,223,219,221,223,223,237,249,235,229,220,223,235,234,239,256,245,243,244,236,235,243,246,274,260,259,254,249,256,250,263],"rows":8,"seq":965,"status":[5,5,5,5,5,5,5,5,5,5,5,5,5,5,5,5,5,5,5,5,5,5,5,5,5,5,5,5,5,5,5,5,5,5,5,5,5,5,5,5,5,5,5,5,5,5,5,5,5,5,5,5,5,5,5,5,5,5,5,5,5,5,5,5],"t_ns":51245611526000}}
51258006205458	rest	depth	{"jsonrpc":"2.0","method":"tof.frame","params":{"at_us":71650249,"cols":8,"distance_mm":[220,211,214,214,210,209,215,216,230,210,215,220,206,211,217,225,216,216,214,217,212,214,217,223,224,227,216,215,214,213,229,222,240,231,214,216,223,224,235,226,241,237,230,225,220,232,229,240,253,244,244,238,235,242,238,248,273,258,253,253,250,254,259,265],"rows":8,"seq":966,"status":[5,5,5,5,5,5,5,5,5,5,5,5,5,5,5,5,5,5,5,5,5,5,5,5,5,5,5,5,5,5,5,5,5,5,5,5,5,5,5,5,5,5,5,5,5,5,5,5,5,5,5,5,5,5,5,5,5,5,5,5,5,5,5,5],"t_ns":51245680124000}}
51258075000041	rest	depth	{"jsonrpc":"2.0","method":"tof.frame","params":{"at_us":71720026,"cols":8,"distance_mm":[226,218,216,207,210,211,214,221,216,217,221,207,205,207,219,217,236,225,211,211,211,208,218,230,230,218,218,214,215,216,219,221,234,229,228,225,219,217,223,229,239,236,232,233,226,227,229,238,254,248,244,248,236,243,252,248,268,257,253,256,250,254,257,262],"rows":8,"seq":967,"status":[5,5,5,5,5,5,5,5,5,5,5,5,5,5,5,5,5,5,5,5,5,5,5,5,5,5,5,5,5,5,5,5,5,5,5,5,5,5,5,5,5,5,5,5,5,5,5,5,5,5,5,5,5,5,5,5,5,5,5,5,5,5,5,5],"t_ns":51245749901000}}
51258150775250	rest	depth	{"jsonrpc":"2.0","method":"tof.frame","params":{"at_us":71795755,"cols":8,"distance_mm":[220,215,214,216,206,211,218,220,218,212,220,213,214,212,217,215,224,220,206,214,213,213,218,229,223,223,215,216,217,216,213,221,237,231,220,215,221,223,225,228,245,234,233,222,233,228,239,238,258,246,241,238,239,247,241,251,269,264,256,255,255,247,252,263],"rows":8,"seq":968,"status":[5,5,5,5,5,5,5,5,5,5,5,5,5,5,5,5,5,5,5,5,5,5,5,5,5,5,5,5,5,5,5,5,5,5,5,5,5,5,5,5,5,5,5,5,5,5,5,5,5,5,5,5,5,5,5,5,5,5,5,5,5,5,5,5],"t_ns":51245825631000}}
51258227906625	rest	depth	{"jsonrpc":"2.0","method":"tof.frame","params":{"at_us":71873650,"cols":8,"distance_mm":[225,225,220,214,220,200,212,217,231,212,217,209,211,214,211,223,216,217,217,207,215,218,207,220,237,220,221,215,204,218,217,224,233,229,230,227,217,223,224,228,241,241,230,225,226,222,238,240,259,249,247,237,238,237,242,249,272,260,260,249,244,250,255,263],"rows":8,"seq":969,"status":[5,5,5,5,5,5,5,5,5,5,5,5,5,5,5,5,5,5,5,5,5,5,5,5,5,5,5,5,5,5,5,5,5,5,5,5,5,5,5,5,5,5,5,5,5,5,5,5,5,5,5,5,5,5,5,5,5,5,5,5,5,5,5,5],"t_ns":51245903527000}}
51258309887500	rest	depth	{"jsonrpc":"2.0","method":"tof.frame","params":{"at_us":71953303,"cols":8,"distance_mm":[229,221,218,216,212,208,214,213,220,214,208,212,220,211,214,217,231,220,214,221,205,206,217,220,226,225,210,215,210,212,216,220,234,227,227,214,219,220,228,233,241,236,235,228,232,232,227,242,252,244,242,236,238,240,248,250,271,259,253,254,254,251,257,264],"rows":8,"seq":970,"status":[5,5,5,5,5,5,5,5,5,5,5,5,5,5,5,5,5,5,5,5,5,5,5,5,5,5,5,5,5,5,5,5,5,5,5,5,5,5,5,5,5,5,5,5,5,5,5,5,5,5,5,5,5,5,5,5,5,5,5,5,5,5,5,5],"t_ns":51245983180000}}
51258387613333	rest	depth	{"jsonrpc":"2.0","method":"tof.frame","params":{"at_us":72031407,"cols":8,"distance_mm":[225,211,220,208,213,206,213,218,217,226,207,209,218,208,212,224,225,216,209,211,210,204,216,218,228,223,212,211,213,222,215,222,233,228,220,216,206,218,220,230,250,240,233,225,226,230,227,243,260,251,240,236,236,239,246,251,271,272,261,258,248,249,258,271],"rows":8,"seq":971,"status":[5,5,5,5,5,5,5,5,5,5,5,5,5,5,5,5,5,5,5,5,5,5,5,5,5,5,5,5,5,5,5,5,5,5,5,5,5,5,5,5,5,5,5,5,5,5,5,5,5,5,5,5,5,5,5,5,5,5,5,5,5,5,5,5],"t_ns":51246061285000}}
51258462947208	rest	depth	{"jsonrpc":"2.0","method":"tof.frame","params":{"at_us":72106466,"cols":8,"distance_mm":[228,217,227,206,209,207,208,224,223,218,212,215,214,215,222,219,217,214,211,210,220,212,216,218,235,225,226,216,212,212,220,220,232,228,225,207,211,217,226,226,250,240,236,233,224,227,235,239,257,251,244,238,235,241,249,247,265,265,258,252,242,251,257,257],"rows":8,"seq":972,"status":[5,5,5,5,5,5,5,5,5,5,5,5,5,5,5,5,5,5,5,5,5,5,5,5,5,5,5,5,5,5,5,5,5,5,5,5,5,5,5,5,5,5,5,5,5,5,5,5,5,5,5,5,5,5,5,5,5,5,5,5,5,5,5,5],"t_ns":51246136343000}}
51258535061666	rest	depth	{"jsonrpc":"2.0","method":"tof.frame","params":{"at_us":72179465,"cols":8,"distance_mm":[227,214,214,210,210,215,221,217,226,217,219,206,217,212,213,216,223,217,210,200,215,209,216,217,230,219,216,208,218,207,227,227,237,234,225,223,216,211,227,225,248,230,230,228,223,229,232,239,251,245,231,233,240,236,238,252,270,268,259,251,254,250,258,271],"rows":8,"seq":973,"status":[5,5,5,5,5,5,5,5,5,5,5,5,5,5,5,5,5,5,5,5,5,5,5,5,5,5,5,5,5,5,5,5,5,5,5,5,5,5,5,5,5,5,5,5,5,5,5,5,5,5,5,5,5,5,5,5,5,5,5,5,5,5,5,5],"t_ns":51246209343000}}
51258604071541	rest	depth	{"jsonrpc":"2.0","method":"tof.frame","params":{"at_us":72247712,"cols":8,"distance_mm":[220,223,215,214,212,212,214,217,234,217,211,219,204,216,216,217,219,217,224,211,210,217,213,216,228,225,215,215,220,219,218,221,229,231,213,221,224,218,220,229,250,236,229,225,227,227,225,230,264,245,237,241,236,241,243,248,265,260,259,252,255,249,259,261],"rows":8,"seq":974,"status":[5,5,5,5,5,5,5,5,5,5,5,5,5,5,5,5,5,5,5,5,5,5,5,5,5,5,5,5,5,5,5,5,5,5,5,5,5,5,5,5,5,5,5,5,5,5,5,5,5,5,5,5,5,5,5,5,5,5,5,5,5,5,5,5],"t_ns":51246277590000}}
51258676074000	rest	depth	{"jsonrpc":"2.0","method":"tof.frame","params":{"at_us":72319846,"cols":8,"distance_mm":[225,217,213,211,203,214,213,221,219,214,214,203,214,212,211,219,223,206,215,217,211,209,218,220,231,221,215,216,219,209,224,221,239,228,225,223,219,224,222,233,245,234,230,228,235,235,229,240,259,257,246,240,233,240,249,242,273,260,251,254,250,254,256,262],"rows":8,"seq":975,"status":[5,5,5,5,5,5,5,5,5,5,5,5,5,5,5,5,5,5,5,5,5,5,5,5,5,5,5,5,5,5,5,5,5,5,5,5,5,5,5,5,5,5,5,5,5,5,5,5,5,5,5,5,5,5,5,5,5,5,5,5,5,5,5,5],"t_ns":51246349724000}}
51258748259750	rest	depth	{"jsonrpc":"2.0","method":"tof.frame","params":{"at_us":72391873,"cols":8,"distance_mm":[232,225,218,207,206,213,217,217,221,220,210,206,209,212,218,223,228,222,210,210,201,203,221,216,225,221,217,206,215,219,217,218,229,229,214,221,227,219,231,235,251,236,228,231,223,222,242,238,257,243,238,235,237,237,245,249,269,258,259,257,253,249,254,264],"rows":8,"seq":976,"status":[5,5,5,5,5,5,5,5,5,5,5,5,5,5,5,5,5,5,5,5,5,5,5,5,5,5,5,5,5,5,5,5,5,5,5,5,5,5,5,5,5,5,5,5,5,5,5,5,5,5,5,5,5,5,5,5,5,5,5,5,5,5,5,5],"t_ns":51246421752000}}
51258824813625	rest	depth	{"jsonrpc":"2.0","method":"tof.frame","params":{"at_us":72469887,"cols":8,"distance_mm":[226,214,210,216,213,213,221,227,222,219,207,206,208,217,208,223,227,216,215,211,216,205,214,222,222,218,216,214,213,209,216,221,241,233,224,222,222,226,226,223,245,229,230,227,225,231,240,237,260,246,249,244,235,236,241,250,272,255,256,254,249,258,256,272],"rows":8,"seq":977,"status":[5,5,5,5,5,5,5,5,5,5,5,5,5,5,5,5,5,5,5,5,5,5,5,5,5,5,5,5,5,5,5,5,5,5,5,5,5,5,5,5,5,5,5,5,5,5,5,5,5,5,5,5,5,5,5,5,5,5,5,5,5,5,5,5],"t_ns":51246499766000}}
51258904026791	rest	depth	{"jsonrpc":"2.0","method":"tof.frame","params":{"at_us":72549579,"cols":8,"distance_mm":[224,223,219,216,214,202,212,224,222,215,215,209,207,213,210,224,229,225,211,217,206,210,204,224,234,226,216,217,204,214,219,215,234,221,220,219,215,216,221,229,248,232,232,233,221,226,228,235,254,240,245,243,239,239,242,244,272,255,253,252,258,259,257,268],"rows":8,"seq":978,"status":[5,5,5,5,5,5,5,5,5,5,5,5,5,5,5,5,5,5,5,5,5,5,5,5,5,5,5,5,5,5,5,5,5,5,5,5,5,5,5,5,5,5,5,5,5,5,5,5,5,5,5,5,5,5,5,5,5,5,5,5,5,5,5,5],"t_ns":51246579458000}}
51258980750041	rest	depth	{"jsonrpc":"2.0","method":"tof.frame","params":{"at_us":72623780,"cols":8,"distance_mm":[225,225,213,207,211,217,214,216,220,221,217,215,211,206,207,214,230,221,210,213,212,220,221,216,235,221,217,212,219,209,220,225,239,224,221,223,219,218,221,234,240,239,235,232,234,226,224,241,248,251,242,242,236,234,247,246,273,257,254,252,251,255,257,272],"rows":8,"seq":979,"status":[5,5,5,5,5,5,5,5,5,5,5,5,5,5,5,5,5,5,5,5,5,5,5,5,5,5,5,5,5,5,5,5,5,5,5,5,5,5,5,5,5,5,5,5,5,5,5,5,5,5,5,5,5,5,5,5,5,5,5,5,5,5,5,5],"t_ns":51246653660000}}
51259057550750	rest	depth	{"jsonrpc":"2.0","method":"tof.frame","params":{"at_us":72701980,"cols":8,"distance_mm":[228,217,215,216,212,213,213,221,229,218,215,203,204,211,206,226,226,221,216,206,208,209,215,220,225,216,215,208,215,217,212,215,238,230,221,218,217,214,222,227,251,237,232,228,226,230,234,238,256,250,236,235,250,238,247,250,275,258,257,257,255,248,265,269],"rows":8,"seq":980,"status":[5,5,5,5,5,5,5,5,5,5,5,5,5,5,5,5,5,5,5,5,5,5,5,5,5,5,5,5,5,5,5,5,5,5,5,5,5,5,5,5,5,5,5,5,5,5,5,5,5,5,5,5,5,5,5,5,5,5,5,5,5,5,5,5],"t_ns":51246731860000}}
51259128430750	rest	depth	{"jsonrpc":"2.0","method":"tof.frame","params":{"at_us":72772320,"cols":8,"distance_mm":[225,212,217,213,209,214,208,219,223,223,211,216,209,208,213,226,234,221,214,213,210,202,211,219,226,218,213,221,209,214,218,218,236,235,224,213,211,220,228,232,240,239,228,221,232,227,228,238,251,250,241,235,237,242,245,255,270,258,256,251,248,249,249,268],"rows":8,"seq":981,"status":[5,5,5,5,5,5,5,5,5,5,5,5,5,5,5,5,5,5,5,5,5,5,5,5,5,5,5,5,5,5,5,5,5,5,5,5,5,5,5,5,5,5,5,5,5,5,5,5,5,5,5,5,5,5,5,5,5,5,5,5,5,5,5,5],"t_ns":51246802200000}}
51259203268458	rest	depth	{"jsonrpc":"2.0","method":"tof.frame","params":{"at_us":72848502,"cols":8,"distance_mm":[222,218,213,212,206,215,214,216,227,209,211,203,209,210,206,218,223,212,211,208,205,215,205,218,232,229,225,207,213,216,225,231,238,232,216,216,216,222,230,228,249,230,228,223,221,225,232,230,253,251,244,238,239,233,250,247,271,261,262,261,247,255,254,260],"rows":8,"seq":982,"status":[5,5,5,5,5,5,5,5,5,5,5,5,5,5,5,5,5,5,5,5,5,5,5,5,5,5,5,5,5,5,5,5,5,5,5,5,5,5,5,5,5,5,5,5,5,5,5,5,5,5,5,5,5,5,5,5,5,5,5,5,5,5,5,5],"t_ns":51246878382000}}
51259278558875	rest	depth	{"jsonrpc":"2.0","method":"tof.frame","params":{"at_us":72923246,"cols":8,"distance_mm":[227,223,208,202,214,208,214,216,228,224,209,208,209,213,213,217,221,225,212,209,216,210,214,224,232,225,219,210,210,219,222,218,234,229,230,221,223,223,222,224,251,233,236,229,224,222,234,235,262,242,244,244,237,235,241,251,271,259,258,251,255,249,250,268],"rows":8,"seq":983,"status":[5,5,5,5,5,5,5,5,5,5,5,5,5,5,5,5,5,5,5,5,5,5,5,5,5,5,5,5,5,5,5,5,5,5,5,5,5,5,5,5,5,5,5,5,5,5,5,5,5,5,5,5,5,5,5,5,5,5,5,5,5,5,5,5],"t_ns":51246953127000}}
51259357422541	rest	depth	{"jsonrpc":"2.0","method":"tof.frame","params":{"at_us":73001359,"cols":8,"distance_mm":[230,216,218,207,210,210,213,219,219,221,206,211,212,203,211,215,226,218,216,204,207,207,219,215,231,225,216,209,217,218,218,220,239,226,226,219,214,226,221,228,237,236,236,218,230,228,230,242,258,242,243,235,241,234,242,253,283,262,264,255,254,256,253,263],"rows":8,"seq":984,"status":[5,5,5,5,5,5,5,5,5,5,5,5,5,5,5,5,5,5,5,5,5,5,5,5,5,5,5,5,5,5,5,5,5,5,5,5,5,5,5,5,5,5,5,5,5,5,5,5,5,5,5,5,5,5,5,5,5,5,5,5,5,5,5,5],"t_ns":51247031240000}}
51259432931666	rest	depth	{"jsonrpc":"2.0","method":"tof.frame","params":{"at_us":73078622,"cols":8,"distance_mm":[229,221,219,211,211,211,216,220,223,217,216,207,208,216,214,222,228,227,209,207,207,210,209,229,231,219,218,214,219,214,218,222,240,232,219,215,221,222,225,233,248,236,233,235,224,235,235,239,258,247,236,236,237,244,244,257,271,256,258,244,253,257,251,264],"rows":8,"seq":985,"status":[5,5,5,5,5,5,5,5,5,5,5,5,5,5,5,5,5,5,5,5,5,5,5,5,5,5,5,5,5,5,5,5,5,5,5,5,5,5,5,5,5,5,5,5,5,5,5,5,5,5,5,5,5,5,5,5,5,5,5,5,5,5,5,5],"t_ns":51247108504000}}
51259503980083	rest	depth	{"jsonrpc":"2.0","method":"tof.frame","params":{"at_us":73147843,"cols":8,"distance_mm":[229,226,207,210,211,208,218,221,224,225,209,212,208,210,218,219,230,218,218,210,207,217,212,223,226,226,217,210,214,212,214,226,236,229,227,219,217,210,223,227,252,234,222,234,230,230,230,236,251,239,240,245,239,237,237,246,269,266,250,252,246,257,260,258],"rows":8,"seq":986,"status":[5,5,5,5,5,5,5,5,5,5,5,5,5,5,5,5,5,5,5,5,5,5,5,5,5,5,5,5,5,5,5,5,5,5,5,5,5,5,5,5,5,5,5,5,5,5,5,5,5,5,5,5,5,5,5,5,5,5,5,5,5,5,5,5],"t_ns":51247177724000}}
51259579075833	rest	depth	{"jsonrpc":"2.0","method":"tof.frame","params":{"at_us":73222583,"cols":8,"distance_mm":[219,219,217,208,210,217,214,221,225,217,216,215,209,201,210,217,227,224,209,207,214,215,212,227,231,230,210,208,215,219,215,225,234,228,222,219,220,224,221,227,240,239,232,223,222,234,236,234,257,254,234,240,235,236,246,250,277,257,256,252,252,255,254,262],"rows":8,"seq":987,"status":[5,5,5,5,5,5,5,5,5,5,5,5,5,5,5,5,5,5,5,5,5,5,5,5,5,5,5,5,5,5,5,5,5,5,5,5,5,5,5,5,5,5,5,5,5,5,5,5,5,5,5,5,5,5,5,5,5,5,5,5,5,5,5,5],"t_ns":51247252465000}}
51259648604583	rest	depth	{"jsonrpc":"2.0","method":"tof.frame","params":{"at_us":73293139,"cols":8,"distance_mm":[226,220,213,210,205,212,218,221,219,223,219,204,215,215,222,223,227,218,206,219,212,205,212,220,231,218,225,209,212,216,218,226,242,227,222,218,215,222,230,232,251,241,227,228,226,220,230,239,255,251,235,241,236,250,241,249,272,266,261,253,246,250,252,261],"rows":8,"seq":988,"status":[5,5,5,5,5,5,5,5,5,5,5,5,5,5,5,5,5,5,5,5,5,5,5,5,5,5,5,5,5,5,5,5,5,5,5,5,5,5,5,5,5,5,5,5,5,5,5,5,5,5,5,5,5,5,5,5,5,5,5,5,5,5,5,5],"t_ns":51247323022000}}
51259717780166	rest	depth	{"jsonrpc":"2.0","method":"tof.frame","params":{"at_us":73361633,"cols":8,"distance_mm":[229,222,217,208,211,214,218,217,221,212,210,205,208,203,213,216,228,218,220,214,208,216,224,224,227,216,220,214,213,220,219,219,234,226,228,219,213,220,223,223,246,239,236,228,231,236,235,238,258,254,242,241,232,235,246,247,272,266,260,258,251,256,254,271],"rows":8,"seq":989,"status":[5,5,5,5,5,5,5,5,5,5,5,5,5,5,5,5,5,5,5,5,5,5,5,5,5,5,5,5,5,5,5,5,5,5,5,5,5,5,5,5,5,5,5,5,5,5,5,5,5,5,5,5,5,5,5,5,5,5,5,5,5,5,5,5],"t_ns":51247391516000}}
51259793213875	rest	depth	{"jsonrpc":"2.0","method":"tof.frame","params":{"at_us":73437654,"cols":8,"distance_mm":[225,211,218,213,210,206,212,214,231,222,207,212,218,214,204,226,225,227,219,212,211,208,218,219,231,225,217,215,212,213,227,222,235,224,220,218,220,226,222,227,245,235,229,231,218,223,235,235,263,242,251,233,239,235,240,253,278,257,254,252,253,254,257,262],"rows":8,"seq":990,"status":[5,5,5,5,5,5,5,5,5,5,5,5,5,5,5,5,5,5,5,5,5,5,5,5,5,5,5,5,5,5,5,5,5,5,5,5,5,5,5,5,5,5,5,5,5,5,5,5,5,5,5,5,5,5,5,5,5,5,5,5,5,5,5,5],"t_ns":51247467537000}}
51259867781916	rest	depth	{"jsonrpc":"2.0","method":"tof.frame","params":{"at_us":73511752,"cols":8,"distance_mm":[226,223,216,215,210,218,213,227,226,221,208,207,202,211,217,213,225,217,215,214,210,211,214,219,233,223,213,210,214,216,218,226,236,223,224,222,216,219,224,237,245,237,229,221,220,220,222,246,266,252,245,244,244,237,242,252,274,261,259,253,253,262,256,267],"rows":8,"seq":991,"status":[5,5,5,5,5,5,5,5,5,5,5,5,5,5,5,5,5,5,5,5,5,5,5,5,5,5,5,5,5,5,5,5,5,5,5,5,5,5,5,5,5,5,5,5,5,5,5,5,5,5,5,5,5,5,5,5,5,5,5,5,5,5,5,5],"t_ns":51247541635000}}
51259940096041	rest	depth	{"jsonrpc":"2.0","method":"tof.frame","params":{"at_us":73583548,"cols":8,"distance_mm":[228,221,219,214,208,207,218,220,222,221,213,207,213,214,224,217,234,223,210,214,211,215,218,220,231,216,217,207,216,213,217,227,235,223,224,222,218,226,230,241,245,237,226,226,231,227,235,242,266,246,241,237,243,235,244,253,276,268,257,256,241,253,254,274],"rows":8,"seq":992,"status":[5,5,5,5,5,5,5,5,5,5,5,5,5,5,5,5,5,5,5,5,5,5,5,5,5,5,5,5,5,5,5,5,5,5,5,5,5,5,5,5,5,5,5,5,5,5,5,5,5,5,5,5,5,5,5,5,5,5,5,5,5,5,5,5],"t_ns":51247613433000}}
51260016295125	rest	depth	{"jsonrpc":"2.0","method":"tof.frame","params":{"at_us":73661511,"cols":8,"distance_mm":[220,220,211,216,216,209,213,218,230,222,219,208,217,207,217,215,224,219,207,213,209,216,216,226,227,222,217,210,210,214,215,227,242,233,227,226,219,222,230,235,238,240,236,233,229,225,238,241,260,244,237,240,235,240,245,246,269,260,264,251,253,251,260,260],"rows":8,"seq":993,"status":[5,5,5,5,5,5,5,5,5,5,5,5,5,5,5,5,5,5,5,5,5,5,5,5,5,5,5,5,5,5,5,5,5,5,5,5,5,5,5,5,5,5,5,5,5,5,5,5,5,5,5,5,5,5,5,5,5,5,5,5,5,5,5,5],"t_ns":51247691395000}}
51260087158708	rest	depth	{"jsonrpc":"2.0","method":"tof.frame","params":{"at_us":73732560,"cols":8,"distance_mm":[225,222,219,208,211,208,217,214,223,217,212,210,207,199,218,217,226,222,207,216,207,211,209,225,230,223,215,213,214,219,222,232,236,230,224,215,218,214,225,231,250,236,234,228,228,229,236,243,256,245,243,244,234,238,246,250,273,264,254,250,257,258,255,273],"rows":8,"seq":994,"status":[5,5,5,5,5,5,5,5,5,5,5,5,5,5,5,5,5,5,5,5,5,5,5,5,5,5,5,5,5,5,5,5,5,5,5,5,5,5,5,5,5,5,5,5,5,5,5,5,5,5,5,5,5,5,5,5,5,5,5,5,5,5,5,5],"t_ns":51247762444000}}
51260165647000	rest	depth	{"jsonrpc":"2.0","method":"tof.frame","params":{"at_us":73809094,"cols":8,"distance_mm":[220,228,213,213,207,210,210,217,228,218,218,215,206,207,216,216,225,211,205,218,211,209,212,219,229,227,219,212,218,212,225,226,239,226,222,220,213,224,226,223,240,243,231,230,232,223,231,238,256,252,246,228,242,241,239,255,267,264,253,250,248,254,258,270],"rows":8,"seq":995,"status":[5,5,5,5,5,5,5,5,5,5,5,5,5,5,5,5,5,5,5,5,5,5,5,5,5,5,5,5,5,5,5,5,5,5,5,5,5,5,5,5,5,5,5,5,5,5,5,5,5,5,5,5,5,5,5,5,5,5,5,5,5,5,5,5],"t_ns":51247838979000}}
51260234890458	rest	depth	{"jsonrpc":"2.0","method":"tof.frame","params":{"at_us":73880233,"cols":8,"distance_mm":[224,221,212,212,214,212,207,212,227,217,212,217,209,211,217,229,218,209,216,210,218,206,220,217,227,228,211,214,208,217,214,219,232,228,222,217,210,222,225,232,237,237,231,222,223,226,232,246,257,253,236,241,238,238,239,249,266,277,253,250,254,255,255,261],"rows":8,"seq":996,"status":[5,5,5,5,5,5,5,5,5,5,5,5,5,5,5,5,5,5,5,5,5,5,5,5,5,5,5,5,5,5,5,5,5,5,5,5,5,5,5,5,5,5,5,5,5,5,5,5,5,5,5,5,5,5,5,5,5,5,5,5,5,5,5,5],"t_ns":51247910118000}}
51260305959000	rest	depth	{"jsonrpc":"2.0","method":"tof.frame","params":{"at_us":73949385,"cols":8,"distance_mm":[232,219,217,210,215,207,216,224,222,213,217,214,217,211,219,220,228,210,213,214,212,214,216,219,224,215,216,210,217,218,223,220,238,225,216,222,226,225,229,223,239,231,225,234,228,228,232,238,257,241,247,240,235,242,243,253,273,251,258,262,257,256,258,259],"rows":8,"seq":997,"status":[5,5,5,5,5,5,5,5,5,5,5,5,5,5,5,5,5,5,5,5,5,5,5,5,5,5,5,5,5,5,5,5,5,5,5,5,5,5,5,5,5,5,5,5,5,5,5,5,5,5,5,5,5,5,5,5,5,5,5,5,5,5,5,5],"t_ns":51247979270000}}
51260375192583	rest	depth	{"jsonrpc":"2.0","method":"tof.frame","params":{"at_us":74019393,"cols":8,"distance_mm":[224,220,212,208,209,216,214,223,229,212,217,211,220,215,215,216,222,224,215,211,214,217,215,227,228,216,220,217,215,222,222,227,239,228,222,222,222,221,230,233,257,233,230,231,228,215,228,238,256,254,241,241,231,243,237,252,270,259,252,259,255,260,257,265],"rows":8,"seq":998,"status":[5,5,5,5,5,5,5,5,5,5,5,5,5,5,5,5,5,5,5,5,5,5,5,5,5,5,5,5,5,5,5,5,5,5,5,5,5,5,5,5,5,5,5,5,5,5,5,5,5,5,5,5,5,5,5,5,5,5,5,5,5,5,5,5],"t_ns":51248049279000}}
51260452396125	rest	depth	{"jsonrpc":"2.0","method":"tof.frame","params":{"at_us":74095851,"cols":8,"distance_mm":[228,214,215,211,209,208,214,218,220,218,216,210,207,211,212,220,218,215,207,216,202,207,219,217,232,220,225,216,214,219,216,217,236,225,214,218,214,223,221,232,242,242,231,229,230,229,231,240,252,249,237,239,240,237,238,243,265,266,257,250,257,255,260,270],"rows":8,"seq":999,"status":[5,5,5,5,5,5,5,5,5,5,5,5,5,5,5,5,5,5,5,5,5,5,5,5,5,5,5,5,5,5,5,5,5,5,5,5,5,5,5,5,5,5,5,5,5,5,5,5,5,5,5,5,5,5,5,5,5,5,5,5,5,5,5,5],"t_ns":51248125737000}}
51260524371291	rest	depth	{"jsonrpc":"2.0","method":"tof.frame","params":{"at_us":74168179,"cols":8,"distance_mm":[215,225,208,214,214,211,217,219,225,219,212,217,211,208,219,221,232,220,217,209,209,216,219,222,234,220,223,216,213,216,220,222,236,228,214,218,219,223,221,229,250,238,230,225,228,236,233,241,260,246,242,239,238,248,245,252,271,257,255,251,254,255,265,264],"rows":8,"seq":1000,"status":[5,5,5,5,5,5,5,5,5,5,5,5,5,5,5,5,5,5,5,5,5,5,5,5,5,5,5,5,5,5,5,5,5,5,5,5,5,5,5,5,5,5,5,5,5,5,5,5,5,5,5,5,5,5,5,5,5,5,5,5,5,5,5,5],"t_ns":51248198065000}}
51260595584375	rest	depth	{"jsonrpc":"2.0","method":"tof.frame","params":{"at_us":74239806,"cols":8,"distance_mm":[226,227,208,213,215,215,217,217,224,221,208,213,206,213,221,218,229,218,217,206,210,207,222,229,224,223,213,214,215,213,219,226,239,225,223,220,222,215,227,232,240,237,231,233,226,220,233,236,259,244,240,239,234,245,246,253,269,265,254,259,248,245,255,258],"rows":8,"seq":1001,"status":[5,5,5,5,5,5,5,5,5,5,5,5,5,5,5,5,5,5,5,5,5,5,5,5,5,5,5,5,5,5,5,5,5,5,5,5,5,5,5,5,5,5,5,5,5,5,5,5,5,5,5,5,5,5,5,5,5,5,5,5,5,5,5,5],"t_ns":51248269693000}}
51260666646708	rest	depth	{"jsonrpc":"2.0","method":"tof.frame","params":{"at_us":74310195,"cols":8,"distance_mm":[223,221,219,216,208,206,212,221,217,215,216,207,208,210,210,217,224,216,217,209,212,209,212,223,230,222,213,215,220,216,214,225,235,232,219,223,222,225,224,229,244,241,231,219,225,234,231,234,260,249,240,243,240,239,236,247,272,272,251,254,249,258,254,265],"rows":8,"seq":1002,"status":[5,5,5,5,5,5,5,5,5,5,5,5,5,5,5,5,5,5,5,5,5,5,5,5,5,5,5,5,5,5,5,5,5,5,5,5,5,5,5,5,5,5,5,5,5,5,5,5,5,5,5,5,5,5,5,5,5,5,5,5,5,5,5,5],"t_ns":51248340082000}}
51260744186791	rest	depth	{"jsonrpc":"2.0","method":"tof.frame","params":{"at_us":74387446,"cols":8,"distance_mm":[228,219,209,216,208,214,209,222,228,221,218,206,213,206,210,217,228,221,212,215,213,210,217,223,225,223,223,217,215,220,221,219,236,225,221,219,215,222,220,230,238,238,225,234,233,226,232,239,259,242,236,233,240,244,246,252,273,265,260,261,254,249,260,258],"rows":8,"seq":1003,"status":[5,5,5,5,5,5,5,5,5,5,5,5,5,5,5,5,5,5,5,5,5,5,5,5,5,5,5,5,5,5,5,5,5,5,5,5,5,5,5,5,5,5,5,5,5,5,5,5,5,5,5,5,5,5,5,5,5,5,5,5,5,5,5,5],"t_ns":51248417333000}}
51260811316000	rest	depth	{"jsonrpc":"2.0","method":"tof.frame","params":{"at_us":74454822,"cols":8,"distance_mm":[226,217,219,217,207,213,210,219,228,214,212,208,208,208,209,220,226,219,211,211,211,209,213,218,232,222,220,214,215,215,215,222,237,227,231,213,217,221,221,226,240,230,234,234,225,225,232,238,247,254,241,234,238,246,235,247,278,258,258,250,246,243,257,269],"rows":8,"seq":1004,"status":[5,5,5,5,5,5,5,5,5,5,5,5,5,5,5,5,5,5,5,5,5,5,5,5,5,5,5,5,5,5,5,5,5,5,5,5,5,5,5,5,5,5,5,5,5,5,5,5,5,5,5,5,5,5,5,5,5,5,5,5,5,5,5,5],"t_ns":51248484709000}}
51260886727875	rest	depth	{"jsonrpc":"2.0","method":"tof.frame","params":{"at_us":74529723,"cols":8,"distance_mm":[219,223,212,216,214,213,212,228,227,222,215,201,212,207,215,221,220,221,213,205,210,222,218,221,230,228,221,211,209,219,225,219,227,224,219,216,217,220,223,223,243,233,230,230,222,222,238,238,258,246,237,237,241,237,236,245,273,268,246,264,256,252,263,269],"rows":8,"seq":1005,"status":[5,5,5,5,5,5,5,5,5,5,5,5,5,5,5,5,5,5,5,5,5,5,5,5,5,5,5,5,5,5,5,5,5,5,5,5,5,5,5,5,5,5,5,5,5,5,5,5,5,5,5,5,5,5,5,5,5,5,5,5,5,5,5,5],"t_ns":51248559611000}}
51260962017000	rest	depth	{"jsonrpc":"2.0","method":"tof.frame","params":{"at_us":74607267,"cols":8,"distance_mm":[227,214,215,216,214,216,218,213,222,224,209,214,212,217,218,219,220,223,211,211,207,214,215,220,228,224,217,213,214,225,210,224,241,223,220,212,221,216,223,228,248,242,230,227,229,230,234,235,253,244,244,238,240,233,241,251,268,251,253,255,253,253,262,268],"rows":8,"seq":1006,"status":[5,5,5,5,5,5,5,5,5,5,5,5,5,5,5,5,5,5,5,5,5,5,5,5,5,5,5,5,5,5,5,5,5,5,5,5,5,5,5,5,5,5,5,5,5,5,5,5,5,5,5,5,5,5,5,5,5,5,5,5,5,5,5,5],"t_ns":51248637155000}}
51261037332375	rest	depth	{"jsonrpc":"2.0","method":"tof.frame","params":{"at_us":74682981,"cols":8,"distance_mm":[230,209,214,202,208,214,217,210,228,218,210,204,213,209,210,220,217,210,211,217,207,209,218,221,230,219,222,214,216,215,221,222,241,222,219,217,220,217,225,226,245,233,226,233,228,220,224,234,251,239,244,230,229,237,252,249,271,262,250,253,248,252,250,276],"rows":8,"seq":1007,"status":[5,5,5,5,5,5,5,5,5,5,5,5,5,5,5,5,5,5,5,5,5,5,5,5,5,5,5,5,5,5,5,5,5,5,5,5,5,5,5,5,5,5,5,5,5,5,5,5,5,5,5,5,5,5,5,5,5,5,5,5,5,5,5,5],"t_ns":51248712869000}}
51261108257500	rest	depth	{"jsonrpc":"2.0","method":"tof.frame","params":{"at_us":74751972,"cols":8,"distance_mm":[234,228,215,211,211,215,213,218,222,215,211,211,215,207,215,219,223,215,217,209,206,212,218,224,228,227,221,215,214,218,217,229,235,223,217,216,221,222,216,236,245,235,230,227,230,227,231,246,258,247,241,239,240,240,243,242,270,252,251,255,253,254,249,270],"rows":8,"seq":1008,"status":[5,5,5,5,5,5,5,5,5,5,5,5,5,5,5,5,5,5,5,5,5,5,5,5,5,5,5,5,5,5,5,5,5,5,5,5,5,5,5,5,5,5,5,5,5,5,5,5,5,5,5,5,5,5,5,5,5,5,5,5,5,5,5,5],"t_ns":51248781861000}}
51261180357166	rest	depth	{"jsonrpc":"2.0","method":"tof.frame","params":{"at_us":74823953,"cols":8,"distance_mm":[230,218,213,208,214,205,222,219,221,217,218,210,211,217,212,217,223,220,209,212,208,217,217,216,227,222,217,214,216,220,219,219,239,227,220,216,217,219,227,224,248,234,226,221,224,232,230,245,262,245,238,236,244,235,249,250,278,266,256,255,252,250,263,264],"rows":8,"seq":1009,"status":[5,5,5,5,5,5,5,5,5,5,5,5,5,5,5,5,5,5,5,5,5,5,5,5,5,5,5,5,5,5,5,5,5,5,5,5,5,5,5,5,5,5,5,5,5,5,5,5,5,5,5,5,5,5,5,5,5,5,5,5,5,5,5,5],"t_ns":51248853841000}}
51261258209583	rest	depth	{"jsonrpc":"2.0","method":"tof.frame","params":{"at_us":74901227,"cols":8,"distance_mm":[231,225,214,209,208,208,203,218,217,216,208,213,214,208,214,216,222,217,214,208,210,214,217,218,233,224,217,211,208,215,222,221,236,217,218,222,226,216,226,236,246,240,233,229,221,223,235,235,255,243,242,242,235,237,244,245,274,262,256,255,261,249,261,259],"rows":8,"seq":1010,"status":[5,5,5,5,5,5,5,5,5,5,5,5,5,5,5,5,5,5,5,5,5,5,5,5,5,5,5,5,5,5,5,5,5,5,5,5,5,5,5,5,5,5,5,5,5,5,5,5,5,5,5,5,5,5,5,5,5,5,5,5,5,5,5,5],"t_ns":51248931116000}}
51261327481208	rest	depth	{"jsonrpc":"2.0","method":"tof.frame","params":{"at_us":74970516,"cols":8,"distance_mm":[223,220,215,214,209,208,212,221,224,219,213,208,214,207,207,224,230,221,216,210,214,214,212,219,227,225,221,216,215,210,219,226,232,228,221,225,223,224,220,229,244,239,233,226,229,228,234,238,257,251,236,230,242,239,253,254,264,270,256,257,253,250,257,259],"rows":8,"seq":1011,"status":[5,5,5,5,5,5,5,5,5,5,5,5,5,5,5,5,5,5,5,5,5,5,5,5,5,5,5,5,5,5,5,5,5,5,5,5,5,5,5,5,5,5,5,5,5,5,5,5,5,5,5,5,5,5,5,5,5,5,5,5,5,5,5,5],"t_ns":51249000405000}}
51261399737166	rest	depth	{"jsonrpc":"2.0","method":"tof.frame","params":{"at_us":75045129,"cols":8,"distance_mm":[230,215,220,212,213,211,221,222,219,220,216,219,215,214,216,219,235,222,209,213,208,206,221,224,229,225,216,213,213,212,217,225,236,228,225,220,218,214,223,221,250,243,232,231,232,229,232,231,259,248,235,240,237,237,243,246,278,267,261,250,246,250,247,263],"rows":8,"seq":1012,"status":[5,5,5,5,5,5,5,5,5,5,5,5,5,5,5,5,5,5,5,5,5,5,5,5,5,5,5,5,5,5,5,5,5,5,5,5,5,5,5,5,5,5,5,5,5,5,5,5,5,5,5,5,5,5,5,5,5,5,5,5,5,5,5,5],"t_ns":51249075019000}}
51261469898000	rest	depth	{"jsonrpc":"2.0","method":"tof.frame","params":{"at_us":75113341,"cols":8,"distance_mm":[229,208,210,216,214,221,215,220,228,220,212,214,212,212,212,218,225,215,209,222,216,205,218,217,237,224,210,212,213,215,216,221,242,226,217,219,225,219,220,232,246,234,231,227,225,230,229,239,261,248,246,233,231,239,242,246,275,264,254,255,246,250,253,267],"rows":8,"seq":1013,"status":[5,5,5,5,5,5,5,5,5,5,5,5,5,5,5,5,5,5,5,5,5,5,5,5,5,5,5,5,5,5,5,5,5,5,5,5,5,5,5,5,5,5,5,5,5,5,5,5,5,5,5,5,5,5,5,5,5,5,5,5,5,5,5,5],"t_ns":51249143231000}}
51261545039000	rest	depth	{"jsonrpc":"2.0","method":"tof.frame","params":{"at_us":75190284,"cols":8,"distance_mm":[229,225,212,217,212,208,212,219,223,221,213,206,205,211,223,221,223,226,217,204,218,217,213,217,228,228,217,217,214,208,222,221,234,227,226,221,218,213,226,230,239,230,230,228,221,231,233,240,253,245,243,244,238,229,243,250,276,272,262,252,255,247,260,263],"rows":8,"seq":1014,"status":[5,5,5,5,5,5,5,5,5,5,5,5,5,5,5,5,5,5,5,5,5,5,5,5,5,5,5,5,5,5,5,5,5,5,5,5,5,5,5,5,5,5,5,5,5,5,5,5,5,5,5,5,5,5,5,5,5,5,5,5,5,5,5,5],"t_ns":51249220174000}}
51261620321500	rest	depth	{"jsonrpc":"2.0","method":"tof.frame","params":{"at_us":75264968,"cols":8,"distance_mm":[222,218,210,216,210,214,221,221,220,218,211,211,208,211,207,218,227,222,212,214,203,211,220,226,245,217,222,218,212,207,219,226,233,234,232,219,216,217,221,228,247,234,234,224,229,229,237,246,260,253,246,236,239,236,241,254,273,272,263,257,248,247,260,258],"rows":8,"seq":1015,"status":[5,5,5,5,5,5,5,5,5,5,5,5,5,5,5,5,5,5,5,5,5,5,5,5,5,5,5,5,5,5,5,5,5,5,5,5,5,5,5,5,5,5,5,5,5,5,5,5,5,5,5,5,5,5,5,5,5,5,5,5,5,5,5,5],"t_ns":51249294859000}}
51261697687541	rest	depth	{"jsonrpc":"2.0","method":"tof.frame","params":{"at_us":75342244,"cols":8,"distance_mm":[222,224,216,209,211,210,211,223,220,219,211,207,213,209,216,218,227,218,213,201,208,209,213,223,233,218,216,219,216,211,225,230,228,234,224,225,216,222,218,230,242,241,229,230,226,234,233,243,253,244,239,237,237,230,244,247,274,262,254,262,254,255,262,268],"rows":8,"seq":1016,"status":[5,5,5,5,5,5,5,5,5,5,5,5,5,5,5,5,5,5,5,5,5,5,5,5,5,5,5,5,5,5,5,5,5,5,5,5,5,5,5,5,5,5,5,5,5,5,5,5,5,5,5,5,5,5,5,5,5,5,5,5,5,5,5,5],"t_ns":51249372135000}}
51261769654875	rest	depth	{"jsonrpc":"2.0","method":"tof.frame","params":{"at_us":75413187,"cols":8,"distance_mm":[228,222,215,212,214,209,215,211,227,217,214,218,207,209,223,221,229,220,215,216,212,221,210,228,229,221,219,213,215,217,223,220,236,228,222,219,213,223,223,222,258,234,233,233,218,228,228,237,259,243,241,240,229,242,239,248,271,262,256,251,252,250,256,267],"rows":8,"seq":1017,"status":[5,5,5,5,5,5,5,5,5,5,5,5,5,5,5,5,5,5,5,5,5,5,5,5,5,5,5,5,5,5,5,5,5,5,5,5,5,5,5,5,5,5,5,5,5,5,5,5,5,5,5,5,5,5,5,5,5,5,5,5,5,5,5,5],"t_ns":51249443078000}}
51261841454166	rest	depth	{"jsonrpc":"2.0","method":"tof.frame","params":{"at_us":75485024,"cols":8,"distance_mm":[226,218,207,217,207,213,213,215,223,215,216,218,216,207,216,227,229,219,211,213,205,217,216,217,234,232,223,214,209,212,219,230,229,225,216,215,225,223,228,225,242,237,222,223,227,227,230,230,259,245,237,239,238,237,248,249,280,268,260,255,255,256,258,272],"rows":8,"seq":1018,"status":[5,5,5,5,5,5,5,5,5,5,5,5,5,5,5,5,5,5,5,5,5,5,5,5,5,5,5,5,5,5,5,5,5,5,5,5,5,5,5,5,5,5,5,5,5,5,5,5,5,5,5,5,5,5,5,5,5,5,5,5,5,5,5,5],"t_ns":51249514916000}}
51261910366041	rest	depth	{"jsonrpc":"2.0","method":"tof.frame","params":{"at_us":75555382,"cols":8,"distance_mm":[224,213,219,211,217,213,219,219,227,222,215,207,203,216,219,218,230,221,212,210,210,214,209,213,232,218,221,210,214,217,210,221,237,238,226,216,222,218,227,234,245,238,231,227,229,228,238,242,257,250,244,237,241,238,244,250,275,273,256,249,241,261,254,266],"rows":8,"seq":1019,"status":[5,5,5,5,5,5,5,5,5,5,5,5,5,5,5,5,5,5,5,5,5,5,5,5,5,5,5,5,5,5,5,5,5,5,5,5,5,5,5,5,5,5,5,5,5,5,5,5,5,5,5,5,5,5,5,5,5,5,5,5,5,5,5,5],"t_ns":51249585274000}}
51261988448666	rest	depth	{"jsonrpc":"2.0","method":"tof.frame","params":{"at_us":75632646,"cols":8,"distance_mm":[227,214,207,209,218,210,220,224,218,225,210,218,214,211,219,215,224,218,219,215,212,216,215,222,225,229,216,220,212,217,220,223,234,222,227,225,218,221,223,229,245,238,228,226,233,232,230,236,257,253,241,238,240,238,246,258,272,266,256,253,251,258,261,262],"rows":8,"seq":1020,"status":[5,5,5,5,5,5,5,5,5,5,5,5,5,5,5,5,5,5,5,5,5,5,5,5,5,5,5,5,5,5,5,5,5,5,5,5,5,5,5,5,5,5,5,5,5,5,5,5,5,5,5,5,5,5,5,5,5,5,5,5,5,5,5,5],"t_ns":51249662538000}}
51262065526375	rest	depth	{"jsonrpc":"2.0","method":"tof.frame","params":{"at_us":75709905,"cols":8,"distance_mm":[228,225,216,210,209,211,211,211,220,216,212,203,217,215,216,217,227,224,214,215,208,210,220,222,224,232,223,213,213,211,216,227,234,227,226,219,213,221,220,235,245,235,231,228,219,230,228,235,255,243,248,235,237,232,249,248,274,262,262,253,250,254,253,260],"rows":8,"seq":1021,"status":[5,5,5,5,5,5,5,5,5,5,5,5,5,5,5,5,5,5,5,5,5,5,5,5,5,5,5,5,5,5,5,5,5,5,5,5,5,5,5,5,5,5,5,5,5,5,5,5,5,5,5,5,5,5,5,5,5,5,5,5,5,5,5,5],"t_ns":51249739797000}}
51262140088333	rest	depth	{"jsonrpc":"2.0","method":"tof.frame","params":{"at_us":75784982,"cols":8,"distance_mm":[221,231,218,216,209,208,216,214,221,221,219,209,210,211,216,214,223,216,210,217,207,215,223,222,225,221,217,212,207,211,219,219,236,227,225,214,220,220,219,222,244,243,226,231,226,231,225,237,259,247,246,244,238,236,241,242,278,261,254,252,256,251,262,271],"rows":8,"seq":1022,"status":[5,5,5,5,5,5,5,5,5,5,5,5,5,5,5,5,5,5,5,5,5,5,5,5,5,5,5,5,5,5,5,5,5,5,5,5,5,5,5,5,5,5,5,5,5,5,5,5,5,5,5,5,5,5,5,5,5,5,5,5,5,5,5,5],"t_ns":51249814874000}}
51262217676125	rest	depth	{"jsonrpc":"2.0","method":"tof.frame","params":{"at_us":75862296,"cols":8,"distance_mm":[220,226,220,215,206,217,224,225,225,223,210,212,208,213,213,219,220,219,215,214,210,213,219,221,225,225,210,213,211,212,219,221,240,234,235,217,221,218,223,226,248,238,229,219,231,229,224,239,256,250,236,239,234,238,239,254,266,266,255,253,247,246,254,266],"rows":8,"seq":1023,"status":[5,5,5,5,5,5,5,5,5,5,5,5,5,5,5,5,5,5,5,5,5,5,5,5,5,5,5,5,5,5,5,5,5,5,5,5,5,5,5,5,5,5,5,5,5,5,5,5,5,5,5,5,5,5,5,5,5,5,5,5,5,5,5,5],"t_ns":51249892189000}}
51262294055500	rest	depth	{"jsonrpc":"2.0","method":"tof.frame","params":{"at_us":75939707,"cols":8,"distance_mm":[218,222,212,213,212,208,221,221,228,219,216,213,211,204,218,219,236,220,211,222,219,208,216,207,232,219,222,214,212,215,214,228,231,228,222,216,221,219,221,225,247,228,226,225,230,222,231,235,261,250,232,239,241,244,241,246,272,262,261,247,249,250,258,264],"rows":8,"seq":1024,"status":[5,5,5,5,5,5,5,5,5,5,5,5,5,5,5,5,5,5,5,5,5,5,5,5,5,5,5,5,5,5,5,5,5,5,5,5,5,5,5,5,5,5,5,5,5,5,5,5,5,5,5,5,5,5,5,5,5,5,5,5,5,5,5,5],"t_ns":51249969601000}}
51262371853375	rest	depth	{"jsonrpc":"2.0","method":"tof.frame","params":{"at_us":76017313,"cols":8,"distance_mm":[225,216,222,209,204,218,215,212,225,213,218,205,215,211,212,217,221,220,207,206,215,210,212,214,222,229,213,211,216,216,220,229,234,224,218,216,215,223,216,222,245,234,233,230,224,224,235,235,253,256,242,245,242,229,235,246,278,266,255,248,241,255,259,265],"rows":8,"seq":1025,"status":[5,5,5,5,5,5,5,5,5,5,5,5,5,5,5,5,5,5,5,5,5,5,5,5,5,5,5,5,5,5,5,5,5,5,5,5,5,5,5,5,5,5,5,5,5,5,5,5,5,5,5,5,5,5,5,5,5,5,5,5,5,5,5,5],"t_ns":51250047207000}}
51262448339250	rest	depth	{"jsonrpc":"2.0","method":"tof.frame","params":{"at_us":76091820,"cols":8,"distance_mm":[220,214,211,216,207,213,216,220,221,215,216,212,209,213,216,219,223,213,216,208,217,205,222,225,230,215,214,214,216,202,220,227,241,230,220,214,222,226,227,229,246,230,226,221,226,231,226,235,257,247,241,242,232,236,244,243,272,260,251,259,244,252,252,257],"rows":8,"seq":1026,"status":[5,5,5,5,5,5,5,5,5,5,5,5,5,5,5,5,5,5,5,5,5,5,5,5,5,5,5,5,5,5,5,5,5,5,5,5,5,5,5,5,5,5,5,5,5,5,5,5,5,5,5,5,5,5,5,5,5,5,5,5,5,5,5,5],"t_ns":51250121714000}}
51262520283458	rest	depth	{"jsonrpc":"2.0","method":"tof.frame","params":{"at_us":76165794,"cols":8,"distance_mm":[229,224,215,207,204,207,206,214,224,226,217,209,213,211,214,222,225,226,220,214,205,213,213,215,232,226,222,214,205,211,217,226,232,225,222,222,217,224,226,233,250,242,228,234,220,223,230,231,251,242,242,235,240,240,243,250,271,264,257,256,244,255,254,264],"rows":8,"seq":1027,"status":[5,5,5,5,5,5,5,5,5,5,5,5,5,5,5,5,5,5,5,5,5,5,5,5,5,5,5,5,5,5,5,5,5,5,5,5,5,5,5,5,5,5,5,5,5,5,5,5,5,5,5,5,5,5,5,5,5,5,5,5,5,5,5,5],"t_ns":51250195689000}}
51262601060625	rest	depth	{"jsonrpc":"2.0","method":"tof.frame","params":{"at_us":76243860,"cols":8,"distance_mm":[226,222,217,210,206,207,213,228,221,221,212,214,214,211,212,222,238,222,220,215,216,214,214,222,232,221,218,211,212,211,213,226,242,223,216,219,220,224,227,231,245,237,231,222,236,231,236,237,258,249,242,241,245,236,239,250,269,266,258,248,249,250,257,269],"rows":8,"seq":1028,"status":[5,5,5,5,5,5,5,5,5,5,5,5,5,5,5,5,5,5,5,5,5,5,5,5,5,5,5,5,5,5,5,5,5,5,5,5,5,5,5,5,5,5,5,5,5,5,5,5,5,5,5,5,5,5,5,5,5,5,5,5,5,5,5,5],"t_ns":51250273755000}}
51262668839333	rest	depth	{"jsonrpc":"2.0","method":"tof.frame","params":{"at_us":76313143,"cols":8,"distance_mm":[230,223,220,213,217,210,217,220,224,220,209,208,206,213,219,206,223,221,213,209,205,211,212,224,233,222,218,216,216,215,215,233,244,229,217,224,217,222,217,224,241,240,231,224,220,228,231,241,258,253,240,244,237,235,240,245,264,265,259,247,249,256,259,259],"rows":8,"seq":1029,"status":[5,5,5,5,5,5,5,5,5,5,5,5,5,5,5,5,5,5,5,5,5,5,5,5,5,5,5,5,5,5,5,5,5,5,5,5,5,5,5,5,5,5,5,5,5,5,5,5,5,5,5,5,5,5,5,5,5,5,5,5,5,5,5,5],"t_ns":51250343038000}}
51262739183333	rest	depth	{"jsonrpc":"2.0","method":"tof.frame","params":{"at_us":76384030,"cols":8,"distance_mm":[225,214,213,213,216,214,222,214,232,220,211,210,212,203,216,224,229,211,213,216,208,212,224,217,234,227,218,212,216,216,214,223,235,229,223,212,222,217,222,226,247,239,225,228,226,219,229,238,253,247,240,237,243,234,238,247,274,267,250,259,252,254,248,260],"rows":8,"seq":1030,"status":[5,5,5,5,5,5,5,5,5,5,5,5,5,5,5,5,5,5,5,5,5,5,5,5,5,5,5,5,5,5,5,5,5,5,5,5,5,5,5,5,5,5,5,5,5,5,5,5,5,5,5,5,5,5,5,5,5,5,5,5,5,5,5,5],"t_ns":51250413926000}}
51262817530750	rest	depth	{"jsonrpc":"2.0","method":"tof.frame","params":{"at_us":76461643,"cols":8,"distance_mm":[227,220,211,211,206,208,218,218,222,216,208,213,199,214,217,220,230,224,214,209,207,207,219,221,227,218,216,220,211,219,222,227,231,227,221,220,218,226,221,231,245,242,226,233,227,227,230,240,254,249,237,237,234,237,243,254,277,266,251,250,253,250,254,267],"rows":8,"seq":1031,"status":[5,5,5,5,5,5,5,5,5,5,5,5,5,5,5,5,5,5,5,5,5,5,5,5,5,5,5,5,5,5,5,5,5,5,5,5,5,5,5,5,5,5,5,5,5,5,5,5,5,5,5,5,5,5,5,5,5,5,5,5,5,5,5,5],"t_ns":51250491539000}}
51262887158041	rest	depth	{"jsonrpc":"2.0","method":"tof.frame","params":{"at_us":76531095,"cols":8,"distance_mm":[227,220,209,206,210,209,216,219,218,213,217,206,212,216,213,222,230,219,213,215,211,214,219,220,235,220,212,218,213,215,222,224,232,230,226,226,218,216,227,232,239,234,233,224,223,227,235,242,253,242,238,237,240,232,242,246,277,263,254,251,257,258,256,261],"rows":8,"seq":1032,"status":[5,5,5,5,5,5,5,5,5,5,5,5,5,5,5,5,5,5,5,5,5,5,5,5,5,5,5,5,5,5,5,5,5,5,5,5,5,5,5,5,5,5,5,5,5,5,5,5,5,5,5,5,5,5,5,5,5,5,5,5,5,5,5,5],"t_ns":51250560991000}}
51262967778666	rest	depth	{"jsonrpc":"2.0","method":"tof.frame","params":{"at_us":76612061,"cols":8,"distance_mm":[219,219,210,211,208,213,213,223,227,214,211,207,202,211,214,215,227,222,214,215,213,215,213,226,230,224,212,223,213,210,224,231,236,230,224,224,223,215,217,225,248,233,231,230,232,229,233,237,251,254,248,234,236,243,250,253,275,268,251,253,240,254,255,269],"rows":8,"seq":1033,"status":[5,5,5,5,5,5,5,5,5,5,5,5,5,5,5,5,5,5,5,5,5,5,5,5,5,5,5,5,5,5,5,5,5,5,5,5,5,5,5,5,5,5,5,5,5,5,5,5,5,5,5,5,5,5,5,5,5,5,5,5,5,5,5,5],"t_ns":51250641958000}}
51263046591625	rest	depth	{"jsonrpc":"2.0","method":"tof.frame","params":{"at_us":76689719,"cols":8,"distance_mm":[225,225,211,213,206,215,217,221,224,217,216,207,207,213,219,217,223,224,219,215,215,209,211,213,232,217,218,213,214,211,222,223,234,227,223,219,219,218,229,237,245,232,226,228,222,223,235,241,251,249,244,234,241,242,252,248,274,262,255,252,243,261,261,272],"rows":8,"seq":1034,"status":[5,5,5,5,5,5,5,5,5,5,5,5,5,5,5,5,5,5,5,5,5,5,5,5,5,5,5,5,5,5,5,5,5,5,5,5,5,5,5,5,5,5,5,5,5,5,5,5,5,5,5,5,5,5,5,5,5,5,5,5,5,5,5,5],"t_ns":51250719616000}}
51263120392666	rest	depth	{"jsonrpc":"2.0","method":"tof.frame","params":{"at_us":76764190,"cols":8,"distance_mm":[225,222,218,217,212,220,213,219,228,219,207,212,213,209,206,221,234,219,216,216,207,214,215,222,227,218,214,221,213,212,214,219,230,225,228,228,212,221,229,232,241,238,231,222,219,232,222,237,256,243,242,240,238,241,248,246,277,264,257,247,250,252,265,268],"rows":8,"seq":1035,"status":[5,5,5,5,5,5,5,5,5,5,5,5,5,5,5,5,5,5,5,5,5,5,5,5,5,5,5,5,5,5,5,5,5,5,5,5,5,5,5,5,5,5,5,5,5,5,5,5,5,5,5,5,5,5,5,5,5,5,5,5,5,5,5,5],"t_ns":51250794088000}}
51263190292250	rest	depth	{"jsonrpc":"2.0","method":"tof.frame","params":{"at_us":76834222,"cols":8,"distance_mm":[226,217,215,214,216,219,216,221,233,220,218,207,206,209,210,216,221,225,211,214,208,211,209,222,223,226,213,215,206,210,221,221,237,231,220,219,211,218,218,228,243,233,230,228,222,227,236,235,259,243,240,238,240,235,236,246,277,270,257,254,253,251,266,263],"rows":8,"seq":1036,"status":[5,5,5,5,5,5,5,5,5,5,5,5,5,5,5,5,5,5,5,5,5,5,5,5,5,5,5,5,5,5,5,5,5,5,5,5,5,5,5,5,5,5,5,5,5,5,5,5,5,5,5,5,5,5,5,5,5,5,5,5,5,5,5,5],"t_ns":51250864119000}}
51263262201833	rest	depth	{"jsonrpc":"2.0","method":"tof.frame","params":{"at_us":76906384,"cols":8,"distance_mm":[220,220,211,211,210,211,216,219,225,220,207,205,209,215,218,214,224,213,213,210,214,212,218,217,235,223,215,211,213,213,218,220,242,229,220,222,216,217,226,223,254,241,230,226,224,230,230,238,258,247,243,237,232,234,243,251,275,265,252,253,251,259,260,263],"rows":8,"seq":1037,"status":[5,5,5,5,5,5,5,5,5,5,5,5,5,5,5,5,5,5,5,5,5,5,5,5,5,5,5,5,5,5,5,5,5,5,5,5,5,5,5,5,5,5,5,5,5,5,5,5,5,5,5,5,5,5,5,5,5,5,5,5,5,5,5,5],"t_ns":51250936282000}}
51263340062083	rest	depth	{"jsonrpc":"2.0","method":"tof.frame","params":{"at_us":76985036,"cols":8,"distance_mm":[217,218,214,213,217,219,219,222,236,227,216,218,205,219,210,214,226,215,215,211,206,209,216,215,235,221,220,212,214,214,220,219,224,230,223,221,216,210,223,232,238,240,230,226,226,230,228,236,258,253,245,239,235,241,239,251,274,265,257,251,254,251,258,268],"rows":8,"seq":1038,"status":[5,5,5,5,5,5,5,5,5,5,5,5,5,5,5,5,5,5,5,5,5,5,5,5,5,5,5,5,5,5,5,5,5,5,5,5,5,5,5,5,5,5,5,5,5,5,5,5,5,5,5,5,5,5,5,5,5,5,5,5,5,5,5,5],"t_ns":51251014935000}}
51263415764166	rest	depth	{"jsonrpc":"2.0","method":"tof.frame","params":{"at_us":77058808,"cols":8,"distance_mm":[221,217,209,207,212,212,216,214,224,217,221,213,203,201,214,223,228,217,214,218,207,216,218,220,231,226,218,213,215,217,222,221,233,231,221,212,219,224,222,232,240,236,227,227,236,232,231,240,254,249,243,249,235,229,247,245,274,258,252,246,256,245,253,270],"rows":8,"seq":1039,"status":[5,5,5,5,5,5,5,5,5,5,5,5,5,5,5,5,5,5,5,5,5,5,5,5,5,5,5,5,5,5,5,5,5,5,5,5,5,5,5,5,5,5,5,5,5,5,5,5,5,5,5,5,5,5,5,5,5,5,5,5,5,5,5,5],"t_ns":51251088706000}}
51263488029916	rest	depth	{"jsonrpc":"2.0","method":"tof.frame","params":{"at_us":77132826,"cols":8,"distance_mm":[226,219,212,208,208,208,218,221,216,213,216,207,211,203,211,225,226,216,222,214,207,214,217,225,222,219,224,213,210,219,221,223,232,228,214,218,218,215,222,228,244,237,231,228,219,233,230,235,259,245,235,240,237,238,242,251,278,255,257,246,248,261,248,269],"rows":8,"seq":1040,"status":[5,5,5,5,5,5,5,5,5,5,5,5,5,5,5,5,5,5,5,5,5,5,5,5,5,5,5,5,5,5,5,5,5,5,5,5,5,5,5,5,5,5,5,5,5,5,5,5,5,5,5,5,5,5,5,5,5,5,5,5,5,5,5,5],"t_ns":51251162725000}}
51263563784666	rest	depth	{"jsonrpc":"2.0","method":"tof.frame","params":{"at_us":77207362,"cols":8,"distance_mm":[233,215,219,215,217,218,220,221,225,215,212,212,208,219,216,219,231,215,214,213,210,207,212,213,224,223,217,213,219,215,216,222,243,230,224,223,214,211,219,237,248,234,230,226,229,237,234,231,257,246,243,233,235,244,243,260,274,264,255,257,255,255,256,272],"rows":8,"seq":1041,"status":[5,5,5,5,5,5,5,5,5,5,5,5,5,5,5,5,5,5,5,5,5,5,5,5,5,5,5,5,5,5,5,5,5,5,5,5,5,5,5,5,5,5,5,5,5,5,5,5,5,5,5,5,5,5,5,5,5,5,5,5,5,5,5,5],"t_ns":51251237261000}}
51263639350708	rest	depth	{"jsonrpc":"2.0","method":"tof.frame","params":{"at_us":77284981,"cols":8,"distance_mm":[229,222,218,211,209,213,210,218,230,221,209,215,215,205,211,228,218,211,214,210,216,213,210,215,230,227,216,219,212,214,220,220,235,227,222,220,213,219,225,234,248,237,236,226,227,224,233,235,255,238,246,244,238,239,239,246,278,266,257,249,243,248,247,268],"rows":8,"seq":1042,"status":[5,5,5,5,5,5,5,5,5,5,5,5,5,5,5,5,5,5,5,5,5,5,5,5,5,5,5,5,5,5,5,5,5,5,5,5,5,5,5,5,5,5,5,5,5,5,5,5,5,5,5,5,5,5,5,5,5,5,5,5,5,5,5,5],"t_ns":51251314880000}}
51263714885583	rest	depth	{"jsonrpc":"2.0","method":"tof.frame","params":{"at_us":77359540,"cols":8,"distance_mm":[225,208,212,209,214,205,216,228,228,219,214,214,222,210,212,224,230,221,214,221,211,209,218,212,222,221,221,224,218,222,221,217,237,232,221,212,218,217,221,228,253,248,239,229,220,232,230,237,255,247,237,237,244,241,242,252,274,258,261,253,255,257,252,257],"rows":8,"seq":1043,"status":[5,5,5,5,5,5,5,5,5,5,5,5,5,5,5,5,5,5,5,5,5,5,5,5,5,5,5,5,5,5,5,5,5,5,5,5,5,5,5,5,5,5,5,5,5,5,5,5,5,5,5,5,5,5,5,5,5,5,5,5,5,5,5,5],"t_ns":51251389440000}}
51263793454208	rest	depth	{"jsonrpc":"2.0","method":"tof.frame","params":{"at_us":77438920,"cols":8,"distance_mm":[226,213,220,210,214,213,205,219,231,214,208,210,207,208,216,226,227,220,216,216,199,209,215,220,238,219,213,216,211,214,221,219,238,233,221,228,220,218,224,234,240,236,234,226,225,234,220,242,251,253,238,237,236,236,246,249,278,261,259,261,255,251,255,260],"rows":8,"seq":1044,"status":[5,5,5,5,5,5,5,5,5,5,5,5,5,5,5,5,5,5,5,5,5,5,5,5,5,5,5,5,5,5,5,5,5,5,5,5,5,5,5,5,5,5,5,5,5,5,5,5,5,5,5,5,5,5,5,5,5,5,5,5,5,5,5,5],"t_ns":51251468821000}}
51263871664333	rest	depth	{"jsonrpc":"2.0","method":"tof.frame","params":{"at_us":77516679,"cols":8,"distance_mm":[215,209,209,215,209,212,213,214,222,220,216,214,208,208,213,218,230,213,213,210,208,211,221,220,230,223,223,209,218,212,214,219,239,233,222,226,224,221,221,231,243,244,234,221,228,230,234,233,266,235,244,237,242,234,240,241,273,270,256,249,248,249,260,265],"rows":8,"seq":1045,"status":[5,5,5,5,5,5,5,5,5,5,5,5,5,5,5,5,5,5,5,5,5,5,5,5,5,5,5,5,5,5,5,5,5,5,5,5,5,5,5,5,5,5,5,5,5,5,5,5,5,5,5,5,5,5,5,5,5,5,5,5,5,5,5,5],"t_ns":51251546580000}}
51263944509458	rest	depth	{"jsonrpc":"2.0","method":"tof.frame","params":{"at_us":77587636,"cols":8,"distance_mm":[228,220,212,211,213,208,214,217,229,215,207,214,206,208,215,218,227,212,213,217,211,215,226,223,227,221,220,218,205,220,218,221,236,226,223,218,217,227,226,233,240,242,231,235,225,224,232,239,253,250,239,239,236,243,237,243,289,258,250,250,245,250,253,268],"rows":8,"seq":1046,"status":[5,5,5,5,5,5,5,5,5,5,5,5,5,5,5,5,5,5,5,5,5,5,5,5,5,5,5,5,5,5,5,5,5,5,5,5,5,5,5,5,5,5,5,5,5,5,5,5,5,5,5,5,5,5,5,5,5,5,5,5,5,5,5,5],"t_ns":51251617536000}}
51264015447166	rest	depth	{"jsonrpc":"2.0","method":"tof.frame","params":{"at_us":77660592,"cols":8,"distance_mm":[229,217,216,214,209,210,216,220,216,220,217,213,207,209,220,216,234,214,218,210,204,210,219,222,229,222,217,211,210,218,222,227,236,224,228,224,225,223,222,232,246,235,230,231,224,222,228,238,259,246,245,240,230,239,244,247,274,261,266,248,247,253,257,268],"rows":8,"seq":1047,"status":[5,5,5,5,5,5,5,5,5,5,5,5,5,5,5,5,5,5,5,5,5,5,5,5,5,5,5,5,5,5,5,5,5,5,5,5,5,5,5,5,5,5,5,5,5,5,5,5,5,5,5,5,5,5,5,5,5,5,5,5,5,5,5,5],"t_ns":51251690493000}}
51264095035458	rest	depth	{"jsonrpc":"2.0","method":"tof.frame","params":{"at_us":77738202,"cols":8,"distance_mm":[229,218,216,211,211,217,210,222,228,212,214,212,215,209,213,214,228,220,217,223,206,215,220,220,225,221,217,213,215,215,220,219,245,224,215,223,215,222,224,234,249,235,234,217,233,230,233,231,254,253,245,238,236,242,247,249,270,263,261,246,248,252,261,260],"rows":8,"seq":1048,"status":[5,5,5,5,5,5,5,5,5,5,5,5,5,5,5,5,5,5,5,5,5,5,5,5,5,5,5,5,5,5,5,5,5,5,5,5,5,5,5,5,5,5,5,5,5,5,5,5,5,5,5,5,5,5,5,5,5,5,5,5,5,5,5,5],"t_ns":51251768103000}}
51264163881666	rest	depth	{"jsonrpc":"2.0","method":"tof.frame","params":{"at_us":77808847,"cols":8,"distance_mm":[228,222,210,213,211,215,213,214,226,224,215,211,202,222,217,217,225,218,216,205,216,216,212,215,227,220,216,213,212,212,220,229,234,233,217,223,212,224,224,228,245,238,231,232,227,221,231,238,267,247,245,235,236,237,242,247,272,263,252,252,248,259,260,255],"rows":8,"seq":1049,"status":[5,5,5,5,5,5,5,5,5,5,5,5,5,5,5,5,5,5,5,5,5,5,5,5,5,5,5,5,5,5,5,5,5,5,5,5,5,5,5,5,5,5,5,5,5,5,5,5,5,5,5,5,5,5,5,5,5,5,5,5,5,5,5,5],"t_ns":51251838749000}}
51264235610083	rest	depth	{"jsonrpc":"2.0","method":"tof.frame","params":{"at_us":77879319,"cols":8,"distance_mm":[229,225,217,210,209,210,222,220,222,212,213,214,206,209,209,218,228,218,211,210,217,208,221,220,234,222,226,218,214,219,220,225,237,229,218,223,214,218,224,225,254,238,234,225,223,235,233,243,266,244,243,244,238,234,244,247,274,260,262,256,248,258,263,268],"rows":8,"seq":1050,"status":[5,5,5,5,5,5,5,5,5,5,5,5,5,5,5,5,5,5,5,5,5,5,5,5,5,5,5,5,5,5,5,5,5,5,5,5,5,5,5,5,5,5,5,5,5,5,5,5,5,5,5,5,5,5,5,5,5,5,5,5,5,5,5,5],"t_ns":51251909221000}}
51264306066458	rest	depth	{"jsonrpc":"2.0","method":"tof.frame","params":{"at_us":77950266,"cols":8,"distance_mm":[222,218,217,211,209,207,208,213,231,214,206,214,206,207,218,216,218,213,210,206,216,212,209,227,233,222,223,216,213,213,225,222,239,231,215,211,210,216,226,229,248,236,235,226,228,227,233,234,258,250,247,240,233,231,244,247,268,264,252,250,253,253,256,252],"rows":8,"seq":1051,"status":[5,5,5,5,5,5,5,5,5,5,5,5,5,5,5,5,5,5,5,5,5,5,5,5,5,5,5,5,5,5,5,5,5,5,5,5,5,5,5,5,5,5,5,5,5,5,5,5,5,5,5,5,5,5,5,5,5,5,5,5,5,5,5,5],"t_ns":51251980168000}}
51264381569875	rest	depth	{"jsonrpc":"2.0","method":"tof.frame","params":{"at_us":78026417,"cols":8,"distance_mm":[222,221,218,218,210,202,213,220,219,222,215,212,216,206,214,220,233,227,217,216,205,216,212,223,232,216,212,218,211,208,209,223,242,222,221,224,212,214,222,229,239,243,228,227,229,228,233,238,267,251,240,239,244,237,235,258,273,265,254,243,247,252,258,264],"rows":8,"seq":1052,"status":[5,5,5,5,5,5,5,5,5,5,5,5,5,5,5,5,5,5,5,5,5,5,5,5,5,5,5,5,5,5,5,5,5,5,5,5,5,5,5,5,5,5,5,5,5,5,5,5,5,5,5,5,5,5,5,5,5,5,5,5,5,5,5,5],"t_ns":51252056320000}}
51264452958833	rest	depth	{"jsonrpc":"2.0","method":"tof.frame","params":{"at_us":78098371,"cols":8,"distance_mm":[228,218,208,212,222,212,215,217,223,219,208,209,209,211,215,220,222,216,211,216,209,206,210,220,233,220,213,213,208,211,216,214,229,226,220,225,218,212,219,230,245,238,225,224,223,232,240,239,265,253,239,241,238,246,241,247,280,263,258,256,258,247,254,258],"rows":8,"seq":1053,"status":[5,5,5,5,5,5,5,5,5,5,5,5,5,5,5,5,5,5,5,5,5,5,5,5,5,5,5,5,5,5,5,5,5,5,5,5,5,5,5,5,5,5,5,5,5,5,5,5,5,5,5,5,5,5,5,5,5,5,5,5,5,5,5,5],"t_ns":51252128275000}}
51264532946500	rest	depth	{"jsonrpc":"2.0","method":"tof.frame","params":{"at_us":78177746,"cols":8,"distance_mm":[227,210,216,214,211,208,213,224,220,214,208,215,207,210,207,218,224,227,210,217,207,212,218,220,227,223,207,220,213,219,213,220,238,229,223,206,219,226,229,231,241,238,235,229,227,233,227,239,254,247,242,226,233,238,246,245,281,262,267,246,247,257,260,261],"rows":8,"seq":1054,"status":[5,5,5,5,5,5,5,5,5,5,5,5,5,5,5,5,5,5,5,5,5,5,5,5,5,5,5,5,5,5,5,5,5,5,5,5,5,5,5,5,5,5,5,5,5,5,5,5,5,5,5,5,5,5,5,5,5,5,5,5,5,5,5,5],"t_ns":51252207650000}}
51264614489083	rest	depth	{"jsonrpc":"2.0","method":"tof.frame","params":{"at_us":78257301,"cols":8,"distance_mm":[224,215,216,216,218,213,216,221,222,211,213,212,208,219,214,209,222,221,212,211,213,208,214,216,221,221,216,215,209,214,222,218,244,230,209,221,227,210,223,223,249,238,227,229,218,225,232,241,257,251,244,240,228,240,240,249,273,264,265,252,253,260,254,268],"rows":8,"seq":1055,"status":[5,5,5,5,5,5,5,5,5,5,5,5,5,5,5,5,5,5,5,5,5,5,5,5,5,5,5,5,5,5,5,5,5,5,5,5,5,5,5,5,5,5,5,5,5,5,5,5,5,5,5,5,5,5,5,5,5,5,5,5,5,5,5,5],"t_ns":51252287205000}}
51264685803708	rest	depth	{"jsonrpc":"2.0","method":"tof.frame","params":{"at_us":78329697,"cols":8,"distance_mm":[232,227,218,210,212,205,218,218,225,210,216,208,208,217,209,215,230,222,215,216,209,209,217,219,226,231,215,214,216,210,225,218,233,227,221,217,224,225,224,232,244,243,235,224,226,225,227,239,262,251,243,237,239,246,237,249,273,265,259,249,252,256,259,263],"rows":8,"seq":1056,"status":[5,5,5,5,5,5,5,5,5,5,5,5,5,5,5,5,5,5,5,5,5,5,5,5,5,5,5,5,5,5,5,5,5,5,5,5,5,5,5,5,5,5,5,5,5,5,5,5,5,5,5,5,5,5,5,5,5,5,5,5,5,5,5,5],"t_ns":51252359601000}}
51264758203666	rest	depth	{"jsonrpc":"2.0","method":"tof.frame","params":{"at_us":78401256,"cols":8,"distance_mm":[226,210,220,219,209,215,221,224,223,219,213,201,207,211,208,221,221,222,211,208,209,210,216,216,233,223,220,213,217,217,218,227,233,223,226,214,213,217,226,233,245,232,228,224,239,227,239,235,265,243,244,231,230,239,243,254,270,257,256,251,251,252,263,264],"rows":8,"seq":1057,"status":[5,5,5,5,5,5,5,5,5,5,5,5,5,5,5,5,5,5,5,5,5,5,5,5,5,5,5,5,5,5,5,5,5,5,5,5,5,5,5,5,5,5,5,5,5,5,5,5,5,5,5,5,5,5,5,5,5,5,5,5,5,5,5,5],"t_ns":51252431160000}}
51264824424000	rest	depth	{"jsonrpc":"2.0","method":"tof.frame","params":{"at_us":78469634,"cols":8,"distance_mm":[230,222,209,209,209,212,213,228,226,217,215,207,205,209,211,215,228,218,220,213,209,212,210,225,228,221,223,219,216,217,219,219,235,237,222,216,219,217,228,221,240,245,233,221,222,230,231,235,254,249,241,240,245,236,246,253,271,258,258,246,248,255,264,265],"rows":8,"seq":1058,"status":[5,5,5,5,5,5,5,5,5,5,5,5,5,5,5,5,5,5,5,5,5,5,5,5,5,5,5,5,5,5,5,5,5,5,5,5,5,5,5,5,5,5,5,5,5,5,5,5,5,5,5,5,5,5,5,5,5,5,5,5,5,5,5,5],"t_ns":51252499539000}}
51264899109958	rest	depth	{"jsonrpc":"2.0","method":"tof.frame","params":{"at_us":78543794,"cols":8,"distance_mm":[227,220,217,204,217,214,217,218,219,213,215,211,215,212,219,224,215,221,222,212,212,211,215,224,237,217,218,211,204,219,218,221,232,231,218,220,229,219,222,222,251,242,239,225,227,224,226,229,252,244,242,236,239,234,245,252,267,257,263,247,252,255,256,257],"rows":8,"seq":1059,"status":[5,5,5,5,5,5,5,5,5,5,5,5,5,5,5,5,5,5,5,5,5,5,5,5,5,5,5,5,5,5,5,5,5,5,5,5,5,5,5,5,5,5,5,5,5,5,5,5,5,5,5,5,5,5,5,5,5,5,5,5,5,5,5,5],"t_ns":51252573699000}}
51264978275833	rest	depth	{"jsonrpc":"2.0","method":"tof.frame","params":{"at_us":78621164,"cols":8,"distance_mm":[220,222,208,204,215,210,207,218,235,218,213,207,208,213,215,218,227,219,217,208,213,212,217,220,227,226,222,214,209,212,211,222,236,226,219,221,225,219,222,228,250,234,235,224,223,225,218,238,262,247,239,235,229,240,245,247,260,268,253,255,247,246,258,263],"rows":8,"seq":1060,"status":[5,5,5,5,5,5,5,5,5,5,5,5,5,5,5,5,5,5,5,5,5,5,5,5,5,5,5,5,5,5,5,5,5,5,5,5,5,5,5,5,5,5,5,5,5,5,5,5,5,5,5,5,5,5,5,5,5,5,5,5,5,5,5,5],"t_ns":51252651069000}}
51265055688166	rest	depth	{"jsonrpc":"2.0","method":"tof.frame","params":{"at_us":78698640,"cols":8,"distance_mm":[223,220,212,211,208,212,210,217,226,224,211,209,220,209,214,216,230,220,208,216,210,206,210,219,233,219,216,206,219,219,219,230,239,227,228,221,218,208,225,229,246,236,229,231,222,232,238,237,259,245,234,234,246,239,239,249,273,265,257,250,246,257,257,269],"rows":8,"seq":1061,"status":[5,5,5,5,5,5,5,5,5,5,5,5,5,5,5,5,5,5,5,5,5,5,5,5,5,5,5,5,5,5,5,5,5,5,5,5,5,5,5,5,5,5,5,5,5,5,5,5,5,5,5,5,5,5,5,5,5,5,5,5,5,5,5,5],"t_ns":51252728546000}}
51265127531333	rest	depth	{"jsonrpc":"2.0","method":"tof.frame","params":{"at_us":78771255,"cols":8,"distance_mm":[228,219,214,210,209,215,212,224,229,219,210,212,210,209,214,223,226,224,212,216,210,213,214,226,235,220,220,216,215,216,214,227,237,222,232,218,221,225,225,228,246,234,233,228,225,220,228,242,258,243,247,244,239,242,248,246,270,262,254,250,247,253,248,260],"rows":8,"seq":1062,"status":[5,5,5,5,5,5,5,5,5,5,5,5,5,5,5,5,5,5,5,5,5,5,5,5,5,5,5,5,5,5,5,5,5,5,5,5,5,5,5,5,5,5,5,5,5,5,5,5,5,5,5,5,5,5,5,5,5,5,5,5,5,5,5,5],"t_ns":51252801161000}}
51265205884750	rest	depth	{"jsonrpc":"2.0","method":"tof.frame","params":{"at_us":78851311,"cols":8,"distance_mm":[225,223,221,210,207,212,207,221,223,220,219,211,209,213,216,221,234,214,219,211,213,214,210,208,226,220,212,216,210,207,216,223,238,231,222,219,221,225,235,233,250,232,230,219,225,231,229,240,255,246,244,237,239,238,246,253,268,262,258,249,257,252,251,261],"rows":8,"seq":1063,"status":[5,5,5,5,5,5,5,5,5,5,5,5,5,5,5,5,5,5,5,5,5,5,5,5,5,5,5,5,5,5,5,5,5,5,5,5,5,5,5,5,5,5,5,5,5,5,5,5,5,5,5,5,5,5,5,5,5,5,5,5,5,5,5,5],"t_ns":51252881217000}}
51265277198000	rest	depth	{"jsonrpc":"2.0","method":"tof.frame","params":{"at_us":78922164,"cols":8,"distance_mm":[222,214,217,205,209,218,216,215,227,216,212,207,204,214,207,223,224,215,210,204,216,208,217,225,236,221,214,220,214,215,218,220,230,223,222,212,219,219,217,225,239,233,227,226,220,226,233,234,256,252,238,231,235,235,242,250,270,258,253,249,249,253,260,260],"rows":8,"seq":1064,"status":[5,5,5,5,5,5,5,5,5,5,5,5,5,5,5,5,5,5,5,5,5,5,5,5,5,5,5,5,5,5,5,5,5,5,5,5,5,5,5,5,5,5,5,5,5,5,5,5,5,5,5,5,5,5,5,5,5,5,5,5,5,5,5,5],"t_ns":51252952070000}}
51265354719750	rest	depth	{"jsonrpc":"2.0","method":"tof.frame","params":{"at_us":78997720,"cols":8,"distance_mm":[223,219,217,207,215,221,219,218,230,217,214,208,215,213,222,215,220,222,217,211,212,209,209,221,231,221,210,219,215,221,221,225,239,234,228,217,224,221,218,236,247,235,236,217,226,227,235,235,259,245,238,236,238,237,244,245,275,256,255,256,251,249,258,266],"rows":8,"seq":1065,"status":[5,5,5,5,5,5,5,5,5,5,5,5,5,5,5,5,5,5,5,5,5,5,5,5,5,5,5,5,5,5,5,5,5,5,5,5,5,5,5,5,5,5,5,5,5,5,5,5,5,5,5,5,5,5,5,5,5,5,5,5,5,5,5,5],"t_ns":51253027626000}}
51265430248333	rest	depth	{"jsonrpc":"2.0","method":"tof.frame","params":{"at_us":79073771,"cols":8,"distance_mm":[226,229,216,214,212,209,210,219,225,220,217,213,208,208,215,218,228,221,214,214,209,208,216,215,233,221,211,216,217,217,208,223,232,226,221,221,214,223,227,230,259,240,229,224,222,231,235,240,260,254,232,241,242,241,237,248,275,265,258,249,248,253,252,263],"rows":8,"seq":1066,"status":[5,5,5,5,5,5,5,5,5,5,5,5,5,5,5,5,5,5,5,5,5,5,5,5,5,5,5,5,5,5,5,5,5,5,5,5,5,5,5,5,5,5,5,5,5,5,5,5,5,5,5,5,5,5,5,5,5,5,5,5,5,5,5,5],"t_ns":51253103678000}}
51265503003458	rest	depth	{"jsonrpc":"2.0","method":"tof.frame","params":{"at_us":79145945,"cols":8,"distance_mm":[220,216,219,216,212,210,218,223,231,214,209,209,205,215,216,217,230,224,211,211,211,211,222,220,237,219,220,213,213,211,218,233,240,219,222,218,216,219,218,229,237,238,234,217,221,235,231,230,256,247,242,247,237,245,236,250,276,266,257,245,245,243,258,260],"rows":8,"seq":1067,"status":[5,5,5,5,5,5,5,5,5,5,5,5,5,5,5,5,5,5,5,5,5,5,5,5,5,5,5,5,5,5,5,5,5,5,5,5,5,5,5,5,5,5,5,5,5,5,5,5,5,5,5,5,5,5,5,5,5,5,5,5,5,5,5,5],"t_ns":51253175853000}}
51265571581666	rest	depth	{"jsonrpc":"2.0","method":"tof.frame","params":{"at_us":79217024,"cols":8,"distance_mm":[228,211,212,217,215,211,211,227,221,216,214,213,205,217,218,219,232,230,220,218,217,207,213,221,231,222,222,214,207,209,219,219,234,230,230,218,219,215,219,233,247,244,227,228,231,226,240,234,254,243,239,243,232,234,247,245,263,269,257,256,243,251,257,256],"rows":8,"seq":1068,"status":[5,5,5,5,5,5,5,5,5,5,5,5,5,5,5,5,5,5,5,5,5,5,5,5,5,5,5,5,5,5,5,5,5,5,5,5,5,5,5,5,5,5,5,5,5,5,5,5,5,5,5,5,5,5,5,5,5,5,5,5,5,5,5,5],"t_ns":51253246933000}}
51265649488083	rest	depth	{"jsonrpc":"2.0","method":"tof.frame","params":{"at_us":79292761,"cols":8,"distance_mm":[220,222,218,217,205,226,214,216,224,213,212,216,213,211,207,216,220,228,217,215,210,214,216,226,237,226,214,215,209,212,211,226,238,228,217,217,220,225,215,230,246,237,229,229,227,219,232,234,256,254,238,241,241,243,244,246,275,262,269,258,252,247,255,261],"rows":8,"seq":1069,"status":[5,5,5,5,5,5,5,5,5,5,5,5,5,5,5,5,5,5,5,5,5,5,5,5,5,5,5,5,5,5,5,5,5,5,5,5,5,5,5,5,5,5,5,5,5,5,5,5,5,5,5,5,5,5,5,5,5,5,5,5,5,5,5,5],"t_ns":51253322669000}}
51265728700375	rest	depth	{"jsonrpc":"2.0","method":"tof.frame","params":{"at_us":79372373,"cols":8,"distance_mm":[228,220,213,213,212,211,222,214,228,223,209,209,208,212,212,224,228,211,221,214,216,215,224,221,228,225,215,211,215,218,217,228,233,232,226,223,217,219,225,230,246,239,237,228,228,223,222,232,254,249,240,236,234,233,241,249,273,265,260,261,253,258,268,274],"rows":8,"seq":1070,"status":[5,5,5,5,5,5,5,5,5,5,5,5,5,5,5,5,5,5,5,5,5,5,5,5,5,5,5,5,5,5,5,5,5,5,5,5,5,5,5,5,5,5,5,5,5,5,5,5,5,5,5,5,5,5,5,5,5,5,5,5,5,5,5,5],"t_ns":51253402282000}}
51265807023750	rest	depth	{"jsonrpc":"2.0","method":"tof.frame","params":{"at_us":79451156,"cols":8,"distance_mm":[219,218,221,210,210,204,218,220,220,221,213,211,207,213,212,219,217,211,208,212,212,211,217,224,229,225,227,209,209,220,215,216,236,225,223,217,223,220,231,227,244,235,230,227,227,220,232,228,257,250,240,239,240,231,244,242,274,265,257,258,249,250,262,262],"rows":8,"seq":1071,"status":[5,5,5,5,5,5,5,5,5,5,5,5,5,5,5,5,5,5,5,5,5,5,5,5,5,5,5,5,5,5,5,5,5,5,5,5,5,5,5,5,5,5,5,5,5,5,5,5,5,5,5,5,5,5,5,5,5,5,5,5,5,5,5,5],"t_ns":51253481065000}}
51265878988583	rest	depth	{"jsonrpc":"2.0","method":"tof.frame","params":{"at_us":79523179,"cols":8,"distance_mm":[229,215,212,211,215,213,214,217,221,219,210,209,204,208,218,220,226,222,210,209,207,216,220,220,233,220,221,218,215,213,213,220,223,236,222,215,219,224,226,220,244,241,230,231,230,230,228,235,254,249,240,238,240,247,249,250,271,263,256,258,253,260,256,267],"rows":8,"seq":1072,"status":[5,5,5,5,5,5,5,5,5,5,5,5,5,5,5,5,5,5,5,5,5,5,5,5,5,5,5,5,5,5,5,5,5,5,5,5,5,5,5,5,5,5,5,5,5,5,5,5,5,5,5,5,5,5,5,5,5,5,5,5,5,5,5,5],"t_ns":51253553088000}}
51265950173666	rest	depth	{"jsonrpc":"2.0","method":"tof.frame","params":{"at_us":79593817,"cols":8,"distance_mm":[224,210,216,213,206,219,210,220,235,219,211,204,210,212,206,217,229,219,217,215,212,213,214,226,227,217,211,213,207,211,220,226,228,231,225,226,214,226,225,232,246,237,227,230,223,228,237,239,260,246,233,239,239,239,237,249,273,263,254,260,258,257,260,262],"rows":8,"seq":1073,"status":[5,5,5,5,5,5,5,5,5,5,5,5,5,5,5,5,5,5,5,5,5,5,5,5,5,5,5,5,5,5,5,5,5,5,5,5,5,5,5,5,5,5,5,5,5,5,5,5,5,5,5,5,5,5,5,5,5,5,5,5,5,5,5,5],"t_ns":51253623726000}}
51266018999208	rest	depth	{"jsonrpc":"2.0","method":"tof.frame","params":{"at_us":79662648,"cols":8,"distance_mm":[217,223,214,220,219,214,211,221,224,224,213,206,210,209,205,215,223,217,214,215,205,208,211,211,231,218,223,211,216,214,221,226,244,231,227,213,221,212,226,224,237,236,230,222,233,225,238,240,252,250,242,238,235,237,240,248,272,256,254,245,263,255,256,267],"rows":8,"seq":1074,"status":[5,5,5,5,5,5,5,5,5,5,5,5,5,5,5,5,5,5,5,5,5,5,5,5,5,5,5,5,5,5,5,5,5,5,5,5,5,5,5,5,5,5,5,5,5,5,5,5,5,5,5,5,5,5,5,5,5,5,5,5,5,5,5,5],"t_ns":51253692557000}}
51266091732375	rest	depth	{"jsonrpc":"2.0","method":"tof.frame","params":{"at_us":79735037,"cols":8,"distance_mm":[222,220,214,210,208,208,217,221,229,221,216,219,201,209,214,222,229,215,212,212,207,207,217,225,231,219,213,210,211,208,220,226,238,229,213,227,220,221,226,228,246,236,227,231,231,224,230,246,263,247,240,239,229,235,242,246,269,255,259,252,252,250,257,262],"rows":8,"seq":1075,"status":[5,5,5,5,5,5,5,5,5,5,5,5,5,5,5,5,5,5,5,5,5,5,5,5,5,5,5,5,5,5,5,5,5,5,5,5,5,5,5,5,5,5,5,5,5,5,5,5,5,5,5,5,5,5,5,5,5,5,5,5,5,5,5,5],"t_ns":51253764946000}}
51266161895500	rest	depth	{"jsonrpc":"2.0","method":"tof.frame","params":{"at_us":79805055,"cols":8,"distance_mm":[222,214,209,215,210,217,211,219,233,219,212,204,210,205,212,214,230,226,209,216,215,216,219,222,229,219,224,218,209,216,222,227,242,229,219,222,216,215,222,228,244,235,229,223,228,230,231,232,262,243,235,243,237,238,242,246,272,262,258,246,256,254,252,264],"rows":8,"seq":1076,"status":[5,5,5,5,5,5,5,5,5,5,5,5,5,5,5,5,5,5,5,5,5,5,5,5,5,5,5,5,5,5,5,5,5,5,5,5,5,5,5,5,5,5,5,5,5,5,5,5,5,5,5,5,5,5,5,5,5,5,5,5,5,5,5,5],"t_ns":51253834965000}}
51266236726416	rest	depth	{"jsonrpc":"2.0","method":"tof.frame","params":{"at_us":79879543,"cols":8,"distance_mm":[218,213,217,216,215,208,209,224,236,218,213,216,215,211,219,221,222,222,218,203,214,212,213,218,231,220,215,210,220,218,221,221,239,229,226,218,224,222,225,228,247,233,231,223,226,222,233,241,259,255,241,239,238,234,238,257,275,259,256,250,258,259,263,260],"rows":8,"seq":1077,"status":[5,5,5,5,5,5,5,5,5,5,5,5,5,5,5,5,5,5,5,5,5,5,5,5,5,5,5,5,5,5,5,5,5,5,5,5,5,5,5,5,5,5,5,5,5,5,5,5,5,5,5,5,5,5,5,5,5,5,5,5,5,5,5,5],"t_ns":51253909454000}}
51266316895750	rest	depth	{"jsonrpc":"2.0","method":"tof.frame","params":{"at_us":79959836,"cols":8,"distance_mm":[229,223,212,207,209,210,217,220,223,221,216,211,209,212,212,214,230,228,203,210,208,211,210,220,231,220,214,217,208,215,211,219,233,229,221,222,218,226,223,232,247,230,229,227,236,225,229,240,258,242,240,241,229,235,237,248,266,265,257,254,254,250,262,262],"rows":8,"seq":1078,"status":[5,5,5,5,5,5,5,5,5,5,5,5,5,5,5,5,5,5,5,5,5,5,5,5,5,5,5,5,5,5,5,5,5,5,5,5,5,5,5,5,5,5,5,5,5,5,5,5,5,5,5,5,5,5,5,5,5,5,5,5,5,5,5,5],"t_ns":51253989747000}}
51266394726333	rest	depth	{"jsonrpc":"2.0","method":"tof.frame","params":{"at_us":80037650,"cols":8,"distance_mm":[227,217,213,202,215,213,218,218,229,220,209,211,211,216,210,219,228,222,218,207,217,210,213,218,234,228,218,215,217,215,217,225,241,223,223,219,223,223,220,227,246,237,233,221,218,224,231,233,264,247,241,238,238,238,238,251,275,266,259,252,243,249,259,263],"rows":8,"seq":1079,"status":[5,5,5,5,5,5,5,5,5,5,5,5,5,5,5,5,5,5,5,5,5,5,5,5,5,5,5,5,5,5,5,5,5,5,5,5,5,5,5,5,5,5,5,5,5,5,5,5,5,5,5,5,5,5,5,5,5,5,5,5,5,5,5,5],"t_ns":51254067561000}}
51266464260166	rest	depth	{"jsonrpc":"2.0","method":"tof.frame","params":{"at_us":80108794,"cols":8,"distance_mm":[224,222,213,211,213,210,217,225,224,218,215,214,211,216,217,220,232,220,213,211,203,211,214,219,236,220,215,219,210,213,213,223,235,227,228,222,221,219,227,226,244,239,228,228,226,226,231,225,249,251,236,236,237,235,240,252,268,268,250,252,252,248,258,262],"rows":8,"seq":1080,"status":[5,5,5,5,5,5,5,5,5,5,5,5,5,5,5,5,5,5,5,5,5,5,5,5,5,5,5,5,5,5,5,5,5,5,5,5,5,5,5,5,5,5,5,5,5,5,5,5,5,5,5,5,5,5,5,5,5,5,5,5,5,5,5,5],"t_ns":51254138705000}}
51266543314583	rest	depth	{"jsonrpc":"2.0","method":"tof.frame","params":{"at_us":80188033,"cols":8,"distance_mm":[229,215,218,213,205,214,209,218,224,224,206,205,207,207,214,217,230,218,216,201,214,210,215,221,233,228,219,217,212,216,215,223,235,227,221,222,222,224,225,230,243,234,235,227,219,236,229,231,261,245,240,241,240,245,243,245,275,262,258,257,254,252,258,267],"rows":8,"seq":1081,"status":[5,5,5,5,5,5,5,5,5,5,5,5,5,5,5,5,5,5,5,5,5,5,5,5,5,5,5,5,5,5,5,5,5,5,5,5,5,5,5,5,5,5,5,5,5,5,5,5,5,5,5,5,5,5,5,5,5,5,5,5,5,5,5,5],"t_ns":51254217945000}}
51266621096500	rest	depth	{"jsonrpc":"2.0","method":"tof.frame","params":{"at_us":80265567,"cols":8,"distance_mm":[229,220,213,209,217,211,211,218,224,216,208,205,209,213,212,218,229,219,214,214,214,214,208,220,224,221,218,207,211,216,223,225,234,235,229,218,220,220,224,228,239,232,229,225,230,237,232,245,261,246,247,236,245,237,241,252,270,264,266,258,252,250,265,260],"rows":8,"seq":1082,"status":[5,5,5,5,5,5,5,5,5,5,5,5,5,5,5,5,5,5,5,5,5,5,5,5,5,5,5,5,5,5,5,5,5,5,5,5,5,5,5,5,5,5,5,5,5,5,5,5,5,5,5,5,5,5,5,5,5,5,5,5,5,5,5,5],"t_ns":51254295479000}}
51266691191833	rest	depth	{"jsonrpc":"2.0","method":"tof.frame","params":{"at_us":80334960,"cols":8,"distance_mm":[224,224,211,211,210,214,220,220,227,217,210,205,206,216,212,220,228,214,206,204,212,209,218,222,232,227,217,209,217,210,217,223,236,228,226,214,211,221,224,231,244,235,239,223,230,226,233,234,252,255,245,237,236,234,237,249,275,259,255,249,258,254,263,267],"rows":8,"seq":1083,"status":[5,5,5,5,5,5,5,5,5,5,5,5,5,5,5,5,5,5,5,5,5,5,5,5,5,5,5,5,5,5,5,5,5,5,5,5,5,5,5,5,5,5,5,5,5,5,5,5,5,5,5,5,5,5,5,5,5,5,5,5,5,5,5,5],"t_ns":51254364872000}}
51266767182583	rest	depth	{"jsonrpc":"2.0","method":"tof.frame","params":{"at_us":80412775,"cols":8,"distance_mm":[221,220,214,207,214,223,216,215,226,211,206,209,207,209,214,216,220,218,214,208,211,207,209,222,229,215,215,218,208,214,218,221,231,237,218,219,222,219,222,223,245,236,231,223,229,226,229,234,253,246,247,236,241,235,237,251,283,266,259,252,253,253,261,261],"rows":8,"seq":1084,"status":[5,5,5,5,5,5,5,5,5,5,5,5,5,5,5,5,5,5,5,5,5,5,5,5,5,5,5,5,5,5,5,5,5,5,5,5,5,5,5,5,5,5,5,5,5,5,5,5,5,5,5,5,5,5,5,5,5,5,5,5,5,5,5,5],"t_ns":51254442688000}}
51266836195625	rest	depth	{"jsonrpc":"2.0","method":"tof.frame","params":{"at_us":80481216,"cols":8,"distance_mm":[233,215,219,207,216,219,212,216,226,218,210,212,204,206,213,217,219,217,215,212,211,210,211,222,229,222,216,214,220,216,215,219,236,223,224,215,221,222,222,232,241,235,227,228,215,229,239,240,259,250,240,240,238,235,233,250,272,268,259,250,260,259,253,259],"rows":8,"seq":1085,"status":[5,5,5,5,5,5,5,5,5,5,5,5,5,5,5,5,5,5,5,5,5,5,5,5,5,5,5,5,5,5,5,5,5,5,5,5,5,5,5,5,5,5,5,5,5,5,5,5,5,5,5,5,5,5,5,5,5,5,5,5,5,5,5,5],"t_ns":51254511129000}}
51266913897166	rest	depth	{"jsonrpc":"2.0","method":"tof.frame","params":{"at_us":80558980,"cols":8,"distance_mm":[221,228,207,212,210,212,211,213,229,212,214,212,205,211,211,219,222,217,217,216,210,216,212,220,227,216,212,213,211,205,211,226,238,228,219,220,223,230,228,230,249,246,232,225,225,221,226,235,251,252,239,240,241,238,244,239,278,263,255,254,247,245,254,259],"rows":8,"seq":1086,"status":[5,5,5,5,5,5,5,5,5,5,5,5,5,5,5,5,5,5,5,5,5,5,5,5,5,5,5,5,5,5,5,5,5,5,5,5,5,5,5,5,5,5,5,5,5,5,5,5,5,5,5,5,5,5,5,5,5,5,5,5,5,5,5,5],"t_ns":51254588893000}}
51266986497291	rest	depth	{"jsonrpc":"2.0","method":"tof.frame","params":{"at_us":80629312,"cols":8,"distance_mm":[237,222,204,212,209,211,214,220,226,214,213,203,212,209,214,218,222,219,214,207,201,208,210,215,229,227,216,210,212,211,225,226,236,220,220,220,222,221,221,236,249,238,229,235,220,223,234,239,252,244,244,236,233,240,237,256,276,260,249,254,248,250,256,258],"rows":8,"seq":1087,"status":[5,5,5,5,5,5,5,5,5,5,5,5,5,5,5,5,5,5,5,5,5,5,5,5,5,5,5,5,5,5,5,5,5,5,5,5,5,5,5,5,5,5,5,5,5,5,5,5,5,5,5,5,5,5,5,5,5,5,5,5,5,5,5,5],"t_ns":51254659225000}}
51267053177541	rest	depth	{"jsonrpc":"2.0","method":"tof.frame","params":{"at_us":80698984,"cols":8,"distance_mm":[227,217,216,215,202,206,213,220,232,219,214,211,216,208,226,221,229,221,214,214,209,209,218,225,230,226,214,217,207,218,219,219,237,227,224,217,212,223,230,237,248,235,223,224,221,231,237,234,255,250,240,235,240,233,246,254,269,263,255,258,250,254,257,269],"rows":8,"seq":1088,"status":[5,5,5,5,5,5,5,5,5,5,5,5,5,5,5,5,5,5,5,5,5,5,5,5,5,5,5,5,5,5,5,5,5,5,5,5,5,5,5,5,5,5,5,5,5,5,5,5,5,5,5,5,5,5,5,5,5,5,5,5,5,5,5,5],"t_ns":51254728898000}}
51267131012791	rest	depth	{"jsonrpc":"2.0","method":"tof.frame","params":{"at_us":80775157,"cols":8,"distance_mm":[234,222,212,212,210,218,216,222,230,219,218,203,221,212,218,220,227,223,217,207,213,216,219,215,236,225,216,222,212,221,216,222,240,231,224,218,219,217,221,219,247,235,233,224,229,233,230,241,258,243,238,236,231,233,236,249,281,263,258,259,250,252,260,269],"rows":8,"seq":1089,"status":[5,5,5,5,5,5,5,5,5,5,5,5,5,5,5,5,5,5,5,5,5,5,5,5,5,5,5,5,5,5,5,5,5,5,5,5,5,5,5,5,5,5,5,5,5,5,5,5,5,5,5,5,5,5,5,5,5,5,5,5,5,5,5,5],"t_ns":51254805072000}}
51267208241333	rest	depth	{"jsonrpc":"2.0","method":"tof.frame","params":{"at_us":80852892,"cols":8,"distance_mm":[225,214,215,216,206,215,216,221,222,220,209,211,209,220,215,225,224,220,216,214,215,212,212,217,224,227,211,216,217,224,220,224,241,232,223,216,220,222,225,226,241,235,230,225,225,230,231,240,260,241,245,243,238,238,239,245,271,266,261,253,256,255,256,260],"rows":8,"seq":1090,"status":[5,5,5,5,5,5,5,5,5,5,5,5,5,5,5,5,5,5,5,5,5,5,5,5,5,5,5,5,5,5,5,5,5,5,5,5,5,5,5,5,5,5,5,5,5,5,5,5,5,5,5,5,5,5,5,5,5,5,5,5,5,5,5,5],"t_ns":51254882807000}}
51267286813708	rest	depth	{"jsonrpc":"2.0","method":"tof.frame","params":{"at_us":80930804,"cols":8,"distance_mm":[231,216,213,216,211,218,215,212,221,221,215,212,221,212,216,220,227,216,218,213,211,209,217,218,224,229,213,217,209,210,220,223,237,229,216,212,223,223,228,223,248,233,228,223,228,228,238,233,253,248,234,235,246,239,244,248,272,266,249,247,254,257,259,266],"rows":8,"seq":1091,"status":[5,5,5,5,5,5,5,5,5,5,5,5,5,5,5,5,5,5,5,5,5,5,5,5,5,5,5,5,5,5,5,5,5,5,5,5,5,5,5,5,5,5,5,5,5,5,5,5,5,5,5,5,5,5,5,5,5,5,5,5,5,5,5,5],"t_ns":51254960719000}}
51267364024708	rest	depth	{"jsonrpc":"2.0","method":"tof.frame","params":{"at_us":81007726,"cols":8,"distance_mm":[216,212,214,211,211,211,212,219,224,210,210,213,215,212,217,225,231,219,215,211,209,214,213,220,227,221,217,209,217,210,216,220,241,225,230,223,216,228,219,229,247,240,232,226,230,221,231,242,264,255,243,237,239,238,251,246,277,260,259,242,248,257,259,271],"rows":8,"seq":1092,"status":[5,5,5,5,5,5,5,5,5,5,5,5,5,5,5,5,5,5,5,5,5,5,5,5,5,5,5,5,5,5,5,5,5,5,5,5,5,5,5,5,5,5,5,5,5,5,5,5,5,5,5,5,5,5,5,5,5,5,5,5,5,5,5,5],"t_ns":51255037642000}}
51267442789916	rest	depth	{"jsonrpc":"2.0","method":"tof.frame","params":{"at_us":81087961,"cols":8,"distance_mm":[226,214,210,210,212,212,214,218,227,220,207,209,219,213,217,217,227,226,211,217,212,207,211,221,233,220,228,217,220,211,220,227,238,225,215,224,217,219,227,229,248,238,229,230,228,228,231,239,264,240,239,239,236,230,241,253,270,262,248,249,247,251,253,265],"rows":8,"seq":1093,"status":[5,5,5,5,5,5,5,5,5,5,5,5,5,5,5,5,5,5,5,5,5,5,5,5,5,5,5,5,5,5,5,5,5,5,5,5,5,5,5,5,5,5,5,5,5,5,5,5,5,5,5,5,5,5,5,5,5,5,5,5,5,5,5,5],"t_ns":51255117876000}}
51267519752458	rest	depth	{"jsonrpc":"2.0","method":"tof.frame","params":{"at_us":81164713,"cols":8,"distance_mm":[224,217,216,205,211,217,214,226,224,219,223,203,205,209,211,216,230,218,211,209,210,212,218,221,222,222,219,219,211,215,219,222,242,236,223,216,221,229,227,228,256,241,228,228,226,227,234,241,252,238,243,236,237,236,252,248,264,261,255,250,250,250,256,270],"rows":8,"seq":1094,"status":[5,5,5,5,5,5,5,5,5,5,5,5,5,5,5,5,5,5,5,5,5,5,5,5,5,5,5,5,5,5,5,5,5,5,5,5,5,5,5,5,5,5,5,5,5,5,5,5,5,5,5,5,5,5,5,5,5,5,5,5,5,5,5,5],"t_ns":51255194629000}}
51267600434875	rest	depth	{"jsonrpc":"2.0","method":"tof.frame","params":{"at_us":81243457,"cols":8,"distance_mm":[229,213,212,211,209,205,212,215,223,219,217,215,208,213,217,214,231,220,212,217,208,209,210,221,229,220,227,207,214,212,214,221,238,234,220,224,217,230,219,229,243,234,225,220,218,225,220,231,256,249,244,238,236,235,245,246,275,269,255,253,249,256,259,270],"rows":8,"seq":1095,"status":[5,5,5,5,5,5,5,5,5,5,5,5,5,5,5,5,5,5,5,5,5,5,5,5,5,5,5,5,5,5,5,5,5,5,5,5,5,5,5,5,5,5,5,5,5,5,5,5,5,5,5,5,5,5,5,5,5,5,5,5,5,5,5,5],"t_ns":51255273374000}}
51267675003666	rest	depth	{"jsonrpc":"2.0","method":"tof.frame","params":{"at_us":81320220,"cols":8,"distance_mm":[225,217,211,206,210,210,219,220,221,212,207,217,215,209,216,214,223,218,216,207,213,216,222,214,243,226,218,215,212,214,212,216,240,232,218,219,210,215,219,228,246,245,230,226,224,225,227,243,257,246,243,236,240,230,241,250,272,262,256,252,245,261,250,262],"rows":8,"seq":1096,"status":[5,5,5,5,5,5,5,5,5,5,5,5,5,5,5,5,5,5,5,5,5,5,5,5,5,5,5,5,5,5,5,5,5,5,5,5,5,5,5,5,5,5,5,5,5,5,5,5,5,5,5,5,5,5,5,5,5,5,5,5,5,5,5,5],"t_ns":51255350136000}}
51267753596333	rest	depth	{"jsonrpc":"2.0","method":"tof.frame","params":{"at_us":81399174,"cols":8,"distance_mm":[226,222,219,213,211,203,208,223,217,214,210,205,212,213,209,216,230,216,221,208,212,214,209,226,226,222,220,216,218,219,220,221,235,226,221,223,219,222,220,231,254,233,228,222,220,227,232,238,253,250,247,241,232,245,242,246,281,256,254,246,253,258,265,261],"rows":8,"seq":1097,"status":[5,5,5,5,5,5,5,5,5,5,5,5,5,5,5,5,5,5,5,5,5,5,5,5,5,5,5,5,5,5,5,5,5,5,5,5,5,5,5,5,5,5,5,5,5,5,5,5,5,5,5,5,5,5,5,5,5,5,5,5,5,5,5,5],"t_ns":51255429091000}}
51267824362541	rest	depth	{"jsonrpc":"2.0","method":"tof.frame","params":{"at_us":81469995,"cols":8,"distance_mm":[224,224,212,211,212,214,218,223,224,212,215,217,218,213,213,222,236,216,221,212,202,208,221,228,226,224,219,216,213,219,208,229,248,228,222,225,222,224,227,227,250,242,222,230,233,230,231,245,261,253,250,232,232,240,242,256,275,263,255,247,250,246,257,267],"rows":8,"seq":1098,"status":[5,5,5,5,5,5,5,5,5,5,5,5,5,5,5,5,5,5,5,5,5,5,5,5,5,5,5,5,5,5,5,5,5,5,5,5,5,5,5,5,5,5,5,5,5,5,5,5,5,5,5,5,5,5,5,5,5,5,5,5,5,5,5,5],"t_ns":51255499912000}}
51267908209208	rest	depth	{"jsonrpc":"2.0","method":"tof.frame","params":{"at_us":81550905,"cols":8,"distance_mm":[223,218,213,215,210,212,216,219,230,221,217,220,205,211,220,219,231,218,214,214,210,214,220,219,237,224,221,216,216,220,219,220,239,228,223,218,215,222,219,227,244,235,235,230,223,219,232,236,255,242,238,233,240,232,236,253,280,267,263,251,247,253,253,262],"rows":8,"seq":1099,"status":[5,5,5,5,5,5,5,5,5,5,5,5,5,5,5,5,5,5,5,5,5,5,5,5,5,5,5,5,5,5,5,5,5,5,5,5,5,5,5,5,5,5,5,5,5,5,5,5,5,5,5,5,5,5,5,5,5,5,5,5,5,5,5,5],"t_ns":51255580823000}}
51267976411333	rest	depth	{"jsonrpc":"2.0","method":"tof.frame","params":{"at_us":81620703,"cols":8,"distance_mm":[220,217,215,217,217,214,212,221,231,215,213,212,212,206,206,217,230,220,214,217,208,213,217,226,229,224,209,213,217,211,218,216,234,236,224,220,219,216,218,231,241,242,229,227,221,225,242,237,263,248,242,246,238,243,239,247,276,269,257,250,252,247,255,262],"rows":8,"seq":1100,"status":[5,5,5,5,5,5,5,5,5,5,5,5,5,5,5,5,5,5,5,5,5,5,5,5,5,5,5,5,5,5,5,5,5,5,5,5,5,5,5,5,5,5,5,5,5,5,5,5,5,5,5,5,5,5,5,5,5,5,5,5,5,5,5,5],"t_ns":51255650620000}}
51268044889333	rest	depth	{"jsonrpc":"2.0","method":"tof.frame","params":{"at_us":81689510,"cols":8,"distance_mm":[231,221,215,217,213,211,213,217,228,217,213,212,211,214,212,221,222,222,223,215,215,211,212,224,228,228,221,208,212,210,222,228,243,222,223,227,224,218,220,223,244,247,232,230,231,225,235,228,261,261,245,237,239,240,235,257,267,260,246,255,254,249,252,266],"rows":8,"seq":1101,"status":[5,5,5,5,5,5,5,5,5,5,5,5,5,5,5,5,5,5,5,5,5,5,5,5,5,5,5,5,5,5,5,5,5,5,5,5,5,5,5,5,5,5,5,5,5,5,5,5,5,5,5,5,5,5,5,5,5,5,5,5,5,5,5,5],"t_ns":51255719428000}}
51268119256166	rest	depth	{"jsonrpc":"2.0","method":"tof.frame","params":{"at_us":81762637,"cols":8,"distance_mm":[224,229,209,215,214,213,213,220,231,222,215,211,214,210,213,223,226,218,210,214,216,213,215,217,229,226,220,210,217,215,217,213,238,229,220,222,229,222,224,230,239,247,234,229,224,229,233,240,253,244,239,241,235,236,243,249,281,263,260,257,253,249,259,262],"rows":8,"seq":1102,"status":[5,5,5,5,5,5,5,5,5,5,5,5,5,5,5,5,5,5,5,5,5,5,5,5,5,5,5,5,5,5,5,5,5,5,5,5,5,5,5,5,5,5,5,5,5,5,5,5,5,5,5,5,5,5,5,5,5,5,5,5,5,5,5,5],"t_ns":51255792555000}}
51268194827791	rest	depth	{"jsonrpc":"2.0","method":"tof.frame","params":{"at_us":81837844,"cols":8,"distance_mm":[227,221,209,214,211,206,218,219,228,218,218,210,204,209,217,218,229,217,211,206,214,217,212,223,229,224,227,223,217,214,216,227,238,229,229,221,220,216,224,225,248,244,233,227,225,234,233,228,260,246,239,226,236,240,244,247,271,257,258,250,259,244,254,265],"rows":8,"seq":1103,"status":[5,5,5,5,5,5,5,5,5,5,5,5,5,5,5,5,5,5,5,5,5,5,5,5,5,5,5,5,5,5,5,5,5,5,5,5,5,5,5,5,5,5,5,5,5,5,5,5,5,5,5,5,5,5,5,5,5,5,5,5,5,5,5,5],"t_ns":51255867763000}}
51268272530166	rest	depth	{"jsonrpc":"2.0","method":"tof.frame","params":{"at_us":81917814,"cols":8,"distance_mm":[227,222,208,218,208,210,216,219,227,212,207,218,212,204,216,223,228,218,216,215,203,213,216,211,229,218,221,211,216,218,216,229,236,231,226,213,218,213,216,224,240,241,230,226,228,235,237,240,269,245,245,234,236,241,243,240,273,255,257,252,248,258,255,270],"rows":8,"seq":1104,"status":[5,5,5,5,5,5,5,5,5,5,5,5,5,5,5,5,5,5,5,5,5,5,5,5,5,5,5,5,5,5,5,5,5,5,5,5,5,5,5,5,5,5,5,5,5,5,5,5,5,5,5,5,5,5,5,5,5,5,5,5,5,5,5,5],"t_ns":51255947733000}}
51268349785875	rest	depth	{"jsonrpc":"2.0","method":"tof.frame","params":{"at_us":81994910,"cols":8,"distance_mm":[226,223,209,204,205,209,214,221,226,215,208,212,211,212,216,216,224,223,208,210,215,212,212,215,230,222,215,219,215,214,215,226,238,221,224,212,217,221,231,224,242,242,235,228,228,229,237,240,257,248,246,236,239,240,235,248,275,258,251,254,246,252,259,270],"rows":8,"seq":1105,"status":[5,5,5,5,5,5,5,5,5,5,5,5,5,5,5,5,5,5,5,5,5,5,5,5,5,5,5,5,5,5,5,5,5,5,5,5,5,5,5,5,5,5,5,5,5,5,5,5,5,5,5,5,5,5,5,5,5,5,5,5,5,5,5,5],"t_ns":51256024829000}}
51268431105250	rest	depth	{"jsonrpc":"2.0","method":"tof.frame","params":{"at_us":82073922,"cols":8,"distance_mm":[228,223,217,215,210,212,223,219,228,221,209,219,207,210,214,210,232,220,221,218,204,220,213,216,235,224,217,214,216,210,216,216,237,234,224,225,219,221,216,225,246,244,237,230,230,225,231,231,259,251,238,238,231,241,246,251,265,260,256,250,250,258,251,268],"rows":8,"seq":1106,"status":[5,5,5,5,5,5,5,5,5,5,5,5,5,5,5,5,5,5,5,5,5,5,5,5,5,5,5,5,5,5,5,5,5,5,5,5,5,5,5,5,5,5,5,5,5,5,5,5,5,5,5,5,5,5,5,5,5,5,5,5,5,5,5,5],"t_ns":51256103842000}}
51268505135041	rest	depth	{"jsonrpc":"2.0","method":"tof.frame","params":{"at_us":82150378,"cols":8,"distance_mm":[229,227,217,219,209,213,215,225,223,218,213,216,212,214,207,214,225,223,210,215,209,208,210,224,231,215,211,213,221,212,225,228,235,227,221,219,221,218,220,225,242,237,231,226,224,231,234,237,261,253,242,242,241,243,242,241,274,258,250,256,253,252,262,265],"rows":8,"seq":1107,"status":[5,5,5,5,5,5,5,5,5,5,5,5,5,5,5,5,5,5,5,5,5,5,5,5,5,5,5,5,5,5,5,5,5,5,5,5,5,5,5,5,5,5,5,5,5,5,5,5,5,5,5,5,5,5,5,5,5,5,5,5,5,5,5,5],"t_ns":51256180298000}}
51268583034875	rest	depth	{"jsonrpc":"2.0","method":"tof.frame","params":{"at_us":82227802,"cols":8,"distance_mm":[229,217,217,214,206,214,216,214,223,220,207,213,207,205,218,223,229,217,215,215,206,212,219,221,232,224,216,211,216,210,212,226,235,238,223,219,222,216,220,225,244,234,232,223,219,222,235,238,257,241,241,243,237,242,243,245,272,264,255,255,257,256,258,264],"rows":8,"seq":1108,"status":[5,5,5,5,5,5,5,5,5,5,5,5,5,5,5,5,5,5,5,5,5,5,5,5,5,5,5,5,5,5,5,5,5,5,5,5,5,5,5,5,5,5,5,5,5,5,5,5,5,5,5,5,5,5,5,5,5,5,5,5,5,5,5,5],"t_ns":51256257722000}}
51268662049708	rest	depth	{"jsonrpc":"2.0","method":"tof.frame","params":{"at_us":82307776,"cols":8,"distance_mm":[229,220,207,214,201,208,211,223,224,217,219,220,212,217,218,222,228,218,220,215,207,209,211,216,227,235,219,209,220,211,222,227,239,228,221,222,214,216,222,231,242,234,229,222,226,222,222,248,260,244,245,245,232,246,238,247,270,266,260,255,249,249,257,264],"rows":8,"seq":1109,"status":[5,5,5,5,5,5,5,5,5,5,5,5,5,5,5,5,5,5,5,5,5,5,5,5,5,5,5,5,5,5,5,5,5,5,5,5,5,5,5,5,5,5,5,5,5,5,5,5,5,5,5,5,5,5,5,5,5,5,5,5,5,5,5,5],"t_ns":51256337696000}}
51268733700708	rest	depth	{"jsonrpc":"2.0","method":"tof.frame","params":{"at_us":82376881,"cols":8,"distance_mm":[226,219,215,218,209,211,208,222,224,210,215,205,211,215,213,223,233,216,216,214,214,209,212,219,229,223,222,218,212,218,219,224,245,227,222,211,216,221,223,227,246,236,237,228,222,231,235,230,264,248,241,242,238,236,244,245,272,253,252,251,253,251,254,264],"rows":8,"seq":1110,"status":[5,5,5,5,5,5,5,5,5,5,5,5,5,5,5,5,5,5,5,5,5,5,5,5,5,5,5,5,5,5,5,5,5,5,5,5,5,5,5,5,5,5,5,5,5,5,5,5,5,5,5,5,5,5,5,5,5,5,5,5,5,5,5,5],"t_ns":51256406801000}}
51268811184375	rest	depth	{"jsonrpc":"2.0","method":"tof.frame","params":{"at_us":82454969,"cols":8,"distance_mm":[230,223,217,210,211,214,213,225,227,216,211,203,215,212,216,230,222,222,214,211,213,209,214,223,229,225,214,217,211,212,221,220,235,220,222,216,222,220,226,237,241,239,227,227,222,221,227,232,255,252,242,238,236,237,239,235,280,266,257,257,247,253,250,259],"rows":8,"seq":1111,"status":[5,5,5,5,5,5,5,5,5,5,5,5,5,5,5,5,5,5,5,5,5,5,5,5,5,5,5,5,5,5,5,5,5,5,5,5,5,5,5,5,5,5,5,5,5,5,5,5,5,5,5,5,5,5,5,5,5,5,5,5,5,5,5,5],"t_ns":51256484890000}}
51268884330500	rest	depth	{"jsonrpc":"2.0","method":"tof.frame","params":{"at_us":82527685,"cols":8,"distance_mm":[233,223,215,210,213,213,216,224,222,210,222,206,207,216,219,214,230,219,215,210,218,207,218,228,231,222,214,210,215,209,219,220,235,228,225,217,218,224,225,234,249,234,228,235,240,230,233,231,259,254,244,239,235,236,241,241,274,271,251,245,257,253,254,263],"rows":8,"seq":1112,"status":[5,5,5,5,5,5,5,5,5,5,5,5,5,5,5,5,5,5,5,5,5,5,5,5,5,5,5,5,5,5,5,5,5,5,5,5,5,5,5,5,5,5,5,5,5,5,5,5,5,5,5,5,5,5,5,5,5,5,5,5,5,5,5,5],"t_ns":51256557607000}}
51268958952541	rest	depth	{"jsonrpc":"2.0","method":"tof.frame","params":{"at_us":82604343,"cols":8,"distance_mm":[221,214,222,210,209,212,210,224,226,216,210,209,213,205,215,221,227,212,216,206,209,214,215,233,229,225,215,217,215,214,213,217,229,234,224,221,221,226,226,233,249,237,227,234,227,225,235,241,254,246,237,242,237,234,249,249,271,256,256,255,248,251,258,266],"rows":8,"seq":1113,"status":[5,5,5,5,5,5,5,5,5,5,5,5,5,5,5,5,5,5,5,5,5,5,5,5,5,5,5,5,5,5,5,5,5,5,5,5,5,5,5,5,5,5,5,5,5,5,5,5,5,5,5,5,5,5,5,5,5,5,5,5,5,5,5,5],"t_ns":51256634264000}}
51269036449166	rest	depth	{"jsonrpc":"2.0","method":"tof.frame","params":{"at_us":82681738,"cols":8,"distance_mm":[227,224,216,217,207,210,217,218,222,219,225,208,209,209,214,211,228,215,215,209,217,213,222,215,231,222,210,219,211,213,210,224,237,228,222,221,221,215,231,230,244,236,236,227,224,222,230,243,248,246,247,238,236,238,245,242,270,255,252,249,250,252,259,268],"rows":8,"seq":1114,"status":[5,5,5,5,5,5,5,5,5,5,5,5,5,5,5,5,5,5,5,5,5,5,5,5,5,5,5,5,5,5,5,5,5,5,5,5,5,5,5,5,5,5,5,5,5,5,5,5,5,5,5,5,5,5,5,5,5,5,5,5,5,5,5,5],"t_ns":51256711661000}}
51269105583958	rest	depth	{"jsonrpc":"2.0","method":"tof.frame","params":{"at_us":82750037,"cols":8,"distance_mm":[229,218,217,204,214,218,219,219,230,220,215,211,220,214,210,219,223,220,214,217,201,209,223,228,230,224,220,216,218,220,217,218,236,230,223,222,214,217,224,232,244,239,231,228,221,227,230,241,253,247,238,238,239,233,241,248,270,259,248,255,252,261,250,267],"rows":8,"seq":1115,"status":[5,5,5,5,5,5,5,5,5,5,5,5,5,5,5,5,5,5,5,5,5,5,5,5,5,5,5,5,5,5,5,5,5,5,5,5,5,5,5,5,5,5,5,5,5,5,5,5,5,5,5,5,5,5,5,5,5,5,5,5,5,5,5,5],"t_ns":51256779959000}}
51269180513083	rest	depth	{"jsonrpc":"2.0","method":"tof.frame","params":{"at_us":82825146,"cols":8,"distance_mm":[228,214,216,216,208,214,211,222,223,213,215,210,213,212,206,218,225,214,217,210,211,211,216,212,221,226,215,216,211,214,216,223,245,225,220,217,222,221,229,225,250,233,230,227,229,224,235,239,256,247,240,234,233,238,241,246,274,261,255,255,257,253,263,264],"rows":8,"seq":1116,"status":[5,5,5,5,5,5,5,5,5,5,5,5,5,5,5,5,5,5,5,5,5,5,5,5,5,5,5,5,5,5,5,5,5,5,5,5,5,5,5,5,5,5,5,5,5,5,5,5,5,5,5,5,5,5,5,5,5,5,5,5,5,5,5,5],"t_ns":51256855068000}}
51269260821125	rest	depth	{"jsonrpc":"2.0","method":"tof.frame","params":{"at_us":82903955,"cols":8,"distance_mm":[217,222,222,213,206,214,215,218,225,212,212,207,212,209,216,221,224,220,217,216,210,209,216,223,234,225,214,225,219,211,214,223,228,227,219,214,228,221,224,229,250,233,234,225,231,226,234,239,258,250,240,238,236,230,243,249,268,259,254,252,252,254,265,273],"rows":8,"seq":1117,"status":[5,5,5,5,5,5,5,5,5,5,5,5,5,5,5,5,5,5,5,5,5,5,5,5,5,5,5,5,5,5,5,5,5,5,5,5,5,5,5,5,5,5,5,5,5,5,5,5,5,5,5,5,5,5,5,5,5,5,5,5,5,5,5,5],"t_ns":51256933878000}}
51269339360083	rest	depth	{"jsonrpc":"2.0","method":"tof.frame","params":{"at_us":82983470,"cols":8,"distance_mm":[222,215,217,208,217,214,217,218,223,218,208,212,213,212,216,208,238,219,215,212,210,210,220,219,233,228,213,220,211,210,216,221,235,229,220,211,223,219,219,234,246,241,230,222,225,228,232,236,256,252,244,243,231,234,245,250,276,261,247,252,247,251,264,258],"rows":8,"seq":1118,"status":[5,5,5,5,5,5,5,5,5,5,5,5,5,5,5,5,5,5,5,5,5,5,5,5,5,5,5,5,5,5,5,5,5,5,5,5,5,5,5,5,5,5,5,5,5,5,5,5,5,5,5,5,5,5,5,5,5,5,5,5,5,5,5,5],"t_ns":51257013394000}}
51269416636416	rest	depth	{"jsonrpc":"2.0","method":"tof.frame","params":{"at_us":83061790,"cols":8,"distance_mm":[229,223,219,208,213,210,219,220,230,218,214,204,213,207,212,219,226,217,214,202,204,216,211,210,234,225,224,211,217,222,219,223,238,230,223,222,219,216,223,230,243,234,230,225,222,231,231,241,260,249,248,236,235,242,241,248,273,260,263,252,244,252,254,265],"rows":8,"seq":1119,"status":[5,5,5,5,5,5,5,5,5,5,5,5,5,5,5,5,5,5,5,5,5,5,5,5,5,5,5,5,5,5,5,5,5,5,5,5,5,5,5,5,5,5,5,5,5,5,5,5,5,5,5,5,5,5,5,5,5,5,5,5,5,5,5,5],"t_ns":51257091714000}}
51269493535208	rest	depth	{"jsonrpc":"2.0","method":"tof.frame","params":{"at_us":83138373,"cols":8,"distance_mm":[222,219,215,216,216,210,217,227,225,226,210,203,208,207,214,223,218,219,215,205,211,210,219,214,226,219,220,209,212,215,212,227,240,227,219,213,216,224,222,225,241,234,238,230,225,226,237,235,254,243,242,239,246,237,242,244,269,265,250,252,249,252,258,265],"rows":8,"seq":1120,"status":[5,5,5,5,5,5,5,5,5,5,5,5,5,5,5,5,5,5,5,5,5,5,5,5,5,5,5,5,5,5,5,5,5,5,5,5,5,5,5,5,5,5,5,5,5,5,5,5,5,5,5,5,5,5,5,5,5,5,5,5,5,5,5,5],"t_ns":51257168297000}}
51269567663500	rest	depth	{"jsonrpc":"2.0","method":"tof.frame","params":{"at_us":83213057,"cols":8,"distance_mm":[226,218,211,203,214,217,210,225,229,221,215,211,213,213,210,219,230,218,220,217,207,207,217,223,228,225,212,211,210,218,216,224,238,232,220,219,218,226,218,230,241,241,226,235,226,228,237,238,256,251,244,241,232,233,247,245,279,258,264,256,256,249,256,268],"rows":8,"seq":1121,"status":[5,5,5,5,5,5,5,5,5,5,5,5,5,5,5,5,5,5,5,5,5,5,5,5,5,5,5,5,5,5,5,5,5,5,5,5,5,5,5,5,5,5,5,5,5,5,5,5,5,5,5,5,5,5,5,5,5,5,5,5,5,5,5,5],"t_ns":51257242981000}}
51269645276208	rest	depth	{"jsonrpc":"2.0","method":"tof.frame","params":{"at_us":83291044,"cols":8,"distance_mm":[227,221,211,207,214,210,215,220,222,222,214,213,212,214,208,219,229,227,211,210,204,212,220,208,225,227,227,221,212,204,217,220,241,227,216,221,222,228,220,229,244,238,230,225,221,234,229,237,257,252,241,241,233,232,247,249,269,265,256,256,255,258,255,264],"rows":8,"seq":1122,"status":[5,5,5,5,5,5,5,5,5,5,5,5,5,5,5,5,5,5,5,5,5,5,5,5,5,5,5,5,5,5,5,5,5,5,5,5,5,5,5,5,5,5,5,5,5,5,5,5,5,5,5,5,5,5,5,5,5,5,5,5,5,5,5,5],"t_ns":51257320969000}}
51269723040166	rest	depth	{"jsonrpc":"2.0","method":"tof.frame","params":{"at_us":83367175,"cols":8,"distance_mm":[224,219,213,213,222,216,215,219,226,217,212,219,207,212,223,230,229,220,219,210,206,207,214,217,240,224,218,218,210,210,218,218,232,226,224,218,214,219,220,224,237,235,234,224,231,222,234,236,254,247,244,235,239,235,238,255,276,266,255,250,254,256,258,266],"rows":8,"seq":1123,"status":[5,5,5,5,5,5,5,5,5,5,5,5,5,5,5,5,5,5,5,5,5,5,5,5,5,5,5,5,5,5,5,5,5,5,5,5,5,5,5,5,5,5,5,5,5,5,5,5,5,5,5,5,5,5,5,5,5,5,5,5,5,5,5,5],"t_ns":51257397100000}}
51269803671083	rest	depth	{"jsonrpc":"2.0","method":"tof.frame","params":{"at_us":83446574,"cols":8,"distance_mm":[227,224,214,212,213,216,215,210,225,224,218,205,203,211,211,221,218,221,215,207,207,215,204,223,225,222,222,213,212,212,217,227,234,229,216,217,221,221,224,228,241,247,232,225,225,231,227,237,262,242,248,243,234,235,241,250,272,259,261,256,256,251,257,262],"rows":8,"seq":1124,"status":[5,5,5,5,5,5,5,5,5,5,5,5,5,5,5,5,5,5,5,5,5,5,5,5,5,5,5,5,5,5,5,5,5,5,5,5,5,5,5,5,5,5,5,5,5,5,5,5,5,5,5,5,5,5,5,5,5,5,5,5,5,5,5,5],"t_ns":51257476500000}}
51269883592208	rest	depth	{"jsonrpc":"2.0","method":"tof.frame","params":{"at_us":83526182,"cols":8,"distance_mm":[226,209,207,209,210,215,212,215,228,224,216,213,216,207,214,220,227,218,216,205,201,208,218,214,227,227,221,213,214,215,221,217,237,227,224,224,219,215,225,225,250,236,222,228,226,223,234,240,262,249,247,245,239,238,241,250,278,265,252,255,253,255,264,264],"rows":8,"seq":1125,"status":[5,5,5,5,5,5,5,5,5,5,5,5,5,5,5,5,5,5,5,5,5,5,5,5,5,5,5,5,5,5,5,5,5,5,5,5,5,5,5,5,5,5,5,5,5,5,5,5,5,5,5,5,5,5,5,5,5,5,5,5,5,5,5,5],"t_ns":51257556108000}}
51269952186875	rest	depth	{"jsonrpc":"2.0","method":"tof.frame","params":{"at_us":83596983,"cols":8,"distance_mm":[216,218,211,215,218,211,224,210,222,222,217,218,209,214,212,221,232,217,213,211,211,214,214,219,220,228,215,212,210,217,220,223,237,221,227,224,216,223,224,229,242,238,237,227,222,231,228,239,243,253,247,239,242,242,242,252,278,263,256,247,251,248,257,267],"rows":8,"seq":1126,"status":[5,5,5,5,5,5,5,5,5,5,5,5,5,5,5,5,5,5,5,5,5,5,5,5,5,5,5,5,5,5,5,5,5,5,5,5,5,5,5,5,5,5,5,5,5,5,5,5,5,5,5,5,5,5,5,5,5,5,5,5,5,5,5,5],"t_ns":51257626909000}}
51270024167083	rest	depth	{"jsonrpc":"2.0","method":"tof.frame","params":{"at_us":83669178,"cols":8,"distance_mm":[225,216,218,209,209,219,217,218,226,221,218,221,214,211,213,218,234,235,218,217,210,212,220,213,233,234,218,209,216,219,215,220,240,228,221,214,220,220,224,233,252,241,230,235,226,226,232,237,255,246,239,238,236,240,239,254,272,265,250,260,250,260,256,260],"rows":8,"seq":1127,"status":[5,5,5,5,5,5,5,5,5,5,5,5,5,5,5,5,5,5,5,5,5,5,5,5,5,5,5,5,5,5,5,5,5,5,5,5,5,5,5,5,5,5,5,5,5,5,5,5,5,5,5,5,5,5,5,5,5,5,5,5,5,5,5,5],"t_ns":51257699104000}}
51270093496750	rest	depth	{"jsonrpc":"2.0","method":"tof.frame","params":{"at_us":83737304,"cols":8,"distance_mm":[223,227,213,212,205,209,209,216,226,214,218,212,205,213,216,218,227,217,209,214,215,220,218,211,231,227,222,219,217,222,218,217,235,226,218,219,222,223,226,231,241,231,232,234,222,230,233,245,255,249,242,238,244,238,248,245,264,258,258,252,254,256,257,257],"rows":8,"seq":1128,"status":[5,5,5,5,5,5,5,5,5,5,5,5,5,5,5,5,5,5,5,5,5,5,5,5,5,5,5,5,5,5,5,5,5,5,5,5,5,5,5,5,5,5,5,5,5,5,5,5,5,5,5,5,5,5,5,5,5,5,5,5,5,5,5,5],"t_ns":51257767230000}}
51270171129666	rest	depth	{"jsonrpc":"2.0","method":"tof.frame","params":{"at_us":83814827,"cols":8,"distance_mm":[230,228,217,207,207,216,207,223,229,221,216,208,212,213,220,214,220,229,212,206,216,205,221,222,229,223,216,217,220,217,221,223,230,228,220,223,215,225,226,227,243,240,225,232,222,228,229,233,256,251,238,226,232,231,246,247,272,263,250,247,246,255,257,267],"rows":8,"seq":1129,"status":[5,5,5,5,5,5,5,5,5,5,5,5,5,5,5,5,5,5,5,5,5,5,5,5,5,5,5,5,5,5,5,5,5,5,5,5,5,5,5,5,5,5,5,5,5,5,5,5,5,5,5,5,5,5,5,5,5,5,5,5,5,5,5,5],"t_ns":51257844753000}}
51270243597000	rest	depth	{"jsonrpc":"2.0","method":"tof.frame","params":{"at_us":83888896,"cols":8,"distance_mm":[230,222,209,208,208,214,218,216,222,221,206,211,213,217,208,220,231,219,213,216,218,213,207,228,239,235,215,221,216,217,221,225,240,220,220,220,221,218,219,233,246,238,229,234,227,229,237,239,257,240,238,235,236,238,237,253,273,254,253,241,255,251,258,264],"rows":8,"seq":1130,"status":[5,5,5,5,5,5,5,5,5,5,5,5,5,5,5,5,5,5,5,5,5,5,5,5,5,5,5,5,5,5,5,5,5,5,5,5,5,5,5,5,5,5,5,5,5,5,5,5,5,5,5,5,5,5,5,5,5,5,5,5,5,5,5,5],"t_ns":51257918823000}}
51270321816583	rest	depth	{"jsonrpc":"2.0","method":"tof.frame","params":{"at_us":83966169,"cols":8,"distance_mm":[227,212,214,215,210,211,215,228,222,221,210,214,204,212,208,218,227,222,206,220,213,210,216,220,237,214,223,218,214,215,214,220,237,231,223,222,217,220,226,235,243,237,237,228,220,236,232,237,264,247,246,244,242,244,242,247,270,262,257,254,250,245,260,266],"rows":8,"seq":1131,"status":[5,5,5,5,5,5,5,5,5,5,5,5,5,5,5,5,5,5,5,5,5,5,5,5,5,5,5,5,5,5,5,5,5,5,5,5,5,5,5,5,5,5,5,5,5,5,5,5,5,5,5,5,5,5,5,5,5,5,5,5,5,5,5,5],"t_ns":51257996096000}}
51270392744041	rest	depth	{"jsonrpc":"2.0","method":"tof.frame","params":{"at_us":84036204,"cols":8,"distance_mm":[221,223,207,212,207,218,217,222,236,215,215,211,207,210,213,226,229,226,210,209,207,212,219,217,232,223,220,216,214,220,221,226,238,230,212,225,219,219,222,222,240,229,229,224,227,223,239,238,259,248,249,240,234,239,237,243,270,267,260,254,246,255,258,257],"rows":8,"seq":1132,"status":[5,5,5,5,5,5,5,5,5,5,5,5,5,5,5,5,5,5,5,5,5,5,5,5,5,5,5,5,5,5,5,5,5,5,5,5,5,5,5,5,5,5,5,5,5,5,5,5,5,5,5,5,5,5,5,5,5,5,5,5,5,5,5,5],"t_ns":51258066132000}}
51270469647041	rest	depth	{"jsonrpc":"2.0","method":"tof.frame","params":{"at_us":84113128,"cols":8,"distance_mm":[232,219,216,211,213,219,212,223,226,219,212,216,211,215,215,216,228,218,225,207,208,219,207,215,233,223,215,220,216,213,215,229,234,229,218,222,220,214,220,232,244,233,225,235,221,228,237,240,250,250,241,238,241,245,237,258,277,264,256,252,248,252,258,256],"rows":8,"seq":1133,"status":[5,5,5,5,5,5,5,5,5,5,5,5,5,5,5,5,5,5,5,5,5,5,5,5,5,5,5,5,5,5,5,5,5,5,5,5,5,5,5,5,5,5,5,5,5,5,5,5,5,5,5,5,5,5,5,5,5,5,5,5,5,5,5,5],"t_ns":51258143056000}}
51270512679083	end	phase	start
