# EXTRACT of session-T.tsv (not the original record): one row for each robot.state frame,
# with the receipt clock, the phase, the daemon's t_ns and the text of safety.gravity[2] as sent.
receipt_ns	phase	t_ns	upward
51099087973875	stand	51086761911000	-0.9999848188813156
51099108623083	stand	51086780750000	-0.9999848188813156
51099130859500	stand	51086803091000	-0.9999849450092028
51099151965500	stand	51086826119000	-0.99998494497869
51099168744750	stand	51086841652000	-0.9999849489245076
51099191884708	stand	51086866279000	-0.9999849509845996
51099213011958	stand	51086884726000	-0.9999848552389916
51099228078333	stand	51086900537000	-0.9999847748201022
51099246213958	stand	51086919676000	-0.9999847249162584
51099275439083	stand	51086947129000	-0.9999847126465709
51099289653625	stand	51086961252000	-0.9999847126465709
51099307547750	stand	51086979693000	-0.9999846841142866
51099328260000	stand	51087000383000	-0.999984611310886
51099346328541	stand	51087018899000	-0.9999846178524892
51099365717791	stand	51087038574000	-0.9999846540059308
51099388365666	stand	51087061203000	-0.9999846656945393
51099405212083	stand	51087079139000	-0.9999846470557586
51099428045166	stand	51087100034000	-0.9999846470557586
51099448410166	stand	51087122182000	-0.9999846635115758
51099474584125	stand	51087146719000	-0.9999846409105856
51099489508041	stand	51087163687000	-0.9999846541660242
51099507921958	stand	51087180459000	-0.9999846541660242
51099534074625	stand	51087206215000	-0.9999847200530692
51099548716833	stand	51087220843000	-0.9999847636273572
51099569820125	stand	51087242685000	-0.999984768570778
51099592840583	stand	51087265686000	-0.9999847847125184
51099610963500	stand	51087284184000	-0.9999847624113756
51099628137333	stand	51087300273000	-0.9999847624113756
51099649222250	stand	51087323141000	-0.9999847418159108
51099667298500	stand	51087339426000	-0.9999847418159108
51099696743083	stand	51087368330000	-0.9999847574804366
51099708825875	stand	51087381546000	-0.9999847613588594
51099725990916	stand	51087400383000	-0.9999847613588594
51099753130625	stand	51087426461000	-0.9999847738562618
51099770421625	stand	51087443498000	-0.999984740963309
51099788503375	stand	51087461382000	-0.9999847275330054
51099812632458	stand	51087484771000	-0.9999847362627932
51099830703416	stand	51087504733000	-0.9999847362627932
51099851806375	stand	51087523953000	-0.9999847312650926
51099872320625	stand	51087545462000	-0.9999847823608596
51099890195291	stand	51087563936000	-0.9999848012994828
51099911964375	stand	51087585364000	-0.9999848355012586
51099930046041	stand	51087603622000	-0.99998476501271
51099950354583	stand	51087622497000	-0.9999847638003168
51099967373000	stand	51087640248000	-0.9999847297698642
51099987492625	stand	51087659630000	-0.9999847297698642
51100013486083	stand	51087685904000	-0.9999846721821452
51100030236041	stand	51087704389000	-0.9999845913861708
51100046708958	stand	51087719281000	-0.9999845913861708
51100067810416	stand	51087739953000	-0.9999845395631116
51100088704500	stand	51087760737000	-0.9999845218321728
51100108288541	stand	51087780429000	-0.999984526756324
51100129401375	stand	51087801545000	-0.999984498544402
51100151718875	stand	51087826056000	-0.9999844940549792
51100168004958	stand	51087839863000	-0.9999844940549792
51100188182166	stand	51087860568000	-0.9999845616259486
51100205271750	stand	51087879519000	-0.9999845753294636
51100233235791	stand	51087905872000	-0.999984555626579
51100247844166	stand	51087920133000	-0.999984555626579
51100274510166	stand	51087947704000	-0.999984564664878
51100285815000	stand	51087959480000	-0.9999845364421028
51100305255083	stand	51087978406000	-0.9999845441992704
51100335410791	stand	51088007546000	-0.9999845823406068
51100347492541	stand	51088019541000	-0.9999845905977468
51100367833333	stand	51088040228000	-0.9999846192109172
51100391712541	stand	51088066009000	-0.999984611422524
51100406780958	stand	51088078914000	-0.999984611422524
51100424748666	stand	51088098536000	-0.9999846191897568
51100453730625	stand	51088125865000	-0.9999846456408272
51100471832833	stand	51088144320000	-0.9999846656239734
51100486915666	stand	51088160701000	-0.9999846656239734
51100512994666	stand	51088185136000	-0.999984575008786
51100532160041	stand	51088205102000	-0.9999846331646332
51100552521458	stand	51088225094000	-0.9999845005207976
51100566938458	stand	51088239071000	-0.9999844984738856
51100590109041	stand	51088264601000	-0.999984479774584
51100607366541	stand	51088279960000	-0.999984479774584
51100628470833	stand	51088301028000	-0.999984418775155
51100645619083	stand	51088318639000	-0.9999844312176028
51100667974250	stand	51088340554000	-0.9999844312176028
51100686068666	stand	51088359704000	-0.9999844036907514
51100715283500	stand	51088387229000	-0.999984410874192
51100730511333	stand	51088404232000	-0.9999844438688976
51100748693625	stand	51088420473000	-0.9999844438688976
51100776002833	stand	51088447864000	-0.9999845394550188
51100791208458	stand	51088463336000	-0.9999845407023176
51100812545250	stand	51088484857000	-0.9999845538763515
51100830743708	stand	51088504798000	-0.9999845538763515
51100848530291	stand	51088522358000	-0.9999845031355448
51100866742208	stand	51088538876000	-0.9999845031355448
51100887897416	stand	51088560037000	-0.9999845129790212
51100914760875	stand	51088587595000	-0.999984516750196
51100926968416	stand	51088599058000	-0.9999845539451718
51100945187291	stand	51088619083000	-0.9999845539451718
51100969466708	stand	51088641549000	-0.999984493665421
51100993808083	stand	51088666241000	-0.9999844231273948
51101005943791	stand	51088680333000	-0.9999844313077084
51101033287625	stand	51088706395000	-0.9999844199277552
51101051501250	stand	51088723528000	-0.9999844199277552
51101072730541	stand	51088744460000	-0.999984361388812
51101090919458	stand	51088764663000	-0.9999843693808288
51101109352583	stand	51088779588000	-0.9999844054219568
51101127199041	stand	51088799295000	-0.9999844155904642
51101154615375	stand	51088824622000	-0.9999843945013978
51101172910125	stand	51088842022000	-0.9999843922243392
51101188051583	stand	51088860148000	-0.9999844122747188
51101211341875	stand	51088882857000	-0.9999844555493168
51101229571541	stand	51088901690000	-0.9999844687050098
51101252982083	stand	51088925569000	-0.99998444698181
51101268195666	stand	51088940287000	-0.9999844409299382
51101295689291	stand	51088967015000	-0.999984454819188
51101310989458	stand	51088983064000	-0.9999844297375338
51101329018375	stand	51089001422000	-0.9999844297375338
51101350493833	stand	51089020390000	-0.9999844144637964
51101365568250	stand	51089038097000	-0.9999844144637964
51101392516916	stand	51089064420000	-0.999984409663892
51101409846750	stand	51089081934000	-0.999984409663892
51101428124833	stand	51089100190000	-0.9999844661065388
51101455064750	stand	51089126947000	-0.999984469449484
51101470220541	stand	51089142059000	-0.999984469449484
51101494248791	stand	51089165868000	-0.9999845039863132
51101506423916	stand	51089178215000	-0.9999844804607784
51101527413375	stand	51089199502000	-0.9999844760618636
51101551312958	stand	51089222754000	-0.9999844934913126
51101572116333	stand	51089245054000	-0.9999844731340568
51101587290333	stand	51089259413000	-0.9999844731340568
51101614677875	stand	51089287327000	-0.9999844464077
51101626836208	stand	51089299154000	-0.9999844464077
51101651154750	stand	51089323049000	-0.9999844250001094
51101666367375	stand	51089340134000	-0.9999844250001094
51101690756166	stand	51089363148000	-0.9999843981667706
51101708930958	stand	51089381030000	-0.9999843632422376
51101735216458	stand	51089406183000	-0.999984351304944
51101750291000	stand	51089422394000	-0.9999843690443756
51101774374791	stand	51089445128000	-0.9999844158456952
51101786545625	stand	51089458664000	-0.9999844158456952
51101809956208	stand	51089480829000	-0.9999844621732922
51101834223750	stand	51089506052000	-0.9999843892668696
51101851421291	stand	51089522715000	-0.9999843892668696
51101872717041	stand	51089545507000	-0.9999843574687092
51101887348041	stand	51089559028000	-0.9999843574687092
51101907536291	stand	51089580447000	-0.9999842093510658
51101934907458	stand	51089607135000	-0.99998413138262
51101950144458	stand	51089622535000	-0.999984101911484
51101967395166	stand	51089638774000	-0.9999841039007976
51101990830250	stand	51089660856000	-0.9999841039007976
51102008744666	stand	51089681761000	-0.999984117077536
51102029190208	stand	51089701287000	-0.9999841715934566
51102052879041	stand	51089724965000	-0.9999841994383444
51102067848833	stand	51089739934000	-0.9999841994383444
51102085608791	stand	51089758305000	-0.999984263959891
51102109913083	stand	51089781823000	-0.9999843392040106
51102133818791	stand	51089805530000	-0.9999843795798484
51102145610750	stand	51089819068000	-0.9999843795798484
51102171494250	stand	51089842605000	-0.9999844205289476
51102192915833	stand	51089864085000	-0.9999843998737964
51102213214125	stand	51089885277000	-0.9999843469634696
51102225353500	stand	51089898499000	-0.9999843469634696
51102255719166	stand	51089927790000	-0.9999843206962028
51102266975375	stand	51089939083000	-0.9999843206962028
51102288281375	stand	51089960422000	-0.9999843305874292
51102308707375	stand	51089980835000	-0.999984287073708
51102332087416	stand	51090004045000	-0.999984285043056
51102349385250	stand	51090021492000	-0.999984285043056
51102370419625	stand	51090042484000	-0.9999843149772218
51102387940125	stand	51090060024000	-0.9999842955522844
51102408657541	stand	51090081397000	-0.999984298344946
51102436088333	stand	51090105816000	-0.9999843254329828
51102448236125	stand	51090120312000	-0.9999843254329828
51102468893583	stand	51090142304000	-0.9999844074361822
51102489300583	stand	51090160559000	-0.9999844074361822
51102507460625	stand	51090179583000	-0.999984396239514
51102534696125	stand	51090207164000	-0.9999843972008634
51102546799958	stand	51090219201000	-0.9999843972008634
51102571040833	stand	51090243026000	-0.9999843020752616
51102595414375	stand	51090266445000	-0.9999841793643098
51102607113916	stand	51090279491000	-0.9999841741234436
51102634459458	stand	51090306708000	-0.9999841564373526
51102649610791	stand	51090320858000	-0.9999841196075756
51102673065750	stand	51090344628000	-0.9999841127609364
51102690634666	stand	51090362746000	-0.9999841375077644
51102711850875	stand	51090383537000	-0.999984192697954
51102727140125	stand	51090398690000	-0.999984192697954
51102753814541	stand	51090424986000	-0.999984223645319
51102771625916	stand	51090444284000	-0.9999842471301807
51102786829416	stand	51090458935000	-0.9999842892889568
51102810817916	stand	51090482886000	-0.9999843503246788
51102835086583	stand	51090506295000	-0.9999843763357265
51102850251541	stand	51090523452000	-0.9999843626443332
51102868141333	stand	51090540257000	-0.9999843626443332
51102892458500	stand	51090565011000	-0.9999842939557904
51102906740791	stand	51090578819000	-0.9999842939557904
51102928104541	stand	51090600212000	-0.9999842022363428
51102951911916	stand	51090624009000	-0.999984114223717
51102969968041	stand	51090642092000	-0.9999841239816502
51102991273583	stand	51090662303000	-0.9999841239816502
51103006538125	stand	51090678655000	-0.9999840951423292
51103027815333	stand	51090699936000	-0.9999841034794312
51103051487458	stand	51090724571000	-0.9999841397436188
51103072379833	stand	51090744465000	-0.9999841397436188
51103090511125	stand	51090762605000	-0.9999842430139286
51103114599875	stand	51090784475000	-0.9999842497710404
51103126836208	stand	51090798919000	-0.9999842699150796
51103151150416	stand	51090823266000	-0.9999842958230633
51103166343625	stand	51090838937000	-0.9999842958230633
51103187336666	stand	51090858998000	-0.9999841670281272
51103214281500	stand	51090887063000	-0.999984142699774
51103232671916	stand	51090903822000	-0.9999841566793048
51103247648125	stand	51090920055000	-0.999984153019117
51103274792791	stand	51090947284000	-0.9999841249621944
51103293081750	stand	51090963256000	-0.9999841221051076
51103308391000	stand	51090980519000	-0.9999841466839284
51103329232291	stand	51091001319000	-0.9999841466839284
51103350546000	stand	51091022624000	-0.9999842324745192
51103371764958	stand	51091043348000	-0.9999842317201202
51103393182125	stand	51091064015000	-0.9999842459358572
51103410918375	stand	51091082060000	-0.9999842782160362
51103435336916	stand	51091106401000	-0.9999842685330244
51103450490833	stand	51091122929000	-0.9999842284887804
51103468636208	stand	51091142394000	-0.9999842284887804
51103489783250	stand	51091163135000	-0.9999842279409428
51103506846416	stand	51091179452000	-0.9999842279409428
51103534197375	stand	51091206303000	-0.9999841190481044
51103548856833	stand	51091220925000	-0.9999841190481044
51103569966875	stand	51091240896000	-0.999984081594262
51103591288375	stand	51091263387000	-0.999984086754002
51103612922250	stand	51091282026000	-0.9999840090806562
51103634228875	stand	51091305231000	-0.9999839642994578
51103649450500	stand	51091321549000	-0.9999839680132896
51103667836541	stand	51091339920000	-0.9999839680132896
51103694081083	stand	51091366656000	-0.9999840186178658
51103712325375	stand	51091383845000	-0.9999841353143868
51103733556958	stand	51091405536000	-0.9999841290620196
51103751692000	stand	51091424169000	-0.9999842226706602
51103769913916	stand	51091443421000	-0.9999842423304726
51103794042875	stand	51091465180000	-0.9999842740894926
51103806092291	stand	51091479174000	-0.9999842679521026
51103829241208	stand	51091501300000	-0.9999842679521026
51103853494625	stand	51091526471000	-0.9999843111723088
51103871745208	stand	51091543846000	-0.999984306401837
51103890024416	stand	51091561339000	-0.999984306401837
51103907372083	stand	51091579518000	-0.999984253207522
51103928691416	stand	51091600795000	-0.999984225011074
51103949988000	stand	51091622093000	-0.9999840687474586
51103967935708	stand	51091640024000	-0.9999840687474586
51103989213083	stand	51091661345000	-0.9999840306866888
51104009286041	stand	51091681372000	-0.9999840101201236
51104027551666	stand	51091699654000	-0.9999840209971336
51104048737958	stand	51091720838000	-0.9999840209971336
51104069808791	stand	51091742165000	-0.999984126754202
51104090875583	stand	51091763217000	-0.9999841589926468
51104112094333	stand	51091784196000	-0.9999841560443123
51104127380416	stand	51091799456000	-0.9999841560443123
51104148620583	stand	51091820709000	-0.99998416880213
51104170198500	stand	51091842309000	-0.9999841900972056
51104188480083	stand	51091859959000	-0.9999841269784072
51104209851958	stand	51091880364000	-0.99998410961506
51104234164375	stand	51091906420000	-0.9999841331254242
51104248099250	stand	51091920201000	-0.9999841715302382
51104265819416	stand	51091939167000	-0.9999841715302382
51104287083791	stand	51091958327000	-0.999984112463364
51104314281333	stand	51091985159000	-0.9999840533955024
51104332632791	stand	51092003714000	-0.9999840710234912
51104350946625	stand	51092023041000	-0.99998406945509
51104369232375	stand	51092041328000	-0.9999840424152688
51104390498000	stand	51092062612000	-0.9999840424152688
51104408841958	stand	51092080555000	-0.999984040256865
51104432669291	stand	51092105852000	-0.9999841114690556
51104447998583	stand	51092119219000	-0.9999841114690556
51104468447250	stand	51092140546000	-0.9999841158681196
51104492212458	stand	51092164299000	-0.999984125979042
51104507267208	stand	51092179544000	-0.999984156676019
51104530933250	stand	51092203036000	-0.9999842088491452
51104552239458	stand	51092224147000	-0.9999842283333912
51104571962583	stand	51092243975000	-0.9999842103108576
51104590060458	stand	51092262162000	-0.9999841992187172
51104613395333	stand	51092284142000	-0.9999841458765424
51104628229958	stand	51092298694000	-0.9999841311125568
51104654870750	stand	51092326381000	-0.9999840798665258
51104667150416	stand	51092338809000	-0.9999840798665258
51104691570833	stand	51092363656000	-0.999984070815915
51104706860833	stand	51092378938000	-0.9999840891459754
51104730582875	stand	51092402731000	-0.9999840653530035
51104748800333	stand	51092421716000	-0.9999840653530035
51104770056833	stand	51092442610000	-0.9999841006488852
51104788278583	stand	51092460676000	-0.9999841006488852
51104815592625	stand	51092487246000	-0.9999841902379172
51104827723458	stand	51092499329000	-0.9999841902379172
51104848872833	stand	51092522476000	-0.9999841801472104
51104873195750	stand	51092545647000	-0.9999841329033734
51104891434541	stand	51092564195000	-0.999984057357484
51104906580333	stand	51092578789000	-0.9999840137592012
51104936915958	stand	51092608177000	-0.9999840074637106
51104951356041	stand	51092623874000	-0.9999840384706884
51104966560208	stand	51092638457000	-0.9999840495488456
51104991016875	stand	51092663126000	-0.9999840334635866
51105010765833	stand	51092682914000	-0.9999840400143368
51105029003333	stand	51092701117000	-0.999984071519782
51105053332666	stand	51092723759000	-0.9999841276825432
51105068568416	stand	51092740672000	-0.9999841276825432
51105089194625	stand	51092760440000	-0.9999841519202538
51105109223375	stand	51092781269000	-0.9999841395786508
51105132726416	stand	51092803453000	-0.9999840838269104
51105154068250	stand	51092823135000	-0.9999840017824918
51105168353916	stand	51092839511000	-0.9999840017824918
51105185803333	stand	51092859231000	-0.9999839543274096
51105216019333	stand	51092887423000	-0.9999839710433674
51105230514583	stand	51092902633000	-0.9999839739785634
51105253563625	stand	51092925714000	-0.999983951550069
51105271727166	stand	51092944203000	-0.9999839545394672
51105292967708	stand	51092965654000	-0.9999839852159178
51105311111333	stand	51092984113000	-0.9999840430229888
51105332289958	stand	51093005696000	-0.9999840718736788
51105350455875	stand	51093024205000	-0.9999840656666976
51105368606208	stand	51093042764000	-0.9999840756219875
51105392782250	stand	51093065900000	-0.999984095034501
51105412388291	stand	51093084582000	-0.9999840196795358
51105430098250	stand	51093100771000	-0.9999840196795358
51105451431125	stand	51093120474000	-0.9999840301218892
51105466662416	stand	51093138781000	-0.999984023179717
51105487446500	stand	51093158548000	-0.999984023179717
51105517573000	stand	51093187860000	-0.9999839709194428
51105529783916	stand	51093201862000	-0.999983964646054
51105548043500	stand	51093220146000	-0.999983964646054
51105569479041	stand	51093241565000	-0.9999840389073018
51105593840833	stand	51093264331000	-0.999984059515237
51105609075708	stand	51093281190000	-0.999984059515237
51105627334958	stand	51093299456000	-0.9999840438305504
51105651614083	stand	51093323721000	-0.9999839874762392
51105666811791	stand	51093340509000	-0.9999839874762392
51105689867625	stand	51093361813000	-0.999983857972722
51105714356541	stand	51093384410000	-0.9999838485705675
51105729328458	stand	51093400497000	-0.9999838485705675
51105746830625	stand	51093419965000	-0.9999838833691688
51105770942291	stand	51093442512000	-0.9999839015148512
51105792157625	stand	51093466168000	-0.9999839109193271
51105804265291	stand	51093478212000	-0.9999839109193271
51105834646875	stand	51093508688000	-0.999984020800702
51105846850375	stand	51093520751000	-0.9999840515667658
51105873214791	stand	51093546901000	-0.9999840448197864
51105890687833	stand	51093563597000	-0.9999840462473668
51105908954833	stand	51093581056000	-0.9999840462473668
51105926676833	stand	51093598789000	-0.9999840149842316
51105951086500	stand	51093623189000	-0.9999839946138682
51105972402208	stand	51093644505000	-0.9999839920755296
51105987607083	stand	51093659720000	-0.9999840198044438
51106008986666	stand	51093681804000	-0.9999840254605208
51106030336708	stand	51093702440000	-0.9999840254605208
51106051710958	stand	51093722597000	-0.9999839942815344
51106069971208	stand	51093740422000	-0.9999840039818249
51106088259583	stand	51093760366000	-0.99998392328748
51106109131583	stand	51093781239000	-0.99998392328748
51106126741458	stand	51093799545000	-0.9999839149497854
51106151169458	stand	51093823305000	-0.9999838793615587
51106169029000	stand	51093839971000	-0.9999838410011268
51106192651166	stand	51093864768000	-0.9999838882595072
51106210913416	stand	51093882582000	-0.9999838829665753
51106228443500	stand	51093900565000	-0.9999838829665753
51106252437375	stand	51093924552000	-0.9999839450350512
51106272969458	stand	51093944014000	-0.9999839975877948
51106291240750	stand	51093965048000	-0.9999840748330648
51106312524333	stand	51093984047000	-0.9999841153535932
51106330634708	stand	51094003340000	-0.9999841719108484
51106351735666	stand	51094024423000	-0.9999841180226524
51106370072583	stand	51094042446000	-0.9999841361809328
51106388356541	stand	51094061000000	-0.9999841361809328
51106416089916	stand	51094085160000	-0.9999841446365252
51106428250375	stand	51094100384000	-0.9999841446365252
51106449103125	stand	51094121222000	-0.999984086553778
51106467441333	stand	51094139545000	-0.9999840701217716
51106491122666	stand	51094164087000	-0.9999840701217716
51106512463125	stand	51094184532000	-0.999984116549892
51106527733916	stand	51094199840000	-0.999984116549892
51106552103083	stand	51094224201000	-0.9999840408103686
51106573086250	stand	51094245179000	-0.999984094641474
51106587970541	stand	51094260064000	-0.9999840315863884
51106609431958	stand	51094279391000	-0.999984078596346
51106630791333	stand	51094302898000	-0.9999839261619746
51106651833291	stand	51094323781000	-0.9999839189873564
51106670082875	stand	51094342197000	-0.9999839189873564
51106690612333	stand	51094362695000	-0.9999839681963028
51106708708000	stand	51094380801000	-0.9999839709162516
51106735331333	stand	51094406363000	-0.9999840644615456
51106753634958	stand	51094424281000	-0.999984037296582
51106768373500	stand	51094440620000	-0.999984037296582
51106792839916	stand	51094465419000	-0.999983992272306
51106810025416	stand	51094480870000	-0.999983992272306
51106833381833	stand	51094506037000	-0.999983997107572
51106853024250	stand	51094524763000	-0.999983997107572
51106871275833	stand	51094544739000	-0.9999839605705252
51106891809166	stand	51094564776000	-0.9999839864542384
51106913111916	stand	51094584886000	-0.9999839935519808
51106928189708	stand	51094599735000	-0.9999839935519808
51106955489958	stand	51094627143000	-0.9999839720397224
51106970961333	stand	51094643070000	-0.9999839871572288
51106989293750	stand	51094661410000	-0.9999839871572288
51107007333916	stand	51094679786000	-0.9999839222945311
51107028565458	stand	51094700747000	-0.9999839089004398
51107049488583	stand	51094720852000	-0.9999839089004398
51107076191958	stand	51094746851000	-0.9999838378715908
51107085326416	stand	51094758999000	-0.9999838378715908
51107115757083	stand	51094787659000	-0.9999838323209458
51107127722375	stand	51094799849000	-0.9999838323209458
51107149028166	stand	51094819455000	-0.999983773006738
51107176026166	stand	51094847905000	-0.9999837885726296
51107187950750	stand	51094859779000	-0.9999837885726296
51107206264625	stand	51094879710000	-0.9999838538236252
51107233690458	stand	51094904557000	-0.9999839124920848
51107251986875	stand	51094925190000	-0.9999839124920848
51107266237958	stand	51094939088000	-0.9999838459057098
51107286816333	stand	51094958930000	-0.9999838459057098
51107311202000	stand	51094982856000	-0.9999838535022698
51107331723250	stand	51095003110000	-0.9999839095281516
51107347041625	stand	51095019151000	-0.9999839095281516
51107374468916	stand	51095047379000	-0.9999839019417218
51107389767625	stand	51095061707000	-0.9999839019417218
51107408003583	stand	51095078423000	-0.9999839341275832
51107433595750	stand	51095104183000	-0.9999840208652542
51107448821083	stand	51095119633000	-0.9999840208652542
51107473028875	stand	51095146446000	-0.9999840123061708
51107485152791	stand	51095158516000	-0.9999840123061708
51107515375875	stand	51095187564000	-0.9999839506369962
51107530610875	stand	51095203138000	-0.999983963643356
51107551855500	stand	51095224967000	-0.9999839506173004
51107566710708	stand	51095238553000	-0.9999839506173004
51107587903916	stand	51095259251000	-0.9999839552944466
51107609212000	stand	51095282744000	-0.9999839552944466
51107632768458	stand	51095305688000	-0.9999838850056142
51107651145958	stand	51095321643000	-0.9999840061922848
51107668452833	stand	51095341448000	-0.9999839464281668
51107689589583	stand	51095361708000	-0.9999839464281668
51107710936041	stand	51095383043000	-0.9999839279367436
51107729205583	stand	51095400725000	-0.9999839279367436
51107752676541	stand	51095426041000	-0.9999839818181616
51107770224875	stand	51095440089000	-0.9999839498425684
51107788503583	stand	51095460617000	-0.9999839498425684
51107813048208	stand	51095484711000	-0.9999840032654294
51107831251208	stand	51095504232000	-0.9999839715049046
51107851520291	stand	51095523668000	-0.9999839650097192
51107869782708	stand	51095543547000	-0.9999839911772532
51107891018541	stand	51095562998000	-0.9999839919160984
51107909217666	stand	51095583300000	-0.9999840210526224
51107930468333	stand	51095603587000	-0.9999840185936092
51107951748333	stand	51095625141000	-0.99998397313732
51107973092083	stand	51095645299000	-0.9999840643412412
51107988143875	stand	51095661142000	-0.9999839575798746
51108012277625	stand	51095683127000	-0.9999839575798746
51108033724875	stand	51095705825000	-0.9999838429369704
51108049008291	stand	51095719455000	-0.9999838429369704
51108076325125	stand	51095747632000	-0.9999838180797864
51108091809125	stand	51095762835000	-0.9999836634592344
51108113045166	stand	51095785044000	-0.9999837587723612
51108131324291	stand	51095804285000	-0.99998371393765
51108146608708	stand	51095818716000	-0.99998371393765
51108167905916	stand	51095840025000	-0.9999837155061176
51108194342666	stand	51095865192000	-0.9999837371287597
51108215609541	stand	51095884474000	-0.9999838006655792
51108229929458	stand	51095903709000	-0.9999838905945728
51108247953041	stand	51095920023000	-0.9999838905945728
51108268569875	stand	51095941998000	-0.9999839598710908
51108289257458	stand	51095959585000	-0.999984052760994
51108309760250	stand	51095981110000	-0.9999840583875136
51108334148833	stand	51096003988000	-0.9999841296804548
51108349029541	stand	51096021536000	-0.9999841030487134
51108367354250	stand	51096039585000	-0.9999841030487134
51108388852958	stand	51096059544000	-0.9999840858878258
51108413175083	stand	51096086675000	-0.999983981961053
51108431189041	stand	51096104242000	-0.9999839767194564
51108454809083	stand	51096125130000	-0.9999839491694656
51108473089791	stand	51096144557000	-0.9999839094443524
51108493539500	stand	51096163972000	-0.9999838655974368
51108510961250	stand	51096183070000	-0.9999839076616388
51108532136333	stand	51096204400000	-0.999983896829371
51108553234791	stand	51096225058000	-0.9999839301611024
51108571367750	stand	51096243539000	-0.999983941045017
51108592557375	stand	51096265000000	-0.9999839134838424
51108610695958	stand	51096282571000	-0.9999839134838424
51108628872666	stand	51096300533000	-0.9999840241510854
51108650207500	stand	51096323810000	-0.9999839826783984
51108671472875	stand	51096345406000	-0.99998386416364
51108686662541	stand	51096358983000	-0.99998386416364
51108715873916	stand	51096388158000	-0.999983876882377
51108728060458	stand	51096400268000	-0.9999837353682618
51108752153208	stand	51096424290000	-0.9999838367820082
51108767414666	stand	51096439532000	-0.9999837944806206
51108788802125	stand	51096460855000	-0.9999837944806206
51108810195375	stand	51096481484000	-0.9999838032243704
51108834495291	stand	51096505432000	-0.9999838027470694
51108846511791	stand	51096518659000	-0.9999838797107782
51108876220916	stand	51096548147000	-0.999983837857688
51108888445333	stand	51096560101000	-0.9999839084071024
51108915889166	stand	51096586306000	-0.99998391044079
51108931077541	stand	51096602923000	-0.9999839328420834
51108946261875	stand	51096620034000	-0.9999839360926572
51108973640375	stand	51096647530000	-0.9999839248249508
51108988810875	stand	51096663079000	-0.9999839896635816
51109010016958	stand	51096681670000	-0.999983991094302
51109033837750	stand	51096706182000	-0.9999839544848592
51109052013958	stand	51096724678000	-0.999983972765496
51109073411541	stand	51096744845000	-0.9999839837177644
51109091069916	rest	51096763202000	-0.9999839837177644
51109108778708	rest	51096781227000	-0.999983936336405
51109129181583	rest	51096801313000	-0.9999839120837286
51109146271083	rest	51096818971000	-0.9999839120837286
51109176510208	rest	51096847281000	-0.9999839342608275
51109185734458	rest	51096859068000	-0.9999839643258032
51109204864708	rest	51096878985000	-0.999984019710921
51109234105291	rest	51096905724000	-0.9999840465337808
51109251438791	rest	51096923547000	-0.9999840390942238
51109268370541	rest	51096940733000	-0.9999840390942238
51109294772625	rest	51096966735000	-0.999984059222478
51109309843291	rest	51096983654000	-0.999984059222478
51109327075750	rest	51096999260000	-0.9999839735962146
51109351180875	rest	51097024066000	-0.99998387788037
51109372403375	rest	51097044503000	-0.9999838845840698
51109390527458	rest	51097064554000	-0.9999838765094442
51109411125583	rest	51097084577000	-0.9999838467227932
51109426182708	rest	51097098355000	-0.9999838467227932
51109450104291	rest	51097122496000	-0.9999838685888908
51109467984125	rest	51097141850000	-0.9999839197119058
51109494957291	rest	51097166552000	-0.9999839438226978
51109511590625	rest	51097183634000	-0.9999839438226978
51109529846750	rest	51097202338000	-0.9999839338625492
51109554111375	rest	51097226730000	-0.9999839473693672
51109569271458	rest	51097241012000	-0.9999838680380136
51109587520291	rest	51097259641000	-0.9999838680380136
51109614902750	rest	51097287084000	-0.9999838556283384
51109630041375	rest	51097304084000	-0.9999838163074908
51109648255166	rest	51097321095000	-0.9999837730490504
51109675566500	rest	51097347070000	-0.9999838157094676
51109686944541	rest	51097359111000	-0.9999838057100062
51109708115125	rest	51097381175000	-0.9999838057100062
51109729309500	rest	51097402154000	-0.99998386009389
51109753470333	rest	51097426759000	-0.999983909941174
51109771688583	rest	51097443819000	-0.9999839852854026
51109792765541	rest	51097465437000	-0.999984024735402
51109811186041	rest	51097484462000	-0.9999840809499576
51109832445291	rest	51097504976000	-0.9999840272354024
51109847590500	rest	51097519740000	-0.9999840461100792
51109874735416	rest	51097547652000	-0.999984030238956
51109889830833	rest	51097563504000	-0.9999840421725013
51109907906833	rest	51097580649000	-0.9999840421725013
51109932159208	rest	51097606568000	-0.9999839650933844
51109950318541	rest	51097623452000	-0.9999839419419224
51109968521000	rest	51097641844000	-0.9999839484472416
51109992761666	rest	51097666383000	-0.999983985608892
51110010942625	rest	51097684797000	-0.9999839973904562
51110032128208	rest	51097704742000	-0.9999839973904562
51110050317958	rest	51097724673000	-0.9999839666413748
51110068520541	rest	51097740082000	-0.9999839666413748
51110088942250	rest	51097761972000	-0.999983897183962
51110113365166	rest	51097785429000	-0.9999839102219034
51110133718125	rest	51097804562000	-0.9999838991967396
51110151161125	rest	51097821535000	-0.9999838735245624
51110172487625	rest	51097843719000	-0.9999838735245624
51110187723500	rest	51097859896000	-0.9999838411498968
51110212028208	rest	51097883492000	-0.9999838816248589
51110227126000	rest	51097899629000	-0.9999838319544374
51110254362875	rest	51097927352000	-0.9999838422116766
51110272497708	rest	51097944362000	-0.9999838514865572
51110286996041	rest	51097959908000	-0.9999838588780816
51110314094500	rest	51097987389000	-0.999983827059984
51110332364291	rest	51098004389000	-0.999983879428877
51110350486708	rest	51098024411000	-0.9999838466624072
51110370687958	rest	51098044432000	-0.9999838344820812
51110393680666	rest	51098063099000	-0.9999838344820812
51110412207541	rest	51098084940000	-0.9999838940951165
51110430385333	rest	51098101614000	-0.9999838940951165
51110445220708	rest	51098118395000	-0.999983909242162
51110475307041	rest	51098148260000	-0.9999838964636611
51110489625958	rest	51098161752000	-0.9999839126158327
51110510987791	rest	51098183101000	-0.9999838360370952
51110528935666	rest	51098201142000	-0.9999838360370952
51110550248541	rest	51098220837000	-0.9999838484556142
51110567937333	rest	51098240040000	-0.9999838365417586
51110591319375	rest	51098263036000	-0.9999839124672044
51110606546208	rest	51098278682000	-0.9999838595352162
51110627866958	rest	51098299990000	-0.9999838595352162
51110649194500	rest	51098321328000	-0.9999838175740118
51110672633833	rest	51098344782000	-0.9999838442867132
51110687751833	rest	51098359259000	-0.9999838504265228
51110714982291	rest	51098386049000	-0.9999838294058966
51110732519583	rest	51098403737000	-0.9999838323697516
51110750786166	rest	51098422921000	-0.9999838618327476
51110771393166	rest	51098443523000	-0.9999839176370102
51110786638916	rest	51098458764000	-0.9999839176370102
51110810583666	rest	51098481500000	-0.9999839384028872
51110828863541	rest	51098499863000	-0.9999839543104608
51110853247583	rest	51098525290000	-0.9999839788482544
51110867929125	rest	51098539247000	-0.9999839788482544
51110888361250	rest	51098558780000	-0.9999839051203092
51110913599416	rest	51098585710000	-0.9999838291801588
51110925784333	rest	51098597921000	-0.9999838291801588
51110952745708	rest	51098624868000	-0.9999838557133978
51110970407458	rest	51098642525000	-0.9999838400832204
51110988724041	rest	51098661848000	-0.9999838492299216
51111015125916	rest	51098686871000	-0.9999838848452316
51111027244625	rest	51098700404000	-0.9999838848452316
51111051531041	rest	51098723917000	-0.9999839877448
51111072724166	rest	51098745644000	-0.9999839916178972
51111087856500	rest	51098760925000	-0.9999839916178972
51111114787416	rest	51098786710000	-0.999984025741284
51111127009000	rest	51098799119000	-0.999984025741284
51111151215375	rest	51098823196000	-0.9999838790404754
51111169330958	rest	51098841531000	-0.9999838488603972
51111187489833	rest	51098860573000	-0.9999838488603972
51111211669958	rest	51098883167000	-0.9999838657393308
51111232589458	rest	51098906250000	-0.9999838473191368
51111247616541	rest	51098919755000	-0.9999838545844978
51111268823500	rest	51098940444000	-0.9999838890562622
51111294668333	rest	51098966822000	-0.9999839500150666
51111309912750	rest	51098981873000	-0.9999839806006464
51111328142166	rest	51098999514000	-0.9999839746655116
51111348804916	rest	51099021490000	-0.9999839765222835
51111367051000	rest	51099039175000	-0.9999839765222835
51111390455083	rest	51099062739000	-0.9999838768350552
51111413986458	rest	51099086099000	-0.9999838503592388
51111428458583	rest	51099101324000	-0.9999838591209222
51111449831333	rest	51099121670000	-0.9999838591209222
51111467733666	rest	51099139790000	-0.999983905206116
51111494565375	rest	51099166449000	-0.999983930398092
51111509012750	rest	51099181136000	-0.9999839544878164
51111533508750	rest	51099205617000	-0.9999839981754932
51111548059750	rest	51099220153000	-0.9999839998776852
51111566435833	rest	51099238024000	-0.9999839998776852
51111596868958	rest	51099268037000	-0.9999839516388762
51111607989333	rest	51099280156000	-0.9999839674362055
51111634572250	rest	51099307844000	-0.9999839633326612
51111649696500	rest	51099323354000	-0.999983933683506
51111673122791	rest	51099346331000	-0.9999839282987736
51111688255750	rest	51099360438000	-0.9999839387257546
51111711726958	rest	51099385066000	-0.9999838594171564
51111730015333	rest	51099402308000	-0.9999838067591376
51111747929875	rest	51099420109000	-0.9999837934556542
51111769143416	rest	51099442775000	-0.9999837934556542
51111793450416	rest	51099465914000	-0.9999838465170598
51111808637125	rest	51099480789000	-0.9999838465170598
51111826848375	rest	51099499171000	-0.9999838536054724
51111854179166	rest	51099526314000	-0.9999838918539776
51111872415125	rest	51099544855000	-0.9999838920232902
51111887524666	rest	51099560347000	-0.9999838647481052
51111911712875	rest	51099584998000	-0.9999839775774956
51111929955000	rest	51099602301000	-0.9999838926941144
51111948145375	rest	51099620297000	-0.9999838926941144
51111974990583	rest	51099647771000	-0.999983808855532
51111987208916	rest	51099658840000	-0.999983808855532
51112008603125	rest	51099680768000	-0.9999837881314456
51112026747333	rest	51099698933000	-0.9999837881314456
51112044790500	rest	51099719226000	-0.9999836633531568
51112075158541	rest	51099747298000	-0.9999836567472964
51112090335916	rest	51099764263000	-0.9999836943086422
51112114254625	rest	51099785823000	-0.9999837172959106
51112132503791	rest	51099804420000	-0.9999837168574172
51112147283916	rest	51099820201000	-0.9999837168574172
51112174319583	rest	51099846525000	-0.9999837892710028
51112191829541	rest	51099864324000	-0.999983859962412
51112206964291	rest	51099879070000	-0.9999838986797877
51112234215458	rest	51099906938000	-0.999983899499344
51112252376791	rest	51099924040000	-0.9999839075947404
51112273534833	rest	51099945600000	-0.9999838717770998
51112291626708	rest	51099964193000	-0.9999838733187784
51112312950083	rest	51099985985000	-0.9999838361752644
51112330452083	rest	51100002600000	-0.999983839371591
51112353571708	rest	51100025692000	-0.9999838670478868
51112371826750	rest	51100043985000	-0.9999838695023204
51112387046833	rest	51100059081000	-0.999983843798314
51112408371333	rest	51100080543000	-0.9999838425658976
51112426626791	rest	51100099975000	-0.9999838685438418
51112447708416	rest	51100119852000	-0.9999838685438418
51112469006625	rest	51100139612000	-0.9999839557394914
51112487014416	rest	51100159053000	-0.9999839557394914
51112511346000	rest	51100183480000	-0.9999839530693332
51112526623291	rest	51100198760000	-0.9999839662826614
51112550591458	rest	51100222421000	-0.9999838843029945
51112575289666	rest	51100246265000	-0.9999838254130188
51112590601958	rest	51100263091000	-0.9999838036066472
51112614941041	rest	51100285738000	-0.9999838231009458
51112630193083	rest	51100301123000	-0.9999838231009458
51112654157208	rest	51100326287000	-0.999983810624966
51112669290625	rest	51100341431000	-0.9999838255118152
51112693277958	rest	51100365390000	-0.9999838668559052
51112711530291	rest	51100383419000	-0.9999839336071104
51112729321083	rest	51100402574000	-0.9999839336071104
51112747363291	rest	51100419490000	-0.9999839742150688
51112771747750	rest	51100443227000	-0.9999839742150688
51112787036166	rest	51100459640000	-0.9999839493110882
51112810949000	rest	51100483083000	-0.9999838782512134
51112826252833	rest	51100499002000	-0.9999838782512134
51112847433791	rest	51100519613000	-0.999983838184445
51112868742208	rest	51100539997000	-0.9999838344378216
51112895296333	rest	51100566844000	-0.9999838802531482
51112907435583	rest	51100578943000	-0.9999838671838508
51112934553666	rest	51100605231000	-0.99998387602884
51112949842583	rest	51100621975000	-0.9999839090830795
51112971162833	rest	51100643315000	-0.9999839041604808
51112988511250	rest	51100660654000	-0.9999838719588156
51113011938916	rest	51100683134000	-0.9999839806410196
51113033202416	rest	51100705471000	-0.999983891873024
51113051562416	rest	51100724404000	-0.999983933594099
51113069898750	rest	51100743139000	-0.999983810261197
51113091129833	rest	51100763292000	-0.9999837942190156
51113108942833	rest	51100781008000	-0.9999838262503836
51113132866000	rest	51100805013000	-0.9999838317172828
51113151115291	rest	51100823953000	-0.9999838140618584
51113166412500	rest	51100839046000	-0.9999838140618584
51113195853416	rest	51100867129000	-0.9999838666797553
51113209252791	rest	51100882297000	-0.9999838666797553
51113233559083	rest	51100905545000	-0.9999838419225296
51113251592125	rest	51100924726000	-0.999983833996534
51113272199000	rest	51100944930000	-0.9999838683220748
51113290212583	rest	51100962334000	-0.9999838729785973
51113311192250	rest	51100980871000	-0.9999838522520876
51113332450166	rest	51101004714000	-0.9999839095523624
51113352811625	rest	51101024194000	-0.9999838882822892
51113368087250	rest	51101039715000	-0.9999838882822892
51113395425666	rest	51101066673000	-0.9999838395108878
51113407605333	rest	51101078913000	-0.9999838395108878
51113425956791	rest	51101099668000	-0.999983819456424
51113451825291	rest	51101123967000	-0.9999838324251884
51113470148291	rest	51101142714000	-0.9999837945824456
51113488509666	rest	51101159151000	-0.9999837945824456
51113506601583	rest	51101180373000	-0.9999838063988056
51113533782875	rest	51101206153000	-0.9999838102089232
51113551868416	rest	51101224010000	-0.9999837911975406
51113569254000	rest	51101238868000	-0.999983799276216
51113590076500	rest	51101263035000	-0.999983799276216
51113608458416	rest	51101278894000	-0.9999838375495906
51113632697916	rest	51101306200000	-0.9999839408962036
51113647929750	rest	51101320136000	-0.9999839408962036
51113666289208	rest	51101338435000	-0.9999839394034176
51113690611375	rest	51101362574000	-0.999983963818493
51113714753166	rest	51101383548000	-0.9999838785614796
51113726913833	rest	51101399064000	-0.9999838785614796
51113747475041	rest	51101419769000	-0.9999838171018208
51113773729083	rest	51101446620000	-0.9999838030986664
51113791290708	rest	51101463025000	-0.9999837944767194
51113808707333	rest	51101480850000	-0.9999837632698342
51113829425125	rest	51101500251000	-0.9999837632698342
51113853663750	rest	51101527093000	-0.9999837834399944
51113865772958	rest	51101539188000	-0.999983834203524
51113895817791	rest	51101568306000	-0.9999838579836358
51113910988333	rest	51101582939000	-0.9999838579836358
51113928588416	rest	51101601072000	-0.9999838452096446
51113949007416	rest	51101621170000	-0.9999838501950892
51113973436375	rest	51101645568000	-0.9999837961578076
51113992435416	rest	51101664784000	-0.9999838147831892
51114010749125	rest	51101682903000	-0.9999838082835162
51114032020791	rest	51101705009000	-0.9999838434022807
51114049573083	rest	51101721740000	-0.9999838368575702
51114070306375	rest	51101742312000	-0.9999838368575702
51114094601375	forward	51101766012000	-0.9999839206844564
51114112352583	forward	51101783642000	-0.9999839206844564
51114126868666	forward	51101800276000	-0.9999847872992856
51114148176083	forward	51101820315000	-0.9999866766859706
51114169102000	forward	51101841282000	-0.999989752332696
51114193428958	forward	51101866007000	-0.999992528544952
51114211650750	forward	51101884677000	-0.9999946624009952
51114232476916	forward	51101904873000	-0.9999959564547428
51114247048375	forward	51101919210000	-0.9999959564547428
51114271075500	forward	51101943422000	-0.9999959334550144
51114285379041	forward	51101959455000	-0.9999938316110626
51114312573291	forward	51101985105000	-0.9999921820561216
51114330776458	forward	51102003732000	-0.999991219952562
51114351967458	forward	51102025180000	-0.9999893179560974
51114373230833	forward	51102045164000	-0.9999843201775416
51114388407583	forward	51102060576000	-0.9999744834337152
51114412711041	forward	51102086529000	-0.9999579786178724
51114424868125	forward	51102098588000	-0.9999361067490222
51114451150833	forward	51102123125000	-0.9999361067490222
51114471982833	forward	51102146184000	-0.9998992677937664
51114493280333	forward	51102164848000	-0.9998871601745823
51114507561125	forward	51102179727000	-0.9998871601745823
51114534439541	forward	51102207849000	-0.999864687961476
51114549564583	forward	51102223448000	-0.99980950607789
51114570748333	forward	51102242928000	-0.9997261120922502
51114594411791	forward	51102266172000	-0.9996353976688956
51114612617458	forward	51102284762000	-0.9994837169880316
51114633450333	forward	51102304822000	-0.9992658582804896
51114651626125	forward	51102323468000	-0.9991277127221816
51114672982208	forward	51102345858000	-0.999046963067672
51114690520250	forward	51102362665000	-0.998994176094401
51114708440291	forward	51102380597000	-0.998994176094401
51114729664833	forward	51102402840000	-0.999175254271488
51114747544666	forward	51102418849000	-0.999175254271488
51114768623916	forward	51102439256000	-0.999808570911743
51114795525166	forward	51102467694000	-0.9999977453681358
51114810631541	forward	51102482796000	-0.9994716582471695
51114827827833	forward	51102499111000	-0.9994716582471695
51114848048458	forward	51102520225000	-0.9986688562497852
51114872369000	forward	51102546476000	-0.9971652609991448
51114887503000	forward	51102559705000	-0.996629712016532
51114911697666	forward	51102583896000	-0.9962653782152016
51114928589791	forward	51102600799000	-0.9962653782152016
51114952757541	forward	51102624324000	-0.9960538116601269
51114970908541	forward	51102643217000	-0.9960538116601269
51114991418208	forward	51102663788000	-0.9966673255606032
51115012584958	forward	51102685291000	-0.9974898929643576
51115027556083	forward	51102701881000	-0.9974898929643576
51115051778041	forward	51102726255000	-0.999943846376645
51115072968708	forward	51102744642000	-0.999759768692225
51115088151541	forward	51102760024000	-0.9992910505201849
51115109416416	forward	51102782255000	-0.9987072454626186
51115127625666	forward	51102801851000	-0.9987072454626186
51115151369541	forward	51102823378000	-0.997731186890729
51115172571791	forward	51102844923000	-0.9975032112752996
51115190743458	forward	51102862619000	-0.9973456481303048
51115212034833	forward	51102885593000	-0.9972597321413174
51115229684125	forward	51102901846000	-0.9972597321413174
51115253547041	forward	51102926359000	-0.9978632042712214
51115265704791	forward	51102938410000	-0.9987451030941862
51115286989250	forward	51102959142000	-0.9997157297561072
51115313669833	forward	51102985208000	-0.9999487881253728
51115328076000	forward	51102999173000	-0.9998309075329852
51115349372125	forward	51103021443000	-0.99955962541319
51115368001833	forward	51103039285000	-0.999205507597512
51115392426666	forward	51103064582000	-0.9989265507205396
51115407641333	forward	51103079193000	-0.9987535744503416
51115431761500	forward	51103103889000	-0.9986057100943756
51115452586416	forward	51103123719000	-0.9985467090317178
51115470834416	forward	51103142984000	-0.9988110104829196
51115485666250	forward	51103158175000	-0.9988110104829196
51115509733916	forward	51103181865000	-0.9995137956306772
51115530963166	forward	51103203116000	-0.9997999744665362
51115555152166	forward	51103225707000	-0.9993826069424566
51115570049666	forward	51103242268000	-0.9993826069424566
51115591352208	forward	51103263503000	-0.999060043308306
51115609657333	forward	51103281834000	-0.9989488016263968
51115634116458	forward	51103305807000	-0.9988651801477592
51115649419625	forward	51103319509000	-0.998777196954764
51115667757750	forward	51103339908000	-0.9987828163071192
51115692226083	forward	51103364357000	-0.9990960712181544
51115710233750	forward	51103382178000	-0.9996846619231634
51115728323750	forward	51103398987000	-0.9996846619231634
51115748047916	forward	51103420250000	-0.9999040745687232
51115769667583	forward	51103442290000	-0.999484548807735
51115792790208	forward	51103465475000	-0.9992630402242512
51115810632291	forward	51103482829000	-0.9992630402242512
51115828375291	forward	51103502194000	-0.9990243315226854
51115849444083	forward	51103523787000	-0.99893629989085
51115869572916	forward	51103541799000	-0.99893629989085
51115893658208	forward	51103565714000	-0.9990100920076258
51115905704166	forward	51103578818000	-0.999438776619489
51115929869333	forward	51103601725000	-0.9998937346955826
51115947947333	forward	51103620159000	-0.9998937346955826
51115973530666	forward	51103645741000	-0.9996577596570162
51115988178541	forward	51103661013000	-0.9994856093341576
51116013584500	forward	51103686265000	-0.999298175612459
51116031518958	forward	51103704811000	-0.9991411328696028
51116046583125	forward	51103720292000	-0.9991411328696028
51116070412958	forward	51103743298000	-0.9990467637153588
51116091527750	forward	51103763589000	-0.9991427014026152
51116112610583	forward	51103785119000	-0.9994528376732325
51116132295750	forward	51103805092000	-0.9998381918460818
51116150399416	forward	51103822607000	-0.9998381918460818
51116171241000	forward	51103843555000	-0.9996040333861312
51116192362083	forward	51103865122000	-0.9994286975970568
51116207462250	forward	51103879685000	-0.9992011736200264
51116228606458	forward	51103900795000	-0.9992011736200264
51116246384333	forward	51103918580000	-0.998991068166363
51116269952916	forward	51103944184000	-0.998991068166363
51116294060666	forward	51103965724000	-0.9988824612054532
51116308510541	forward	51103981158000	-0.9990413759082256
51116329604875	forward	51104003365000	-0.9990413759082256
51116350689041	forward	51104024360000	-0.9999236036563146
51116365761833	forward	51104037972000	-0.9999236036563146
51116388373958	forward	51104060578000	-0.9991403702753424
51116409311958	forward	51104081690000	-0.9988024400143634
51116430091583	forward	51104101961000	-0.9984584360667198
51116454181250	forward	51104126447000	-0.9982102618013972
51116466236208	forward	51104138441000	-0.9980731232512544
51116492093083	forward	51104165309000	-0.9980731232512544
51116508164791	forward	51104180896000	-0.9979858362837296
51116532445083	forward	51104204651000	-0.998229409405566
51116546840458	forward	51104219227000	-0.9988733518581864
51116568799375	forward	51104242120000	-0.9988733518581864
51116586882083	forward	51104259095000	-0.9997395588422688
51116610055375	forward	51104283557000	-0.9997760354160782
51116627513291	forward	51104299701000	-0.9996065323370914
51116645595166	forward	51104320001000	-0.9993705334316644
51116667437333	forward	51104341170000	-0.9992077541523434
51116687594166	forward	51104359258000	-0.9992077541523434
51116714515375	forward	51104388246000	-0.9989055458735444
51116729007458	forward	51104401200000	-0.9989055458735444
51116755164541	forward	51104426859000	-0.9990426845075376
51116769654625	forward	51104443941000	-0.9990426845075376
51116787470875	forward	51104461150000	-0.9998081070012824
51116814569875	forward	51104487125000	-0.999577396155224
51116828733625	forward	51104501311000	-0.9993153767937568
51116848430208	forward	51104520288000	-0.9990120203651016
51116869544625	forward	51104541758000	-0.9987559032753772
51116890652541	forward	51104564308000	-0.9987559032753772
51116911420375	forward	51104584849000	-0.9986068614081683
51116929530208	forward	51104601730000	-0.9986791974288558
51116947588291	forward	51104620209000	-0.9986791974288558
51116968546291	forward	51104640756000	-0.9992087983706522
51116994193333	forward	51104666632000	-0.999731780863481
51117005553875	forward	51104679102000	-0.9998465564930497
51117036360375	forward	51104708129000	-0.9995561964145462
51117048448291	forward	51104720657000	-0.9992183337559808
51117072540250	forward	51104746456000	-0.9987811970880244
51117087265125	forward	51104759819000	-0.9987811970880244
51117108351791	forward	51104780561000	-0.9982273457156152
51117129443791	forward	51104801644000	-0.9982273457156152
51117153482375	forward	51104826028000	-0.9980001147172032
51117168563291	forward	51104840768000	-0.9980664249345896
51117192658625	forward	51104866897000	-0.9984927228393498
51117210233041	forward	51104883975000	-0.9993477063652332
51117233238708	forward	51104905390000	-0.9999279744790984
51117253481625	forward	51104925372000	-0.9997687496599456
51117268564916	forward	51104940776000	-0.9994683831145206
51117292656125	forward	51104966750000	-0.9991139227312013
51117309771916	forward	51104982270000	-0.9987955887278712
51117330048833	forward	51105002112000	-0.9987955887278712
51117348155750	forward	51105020192000	-0.9985938811323972
51117374645666	forward	51105047671000	-0.9985273158126828
51117389582250	forward	51105063094000	-0.998663830013728
51117409609083	forward	51105081819000	-0.998663830013728
51117433699708	forward	51105106290000	-0.9996839075019116
51117451782666	forward	51105124749000	-0.9998374941362506
51117472873458	forward	51105144748000	-0.9998374941362506
51117490950541	forward	51105164660000	-0.999387242175968
51117512044083	forward	51105184257000	-0.999150298967576
51117526373916	forward	51105199687000	-0.998884695906512
51117548752916	forward	51105221649000	-0.9986921732367656
51117566635791	forward	51105240391000	-0.998502332585492
51117587688000	forward	51105261069000	-0.9983278722997506
51117610438958	forward	51105283311000	-0.9983065730409916
51117628515500	forward	51105302052000	-0.99869971057554
51117649611416	forward	51105322023000	-0.9994662750211484
51117668077458	forward	51105340174000	-0.9998178424109744
51117690231916	forward	51105362447000	-0.99969287363777
51117713061666	forward	51105385438000	-0.9994525340142528
51117727398875	forward	51105401939000	-0.9991750602441478
51117748512041	forward	51105420725000	-0.9991750602441478
51117772325416	forward	51105446695000	-0.9988354294453192
51117791636375	forward	51105463682000	-0.9988365335657468
51117812742458	forward	51105485155000	-0.9988628820499434
51117833342166	forward	51105505084000	-0.9990111597249388
51117850500166	forward	51105523714000	-0.9994435105218968
51117871596500	forward	51105545156000	-0.9998754488028424
51117892212208	forward	51105565113000	-0.999719425789087
51117906643083	forward	51105580511000	-0.9994334602576024
51117928686125	forward	51105602799000	-0.9994334602576024
51117949788583	forward	51105621427000	-0.9990509085799288
51117966922416	forward	51105639233000	-0.9986512711311004
51117988030375	forward	51105660315000	-0.998390052604965
51118012025291	forward	51105686294000	-0.9983611806812642
51118032610666	forward	51105704849000	-0.9983622811468664
51118050726708	forward	51105724809000	-0.9986214674821527
51118071096708	forward	51105744780000	-0.9986214674821527
51118092191000	forward	51105764810000	-0.9998819630395842
51118109310625	forward	51105781518000	-0.9998819630395842
51118127674541	forward	51105801913000	-0.9994656576886588
51118147988416	forward	51105820955000	-0.9994656576886588
51118167772500	forward	51105839982000	-0.9989178065818648
51118187508333	forward	51105859253000	-0.9989178065818648
51118214623291	forward	51105888281000	-0.9986307316225672
51118228733625	forward	51105900804000	-0.9986307316225672
51118246852000	forward	51105919061000	-0.9985075033201372
51118266653875	forward	51105938873000	-0.9986951362420788
51118290747958	forward	51105963464000	-0.9986951362420788
51118308009333	forward	51105980224000	-0.999867398616314
51118334457500	forward	51106007682000	-0.9997247356898912
51118349551458	forward	51106021739000	-0.9995003804630492
51118373654208	forward	51106046274000	-0.9991596372336184
51118385697875	forward	51106058828000	-0.9991596372336184
51118415821208	forward	51106088145000	-0.9984668074210594
51118430121500	forward	51106103650000	-0.9984668074210594
51118452926791	forward	51106125108000	-0.9982436610321218
51118467007208	forward	51106139090000	-0.9982436610321218
51118492291083	forward	51106164303000	-0.9985200811465682
51118506591375	forward	51106178812000	-0.9985200811465682
51118529869791	forward	51106202013000	-0.9998516751881978
51118547940666	forward	51106220170000	-0.9996124439977748
51118575067750	forward	51106247672000	-0.999216775352456
51118590143875	forward	51106263151000	-0.9987579054425424
51118608218375	forward	51106281547000	-0.99831502688427
51118627508750	forward	51106300276000	-0.99831502688427
51118647278333	forward	51106319498000	-0.9979946265278412
51118668562625	forward	51106340783000	-0.997888593139694
51118685288958	forward	51106358819000	-0.9980048127671268
51118706398875	forward	51106379522000	-0.9980048127671268
51118726154000	forward	51106400564000	-0.9986799280150064
51118746311458	forward	51106418548000	-0.9994199247827537
51118773047083	forward	51106445618000	-0.9999122491371754
51118788098208	forward	51106462068000	-0.999796203030178
51118805932833	forward	51106478413000	-0.999544243914969
51118826988125	forward	51106500729000	-0.9991633921667068
51118854149875	forward	51106526799000	-0.9987747557621274
51118866140833	forward	51106538836000	-0.9987747557621274
51118886793125	forward	51106559019000	-0.9984185953555226
51118913286083	forward	51106585500000	-0.99836442256321
51118925344833	forward	51106598527000	-0.99836442256321
51118945165875	forward	51106618642000	-0.9987795155452532
51118968269666	forward	51106640005000	-0.9987795155452532
51118986341500	forward	51106658573000	-0.9995217139313716
51119015803916	forward	51106687541000	-0.9995746172208916
51119027364750	forward	51106701667000	-0.9995746172208916
51119044648583	forward	51106718121000	-0.998785809386132
51119071478666	forward	51106744118000	-0.998785809386132
51119091803250	forward	51106765648000	-0.9983295095265716
51119109400291	forward	51106782364000	-0.9982939195106304
51119130497958	forward	51106803229000	-0.9982477776415412
51119151051166	forward	51106823272000	-0.9982744694088695
51119168693208	forward	51106840915000	-0.9985858158031092
51119186577708	forward	51106858902000	-0.9993224588369086
51119213180916	forward	51106885464000	-0.9999094569840477
51119231285666	forward	51106905440000	-0.9998405934300816
51119246367166	forward	51106920081000	-0.99963058988662
51119266695500	forward	51106938585000	-0.99963058988662
51119293833041	forward	51106966961000	-0.9989805802534828
51119311427375	forward	51106983950000	-0.998762954575841
51119327005125	forward	51106998802000	-0.998586017174961
51119351125000	forward	51107024987000	-0.998586017174961
51119372143250	forward	51107045068000	-0.9985404671510152
51119390228000	forward	51107064077000	-0.998995543976257
51119408301333	forward	51107082846000	-0.9996777183093556
51119428995916	forward	51107100612000	-0.9998416378393732
51119448232708	forward	51107121452000	-0.9995789918883468
51119466342791	forward	51107139628000	-0.9992492617735464
51119492752833	forward	51107166472000	-0.9989153479074588
51119506669375	forward	51107178875000	-0.9989153479074588
51119533520291	forward	51107206423000	-0.9985864776609964
51119545581708	forward	51107218718000	-0.9986235073403432
51119568766083	forward	51107243219000	-0.9986704572786842
51119588477291	forward	51107260229000	-0.998857107797856
51119608681458	forward	51107280902000	-0.9993570561997608
51119627406208	forward	51107300572000	-0.999876158037598
51119654699250	forward	51107326573000	-0.999777894548564
51119669380166	forward	51107343539000	-0.9995063585603748
51119684462583	forward	51107358292000	-0.9991541603462702
51119707790416	forward	51107380012000	-0.9991541603462702
51119728307458	forward	51107402029000	-0.9985915912099884
51119749199583	forward	51107421431000	-0.9984507169769316
51119765774958	forward	51107438868000	-0.99833318064829
51119792885916	forward	51107464990000	-0.9983267480982956
51119804681000	forward	51107478766000	-0.9986594764807222
51119828179416	forward	51107501878000	-0.9994062336534622
51119845005083	forward	51107518439000	-0.9999000541136646
51119867406458	forward	51107541872000	-0.9997392942464716
51119888536000	forward	51107560297000	-0.9994551835610332
51119915670083	forward	51107587843000	-0.9991205724569466
51119926548208	forward	51107598882000	-0.9991205724569466
51119949589666	forward	51107621888000	-0.9986723061063932
51119970426750	forward	51107642572000	-0.998649411900639
51119991504125	forward	51107665511000	-0.998641796692056
51120009596583	forward	51107682980000	-0.9987353121319632
51120032415125	forward	51107705168000	-0.9987353121319632
51120053568708	forward	51107725259000	-0.9997493555674352
51120068668958	forward	51107742048000	-0.9997857187331056
51120089791708	forward	51107761900000	-0.9997857187331056
51120106073916	forward	51107779308000	-0.999554398104474
51120136218500	forward	51107808320000	-0.9988447177719094
51120148443791	forward	51107820857000	-0.9985251902902575
51120172832333	forward	51107846765000	-0.9983570582889
51120191078625	forward	51107863622000	-0.9983570582889
51120206299708	forward	51107879322000	-0.9981584267689596
51120236615291	forward	51107908345000	-0.9983002675150386
51120248757250	forward	51107920402000	-0.9988796071881696
51120273218250	forward	51107945324000	-0.9996832174760784
51120287833416	forward	51107960035000	-0.9996832174760784
51120309081458	forward	51107981266000	-0.9998671990547696
51120327311333	forward	51107999241000	-0.9991985583129598
51120351661166	forward	51108025326000	-0.9989054862491245
51120373002250	forward	51108045296000	-0.9986652976663032
51120388200416	forward	51108060136000	-0.9986652976663032
51120409563041	forward	51108081748000	-0.9985715173671136
51120433769833	forward	51108105616000	-0.998627909089959
51120451276125	forward	51108123676000	-0.9987558150613246
51120469264083	forward	51108141407000	-0.9987558150613246
51120492615666	forward	51108162882000	-0.999795332515942
51120510883333	forward	51108183049000	-0.9998325084611868
51120529093583	forward	51108201107000	-0.9998325084611868
51120550383875	forward	51108222551000	-0.9994143168178178
51120567877000	forward	51108240616000	-0.9994143168178178
51120589194083	forward	51108261358000	-0.999139824750177
51120616377125	forward	51108286692000	-0.9988025535923672
51120631612208	forward	51108300878000	-0.9987552087449152
51120649110958	forward	51108321261000	-0.9987145813990504
51120670293875	forward	51108342810000	-0.9987145813990504
51120691564791	forward	51108363749000	-0.9995297806984084
51120706749333	forward	51108378848000	-0.9995297806984084
51120731060875	forward	51108402374000	-0.9997302211042256
51120746244375	forward	51108418459000	-0.9997302211042256
51120773500666	forward	51108445676000	-0.9992063360038762
51120787696333	forward	51108461354000	-0.9992063360038762
51120811415791	forward	51108483592000	-0.9989208856199212
51120832685375	forward	51108505385000	-0.99893487410056
51120847825208	forward	51108519639000	-0.99893487410056
51120875166458	forward	51108547249000	-0.9989287955767804
51120893507416	forward	51108564411000	-0.9992596095183616
51120914921208	forward	51108585180000	-0.99977231697226
51120930140833	forward	51108602665000	-0.99977231697226
51120948006791	forward	51108620660000	-0.99984636308899
51120972128500	forward	51108644262000	-0.9992868549535456
51120987401250	forward	51108660172000	-0.9990545531431052
51121008565791	forward	51108680775000	-0.9989111178511096
51121035789958	forward	51108707205000	-0.99876933870045
51121050940250	forward	51108724270000	-0.9986145427075644
51121071992125	forward	51108745857000	-0.99854173736053
51121093044083	forward	51108764553000	-0.9987598369405956
51121108118041	forward	51108780089000	-0.9987598369405956
51121135278666	forward	51108807590000	-0.99990165958121
51121146768791	forward	51108819614000	-0.99990165958121
51121170979916	forward	51108842570000	-0.9997254658781752
51121191507875	forward	51108865531000	-0.9992786343590554
51121209644333	forward	51108881503000	-0.9991158834979648
51121233809791	forward	51108906135000	-0.9990019509291908
51121251577541	forward	51108924727000	-0.9989487767671332
51121266722750	forward	51108938925000	-0.9989487767671332
51121290930541	forward	51108965144000	-0.9989948056406138
51121312188875	forward	51108985161000	-0.9993721436207408
51121330395416	forward	51109002583000	-0.9998404012750776
51121348572083	forward	51109021226000	-0.9997669625397332
51121369761958	forward	51109042859000	-0.9994533174646092
51121387604041	forward	51109059804000	-0.9994533174646092
51121408848000	forward	51109081062000	-0.9986192573597572
51121427047708	forward	51109099818000	-0.9983205725348758
51121454207791	forward	51109126811000	-0.9981295448636032
51121466468541	forward	51109138555000	-0.9981295448636032
51121490427416	forward	51109162525000	-0.9979794617732196
51121511345166	forward	51109183557000	-0.998240877158661
51121530060833	forward	51109201551000	-0.9989522303150974
51121548232750	forward	51109219593000	-0.999787144687864
51121566304416	forward	51109239708000	-0.999787144687864
51121586682791	forward	51109259930000	-0.9998118903231176
51121613651041	forward	51109285851000	-0.9989019420542048
51121628666541	forward	51109300865000	-0.9985288424272262
51121655655916	forward	51109327289000	-0.9982335062686638
51121667713500	forward	51109339387000	-0.9981162007666068
51121688400791	forward	51109360961000	-0.9981162007666068
51121712818333	forward	51109384994000	-0.9979978476617948
51121734122833	forward	51109404151000	-0.99812764939066
51121748547625	forward	51109420715000	-0.99812764939066
51121772796583	forward	51109442188000	-0.998700250015948
51121794155250	forward	51109466027000	-0.9998415872120474
51121806533416	forward	51109479058000	-0.9997273829854684
51121836024166	forward	51109508248000	-0.9995446446017284
51121847659125	forward	51109521713000	-0.999284666178354
51121865807208	forward	51109538711000	-0.999015963826536
51121893140458	forward	51109565897000	-0.998829946005703
51121908388333	forward	51109581885000	-0.9987299549457344
51121932805875	forward	51109604880000	-0.9986708708862786
51121947371083	forward	51109619554000	-0.9987888889447004
51121968242375	forward	51109639946000	-0.9992767560330448
51121989560375	forward	51109661730000	-0.9992767560330448
51122008026666	forward	51109679763000	-0.9996816007500736
51122028839916	forward	51109698524000	-0.9993522886503085
51122054653000	forward	51109726856000	-0.9989978263631492
51122068635625	forward	51109740004000	-0.9989978263631492
51122091895375	forward	51109764073000	-0.9985136894808048
51122112479375	forward	51109784151000	-0.9984276851908972
51122127754208	forward	51109799942000	-0.9983640108777728
51122149066375	forward	51109821247000	-0.9983639618884648
51122170402416	forward	51109842082000	-0.9983639618884648
51122191144666	forward	51109863420000	-0.9992858906656904
51122209460208	forward	51109881441000	-0.9992858906656904
51122227800250	forward	51109899965000	-0.9998403748808355
51122254516000	forward	51109926735000	-0.9996440665718176
51122269468166	forward	51109941645000	-0.9993626095115572
51122289400458	forward	51109960747000	-0.9993626095115572
51122307696166	forward	51109979841000	-0.9991198848525658
51122332083750	forward	51110002583000	-0.9988107597293092
51122347281625	forward	51110019480000	-0.9988107597293092
51122368408166	forward	51110042050000	-0.9986991132635814
51122389659333	forward	51110061655000	-0.9989831558034814
51122414057541	forward	51110086314000	-0.9995917200389318
51122432270375	forward	51110104831000	-0.999910032216372
51122447443750	forward	51110120624000	-0.999910032216372
51122471799125	forward	51110143652000	-0.999414994956656
51122487026958	forward	51110159300000	-0.999192696733366
51122514547500	forward	51110186402000	-0.9989717230992442
51122529747500	forward	51110201440000	-0.9988017092813328
51122554042083	forward	51110225803000	-0.9987321964402656
51122568526500	forward	51110240706000	-0.9986954548073876
51122586806833	forward	51110258992000	-0.9986954548073876
51122614244916	forward	51110283580000	-0.9992088926577224
51122627722541	forward	51110300412000	-0.9992088926577224
51122651816333	forward	51110323262000	-0.999798774249432
51122667227666	forward	51110340283000	-0.9995767349401684
51122694869666	forward	51110366012000	-0.9993228148725426
51122707131500	forward	51110378753000	-0.9990092504639804
51122737712291	forward	51110407888000	-0.9987635345146948
51122746648250	forward	51110418829000	-0.9987635345146948
51122766995875	forward	51110438017000	-0.9985006894568916
51122787884583	forward	51110458683000	-0.9985006894568916
51122814550916	forward	51110487175000	-0.998623489896505
51122829880833	forward	51110501653000	-0.998623489896505
51122848048708	forward	51110519187000	-0.999263592782195
51122872231750	forward	51110543997000	-0.9996227008077276
51122893413916	forward	51110565881000	-0.999215886211082
51122911562958	forward	51110584354000	-0.9987573272175004
51122929748583	forward	51110603556000	-0.998323275280565
51122950894000	forward	51110625138000	-0.9980328585515568
51122969040375	forward	51110643354000	-0.997843198749304
51122990193958	forward	51110664424000	-0.9977124662548134
51123011366125	forward	51110683302000	-0.9976638153090004
51123025717541	forward	51110699237000	-0.9976638153090004
51123049577791	forward	51110723216000	-0.998495718608438
51123064822416	forward	51110738845000	-0.9993941826874304
51123089009916	forward	51110762426000	-0.9993941826874304
51123107167208	forward	51110779413000	-0.9999462757608002
51123131497500	forward	51110805021000	-0.9997192690743594
51123146652625	forward	51110818887000	-0.9997192690743594
51123167849041	forward	51110840083000	-0.9992996093500396
51123188218708	forward	51110860453000	-0.9991486530094076
51123212475916	forward	51110886727000	-0.9989834815527676
51123224607375	forward	51110898797000	-0.9989834815527676
51123254858333	forward	51110927587000	-0.9989757337919352
51123267847625	forward	51110940710000	-0.9989757337919352
51123289034250	forward	51110960662000	-0.9998543403162986
51123307201875	forward	51110979419000	-0.9998543403162986
51123325385500	forward	51110999671000	-0.9996155446459116
51123346579291	forward	51111019737000	-0.9990561097034516
51123376382666	forward	51111046599000	-0.9988319531146468
51123388608250	forward	51111060802000	-0.9986738154281488
51123406498750	forward	51111079213000	-0.9986738154281488
51123433756291	forward	51111107308000	-0.9986111521095944
51123451915791	forward	51111124461000	-0.99873631990456
51123467021041	forward	51111139249000	-0.99873631990456
51123496171458	forward	51111168261000	-0.9996761559289304
51123508226083	forward	51111180459000	-0.999842893531595
51123528964833	forward	51111201007000	-0.999842893531595
51123546585125	forward	51111218835000	-0.9996030799249322
51123569055041	forward	51111241292000	-0.9989287176258952
51123593048291	forward	51111267273000	-0.9985900390241012
51123611143291	forward	51111284225000	-0.9985900390241012
51123628830833	forward	51111301060000	-0.9983792279401178
51123652981208	forward	51111327059000	-0.9981607825844696
51123667740583	forward	51111341083000	-0.9982444897919736
51123694279791	forward	51111367057000	-0.9986526428385024
51123712358250	forward	51111384070000	-0.9994420607736934
51123727443041	forward	51111399678000	-0.9998806769719656
51123751166625	forward	51111425403000	-0.999646722538932
51123772000041	forward	51111445364000	-0.999646722538932
51123793095250	forward	51111465437000	-0.99890355452187
51123810769416	forward	51111482868000	-0.99890355452187
51123831898875	forward	51111505864000	-0.9984062910080423
51123846697416	forward	51111518947000	-0.9984062910080423
51123864767625	forward	51111538837000	-0.9983451640735628
51123888865791	forward	51111561116000	-0.9984408786669312
51123912451208	forward	51111584295000	-0.9987776323476
51123927531708	forward	51111599772000	-0.9987776323476
51123948469416	forward	51111622140000	-0.9998688010818476
51123972580500	forward	51111646647000	-0.9997152789046088
51123987688625	forward	51111660582000	-0.9995172896375648
51124008666750	forward	51111680890000	-0.9992192845945947
51124032883458	forward	51111704765000	-0.9992192845945947
51124047263416	forward	51111719477000	-0.9989075135066762
51124068516500	forward	51111740793000	-0.9986998186575586
51124089787708	forward	51111762989000	-0.9985077810144386
51124111008125	forward	51111783400000	-0.9985797731966674
51124132256083	forward	51111805032000	-0.9989559014016584
51124147439000	forward	51111821641000	-0.9989559014016584
51124171731250	forward	51111846149000	-0.9998053847746688
51124189986916	forward	51111861720000	-0.9998053847746688
51124211213166	forward	51111883128000	-0.9992138262445368
51124234763458	forward	51111906509000	-0.9989408903755268
51124252736416	forward	51111923718000	-0.998719435197808
51124271081833	forward	51111943280000	-0.998719435197808
51124292015125	forward	51111965219000	-0.9984908224384428
51124307126375	forward	51111980832000	-0.9984908224384428
51124331368416	forward	51112005072000	-0.998529384893176
51124351931000	forward	51112025123000	-0.9989061707052476
51124367029583	forward	51112040656000	-0.9989061707052476
51124388197458	forward	51112061143000	-0.9998624661993673
51124409304791	forward	51112082521000	-0.9998624661993673
51124427373666	forward	51112099618000	-0.9995691821942688
51124451549583	forward	51112123567000	-0.998809681617844
51124468844208	forward	51112140875000	-0.998414684796522
51124486245458	forward	51112158440000	-0.998414684796522
51124509981791	forward	51112184336000	-0.9980814098915084
51124528207833	forward	51112200421000	-0.9980814098915084
51124549436000	forward	51112223046000	-0.9980131389191615
51124564606916	forward	51112238957000	-0.9983268156533212
51124588904791	forward	51112261413000	-0.9991265970492268
51124610190083	forward	51112281696000	-0.9998413506870262
51124628388375	forward	51112302032000	-0.9997621869182972
51124649686458	forward	51112323333000	-0.9994698739635988
51124673955625	forward	51112346163000	-0.9990968326298532
51124688300583	forward	51112360398000	-0.998743417825482
51124712511000	forward	51112386845000	-0.998490924655454
51124727604041	forward	51112399833000	-0.998384569924541
51124751734916	forward	51112423963000	-0.998384569924541
51124772827541	forward	51112445432000	-0.9983591842165022
51124790921083	forward	51112465431000	-0.9986473763922202
51124809016458	forward	51112483411000	-0.9992959530716424
51124827155541	forward	51112500271000	-0.9998940597542808
51124854346458	forward	51112527910000	-0.9997330004023398
51124869443791	forward	51112543414000	-0.9993945219829902
51124890308833	forward	51112562543000	-0.9989765859426588
51124911537083	forward	51112585598000	-0.9985729486500756
51124929713791	forward	51112601937000	-0.9985729486500756
51124947662875	forward	51112620343000	-0.9982264037428014
51124974907041	forward	51112647783000	-0.9981787744055904
51124987008666	forward	51112659824000	-0.9981787744055904
51125011271333	forward	51112682795000	-0.9982360695726992
51125029447458	forward	51112703117000	-0.999319742958101
51125047657250	forward	51112719703000	-0.999319742958101
51125071885875	forward	51112743236000	-0.9997577731750296
51125090030083	forward	51112763974000	-0.999487711670571
51125114411166	forward	51112785632000	-0.9991561870572442
51125130874375	forward	51112804333000	-0.9988396701996934
51125148622041	forward	51112820499000	-0.9986541718257308
51125166988333	forward	51112840055000	-0.9986541718257308
51125188323208	forward	51112859809000	-0.9985273364221042
51125206295583	forward	51112878614000	-0.9983963473816528
51125227297250	forward	51112899829000	-0.9983744298824656
51125253597875	forward	51112925016000	-0.9993384489226348
51125268649833	forward	51112940418000	-0.9998792687917109
51125292130958	forward	51112965205000	-0.9998038055496044
51125313300541	forward	51112984544000	-0.999576073012426
51125328415500	forward	51113000288000	-0.999576073012426
51125349719166	forward	51113022117000	-0.9992382216461516
51125373010833	forward	51113045759000	-0.9986331993360864
51125391168000	forward	51113064384000	-0.9985029880869102
51125412366125	forward	51113084482000	-0.9985029880869102
51125427240958	forward	51113099472000	-0.99839598690124
51125451803916	forward	51113124049000	-0.9987732997455248
51125469408291	forward	51113141590000	-0.9994173697887758
51125490758333	forward	51113164532000	-0.9999261496447308
51125511971250	forward	51113185129000	-0.9997117722622552
51125530197125	forward	51113203769000	-0.9993593802906964
51125548416833	forward	51113222184000	-0.9989691029771404
51125572753291	forward	51113245009000	-0.9989691029771404
51125587933125	forward	51113260744000	-0.9984377293995932
51125615241791	forward	51113286920000	-0.9983986583367276
51125627395708	forward	51113299611000	-0.9983986583367276
51125651052750	forward	51113322903000	-0.9984919080584278
51125672402750	forward	51113344587000	-0.9988219264761796
51125692807125	forward	51113364996000	-0.9994565703240555
51125711157333	forward	51113384356000	-0.999934918668772
51125729430333	forward	51113401621000	-0.999934918668772
51125753744875	forward	51113425926000	-0.9995686944867218
51125766040958	forward	51113438190000	-0.9995686944867218
51125786864916	forward	51113459908000	-0.9993458306294214
51125814206750	forward	51113486026000	-0.9989412021186844
51125829409833	forward	51113502438000	-0.9989412021186844
51125850365166	forward	51113524260000	-0.9987053034242864
51125871618333	forward	51113543281000	-0.9987094918675792
51125886897250	forward	51113559019000	-0.9987094918675792
51125907672250	forward	51113579793000	-0.9991222929449922
51125937225166	forward	51113607576000	-0.9997162115713936
51125946353375	forward	51113618565000	-0.9997162115713936
51125967409916	forward	51113639608000	-0.9993879237076224
51125987852750	forward	51113660037000	-0.9986583576981234
51126008759541	forward	51113681528000	-0.9983968920415852
51126033091916	forward	51113706881000	-0.9982594887759711
51126051345625	forward	51113724087000	-0.9981716763770108
51126072659791	forward	51113745815000	-0.9981275752501518
51126089912166	forward	51113762124000	-0.9982570074911796
51126114804125	forward	51113785722000	-0.998740420319308
51126132297125	forward	51113803789000	-0.9995292266341234
51126152622583	forward	51113824839000	-0.999893528617572
51126170815875	forward	51113843535000	-0.999893528617572
51126189083416	forward	51113861158000	-0.9997502481090672
51126210447750	forward	51113883505000	-0.9990902470777822
51126227434666	forward	51113900143000	-0.9990902470777822
51126251852375	forward	51113924120000	-0.9986985994218902
51126267104583	forward	51113939307000	-0.9986985994218902
51126288431041	forward	51113960172000	-0.9986132508977216
51126311860833	forward	51113982789000	-0.9985487993324946
51126327123458	forward	51114000147000	-0.9990843105437086
51126354619583	forward	51114027829000	-0.999701385076602
51126369665708	forward	51114042619000	-0.9998383632174126
51126391055583	forward	51114063274000	-0.9994075349251512
51126408421000	forward	51114080980000	-0.9989454791003288
51126426437166	forward	51114098898000	-0.9989454791003288
51126450299916	forward	51114122428000	-0.9980056772664998
51126467687708	forward	51114139003000	-0.9977580569185568
51126485584083	forward	51114158227000	-0.9977217202363402
51126509999000	forward	51114182190000	-0.9977217202363402
51126533323791	forward	51114206069000	-0.9978419122014688
51126548439333	forward	51114221369000	-0.9978419122014688
51126572175291	forward	51114246032000	-0.9991265664728116
51126590392500	forward	51114264627000	-0.999843223927417
51126608601333	forward	51114280237000	-0.999843223927417
51126632832208	forward	51114306505000	-0.9997544767392434
51126651176625	forward	51114323726000	-0.9995931156237512
51126672450041	forward	51114344623000	-0.9993679738002006
51126689930833	forward	51114361713000	-0.9991932798441876
51126711296000	forward	51114382889000	-0.9990544590537884
51126728140875	forward	51114399185000	-0.9990544590537884
51126755523708	forward	51114425913000	-0.998841138225856
51126770452500	forward	51114443030000	-0.9990834715202211
51126791838958	forward	51114463971000	-0.9995971869488158
51126810141375	forward	51114482329000	-0.9998023255897244
51126828385541	forward	51114500610000	-0.9998023255897244
51126851912000	forward	51114523201000	-0.9993203900701064
51126867051916	forward	51114540782000	-0.9993203900701064
51126894029708	forward	51114567125000	-0.9988712895710627
51126912171666	forward	51114584364000	-0.9986976401285784
51126926773541	forward	51114599973000	-0.9986330540980336
51126950836750	forward	51114623065000	-0.9985959345862732
51126972265375	forward	51114644049000	-0.9985959345862732
51126992961875	forward	51114665131000	-0.9990204115666114
51127013563750	forward	51114684330000	-0.9996069098970536
51127031856833	forward	51114705332000	-0.99990647830436
51127046176833	forward	51114719396000	-0.9997204803300428
51127073569458	forward	51114745455000	-0.9997204803300428
51127085772250	forward	51114758597000	-0.9991345299804956
51127109985958	forward	51114782183000	-0.9988090055617102
51127131375291	forward	51114803667000	-0.9986114116846267
51127148967708	forward	51114821169000	-0.9984714854955612
51127175978250	forward	51114846796000	-0.998380321171384
51127188178458	forward	51114860370000	-0.998380321171384
51127209608500	forward	51114878748000	-0.9990571386257844
51127230617041	forward	51114902762000	-0.9990571386257844
51127248583458	forward	51114919265000	-0.9997868228121668
51127272937666	forward	51114945139000	-0.9995748066627376
51127290926958	forward	51114963067000	-0.9993137422128748
51127314698375	forward	51114985184000	-0.9993137422128748
51127329925166	forward	51115000034000	-0.998949654653562
51127354363541	forward	51115027168000	-0.9989305962993372
51127369495958	forward	51115043183000	-0.9989305962993372
51127390740750	forward	51115062999000	-0.9988679785721496
51127408852916	forward	51115081076000	-0.9991029419514508
51127432362500	forward	51115105812000	-0.9996016778166796
51127450463583	forward	51115122052000	-0.9999422190009658
51127467896708	forward	51115140138000	-0.9996706466129422
51127489093000	forward	51115160596000	-0.999353282356105
51127507274541	forward	51115179280000	-0.999353282356105
51127534471041	forward	51115208484000	-0.9985762648412196
51127549633375	forward	51115223927000	-0.9985762648412196
51127567371583	forward	51115240891000	-0.9982284943023952
51127588526916	forward	51115260602000	-0.9982284943023952
51127612772166	forward	51115286512000	-0.9982767569312704
51127630940458	forward	51115304908000	-0.9986818619928882
51127646152375	forward	51115319760000	-0.9994585773641058
51127673449083	forward	51115347200000	-0.9999808832066308
51127691719166	forward	51115364161000	-0.9996080443981744
51127712191875	forward	51115385832000	-0.999121075952748
51127730422958	forward	51115404501000	-0.9985937821011032
51127751659166	forward	51115424608000	-0.998124321977535
51127766978000	forward	51115439696000	-0.998124321977535
51127787430583	forward	51115459621000	-0.997855542116241
51127811269583	forward	51115482218000	-0.9977678188059252
51127828674833	forward	51115501798000	-0.9977678188059252
51127852846750	forward	51115526959000	-0.9981870243947838
51127864949583	forward	51115539050000	-0.9981870243947838
51127886105041	forward	51115558259000	-0.9988954618766674
51127913497166	forward	51115586187000	-0.9998638576509096
51127927800416	forward	51115600002000	-0.9998638576509096
51127945567250	forward	51115619161000	-0.999397915225296
51127966590041	forward	51115638802000	-0.999060663628868
51127987858791	forward	51115660070000	-0.9987868218446696
51128014676916	forward	51115686895000	-0.998603102861544
51128026775916	forward	51115699014000	-0.998603102861544
51128054086833	forward	51115727962000	-0.9983517838717192
51128066231458	forward	51115740026000	-0.9984911030384888
51128087098375	forward	51115760131000	-0.9984911030384888
51128114238333	forward	51115787789000	-0.9998527685667118
51128126412833	forward	51115799833000	-0.9998527685667118
51128147767708	forward	51115818991000	-0.9997043076423512
51128174253875	forward	51115847364000	-0.9989212179343951
51128187633708	forward	51115859829000	-0.9989212179343951
51128206069375	forward	51115878279000	-0.998555561807445
51128230052541	forward	51115902257000	-0.9982690491849474
51128254050458	forward	51115925518000	-0.9981820315001082
51128271274791	forward	51115943897000	-0.9982897504941846
51128289404666	forward	51115961565000	-0.9982897504941846
51128309627083	forward	51115980655000	-0.9985184783750104
51128326951208	forward	51115999158000	-0.9996298850030376
51128353670125	forward	51116025087000	-0.999875652469569
51128371951250	forward	51116044150000	-0.9997238244894546
51128392984583	forward	51116065053000	-0.9994540573665448
51128410186708	forward	51116083265000	-0.9990791341112176
51128430683541	forward	51116103491000	-0.998706773704878
51128452057916	forward	51116124236000	-0.9984836361651844
51128470228958	forward	51116141624000	-0.9983481896071368
51128494427125	forward	51116166452000	-0.998265372664471
51128509537375	forward	51116183556000	-0.9983466245391618
51128527951041	forward	51116200961000	-0.998835664716054
51128552183708	forward	51116225957000	-0.9995967430052964
51128567325125	forward	51116239552000	-0.9995967430052964
51128591693500	forward	51116264417000	-0.9997140890692128
51128609077833	forward	51116280458000	-0.9995066804272948
51128627243291	forward	51116299234000	-0.9992734804831578
51128654486541	forward	51116328110000	-0.9990755644469
51128666586875	forward	51116338847000	-0.9990755644469
51128690868166	forward	51116363794000	-0.9990025720839116
51128712110375	forward	51116385507000	-0.9990605857300546
51128727325625	forward	51116399317000	-0.9990605857300546
51128757093750	forward	51116428541000	-0.9996716404597084
51128771889791	forward	51116443092000	-0.9996716404597084
51128787195750	forward	51116460785000	-0.9999104752108992
51128811848541	forward	51116483797000	-0.999383512391584
51128826775333	forward	51116498956000	-0.999383512391584
51128848062125	forward	51116521024000	-0.999153497466148
51128875394208	forward	51116547003000	-0.9988644528297846
51128890590041	forward	51116564106000	-0.9987595900260264
51128908811833	forward	51116581345000	-0.9987595900260264
51128930249416	forward	51116603320000	-0.9986002770201174
51128947962958	forward	51116620166000	-0.9989113514615892
51128968829541	forward	51116639635000	-0.9996053597791036
51128986692833	forward	51116659295000	-0.9996053597791036
51129007999875	forward	51116680224000	-0.99984045918515
51129035143333	forward	51116707362000	-0.999644591553525
51129052287291	forward	51116723450000	-0.9994149039352864
51129073705750	forward	51116745227000	-0.9992324905725456
51129088172708	forward	51116760395000	-0.9991462635444828
51129109319666	forward	51116781486000	-0.9991462635444828
51129127475458	forward	51116799731000	-0.999044644615397
51129148659125	forward	51116820727000	-0.9989780221591488
51129169820291	forward	51116842324000	-0.9995990543491414
51129194251000	forward	51116865319000	-0.9999050085556336
51129206510375	forward	51116879187000	-0.9996123217540092
51129227911666	forward	51116900125000	-0.9992728786739352
51129252038333	forward	51116923869000	-0.9988681732699252
51129267250791	forward	51116940678000	-0.9984576788648232
51129288653000	forward	51116960837000	-0.9984576788648232
51129312878000	forward	51116986404000	-0.9981657539810218
51129330397166	forward	51117004091000	-0.9981657539810218
51129354047791	forward	51117024705000	-0.9981757935748312
51129366578166	forward	51117038790000	-0.9981757935748312
51129393932791	forward	51117066106000	-0.9992958152734254
51129409236166	forward	51117081443000	-0.9992958152734254
51129426965958	forward	51117098932000	-0.9999300256330944
51129454278000	forward	51117128157000	-0.9995457848162634
51129468307666	forward	51117140520000	-0.9993192060305788
51129487749208	forward	51117162120000	-0.9990882727749228
51129508907750	forward	51117180823000	-0.9989275070618306
51129525117541	forward	51117199248000	-0.9989275070618306
51129554639125	forward	51117228127000	-0.9987873135101866
51129565827166	forward	51117238895000	-0.9987873135101866
51129586550333	forward	51117260176000	-0.9990800725354996
51129615851958	forward	51117287784000	-0.9995602201084282
51129631002291	forward	51117303296000	-0.9999208824793296
51129646165958	forward	51117319227000	-0.9999208824793296
51129676316208	forward	51117348369000	-0.9995281340956318
51129691464875	forward	51117363919000	-0.9993243319376148
51129712418583	forward	51117384650000	-0.999093737022649
51129727599583	forward	51117401502000	-0.9989435803701682
51129745697291	forward	51117419324000	-0.998786807690705
51129775912791	forward	51117448240000	-0.998630314192816
51129788034458	forward	51117460574000	-0.998612494302242
51129806192416	forward	51117478435000	-0.998612494302242
51129830412333	forward	51117504190000	-0.9997344332841958
51129851605666	forward	51117525779000	-0.999791417764156
51129869738500	forward	51117542594000	-0.9995394469603992
51129893936541	forward	51117565633000	-0.9992360143547568
51129910581000	forward	51117582827000	-0.99892764147077
51129931997083	forward	51117605977000	-0.9986923930512708
51129947159041	forward	51117619382000	-0.9986923930512708
51129974027291	forward	51117645757000	-0.9985410413873292
51129992189416	forward	51117664283000	-0.9985410413873292
51130010334125	forward	51117682781000	-0.998701146999066
51130031471958	forward	51117705659000	-0.9991389800205448
51130049635000	forward	51117724234000	-0.9997456338523684
51130067092041	forward	51117739319000	-0.9997456338523684
51130091333791	forward	51117763555000	-0.999641989971256
51130112551833	forward	51117785080000	-0.9994127604241064
51130130295708	forward	51117800788000	-0.9994127604241064
51130148915625	forward	51117819676000	-0.9988789334944967
51130169533583	forward	51117841944000	-0.9986855795113304
51130187837208	forward	51117859984000	-0.9986855795113304
51130208540000	forward	51117880193000	-0.998354531270141
51130234884416	forward	51117905852000	-0.9984808055855092
51130250152458	forward	51117923639000	-0.9990526088208648
51130267422083	forward	51117939667000	-0.9990526088208648
51130294681750	forward	51117967266000	-0.9998677517816286
51130312814875	forward	51117984376000	-0.999586441850947
51130330942958	forward	51118002932000	-0.999586441850947
51130352113750	forward	51118025909000	-0.998964013375086
51130373011083	forward	51118044513000	-0.9987978275767778
51130388087875	forward	51118060070000	-0.9987978275767778
51130409238291	forward	51118081432000	-0.9986600743316952
51130433424416	forward	51118105659000	-0.998490332442087
51130448091625	forward	51118120331000	-0.998490332442087
51130468729333	forward	51118141379000	-0.9988137048204826
51130493217041	forward	51118165527000	-0.9998737288865036
51130511203041	forward	51118184434000	-0.9996174384606348
51130526204583	forward	51118198453000	-0.9996174384606348
51130555690083	forward	51118227651000	-0.9989083026540118
51130568014208	forward	51118241594000	-0.998474748409392
51130592114416	forward	51118263483000	-0.998474748409392
51130612750458	forward	51118285350000	-0.9981118708219928
51130630903916	forward	51118303546000	-0.9980821596362917
51130649016416	forward	51118321183000	-0.9980821596362917
51130670194416	forward	51118343343000	-0.9983437348975222
51130691273375	forward	51118365103000	-0.9989950722678524
51130708815833	forward	51118381069000	-0.9989950722678524
51130729376916	forward	51118403674000	-0.9998249277107488
51130747516458	forward	51118419655000	-0.999526395712568
51130765387708	forward	51118439106000	-0.999526395712568
51130792551541	forward	51118464780000	-0.9987331266868184
51130810537166	forward	51118481182000	-0.9987331266868184
51130828023416	forward	51118501537000	-0.9984017986945282
51130849017458	forward	51118521221000	-0.9983972700989396
51130873369833	forward	51118546426000	-0.9983910195404102
51130890833166	forward	51118563326000	-0.9985479269851772
51130908964791	forward	51118581165000	-0.9985479269851772
51130933100416	forward	51118605942000	-0.999791091895582
51130951094166	forward	51118623681000	-0.9997954952373346
51130968863750	forward	51118640902000	-0.9997954952373346
51130987192375	forward	51118659413000	-0.9995869345856788
51131011582291	forward	51118685104000	-0.9988282640090256
51131029870458	forward	51118701951000	-0.9988282640090256
51131053669750	forward	51118726733000	-0.9984479812854826
51131070740750	forward	51118743301000	-0.9984119210146783
51131085957583	forward	51118758183000	-0.9984119210146783
51131109315958	forward	51118781174000	-0.9983815393567196
51131132811041	forward	51118805031000	-0.9991297495643052
51131148025958	forward	51118820217000	-0.999747626780888
51131171757500	forward	51118843903000	-0.9998005931381998
51131190053875	forward	51118860952000	-0.9995720822633862
51131211462000	forward	51118883846000	-0.9992390786351611
51131232771375	forward	51118904770000	-0.9988900290116608
51131250520416	forward	51118922800000	-0.9986227467679418
51131268857916	forward	51118941024000	-0.9984583555378784
51131295016958	forward	51118958698000	-0.9984583555378784
51131307253791	forward	51118981004000	-0.9984014892493848
51131328520041	forward	51119000763000	-0.9984947364723296
51131346778750	forward	51119019328000	-0.9987458086310984
51131370959625	forward	51119044047000	-0.9998024640874438
51131389134083	forward	51119061396000	-0.9998024640874438
51131407331416	forward	51119080066000	-0.9995672594744636
51131434694166	forward	51119107545000	-0.9993486555588658
51131449870708	forward	51119123133000	-0.9990449811465754
51131471135250	forward	51119145035000	-0.9987919019195132
51131492548458	forward	51119165363000	-0.9986205956220264
51131510805750	forward	51119183327000	-0.9984472614407032
51131531157416	forward	51119204107000	-0.9983302793354804
51131549421083	forward	51119221647000	-0.9984505978396186
51131569094666	forward	51119241334000	-0.9990317117469948
51131587361625	forward	51119259581000	-0.9990317117469948
51131609027041	forward	51119281258000	-0.9998042263828462
51131628803458	forward	51119301020000	-0.9996044751895654
51131646825291	forward	51119319044000	-0.9993534605478932
51131666884583	forward	51119338618000	-0.9993534605478932
51131694197583	forward	51119365892000	-0.9989189127283132
51131709326916	forward	51119381582000	-0.9989189127283132
51131730479125	forward	51119401749000	-0.998743142822166
51131748671250	forward	51119420904000	-0.998743142822166
51131766912750	forward	51119439128000	-0.998751053564014
51131788113500	forward	51119460278000	-0.9989907705196645
51131815410666	forward	51119487912000	-0.9998512176678191
51131830603041	forward	51119503480000	-0.9997450334470112
51131850953833	forward	51119525034000	-0.9995860781837992
51131872238250	forward	51119545275000	-0.9995860781837992
51131893522000	forward	51119565433000	-0.9990419328508308
51131910361041	forward	51119584215000	-0.9988435120667551
51131927323625	forward	51119598738000	-0.9987200079063524
51131950936333	forward	51119622927000	-0.9986286293787284
51131971593250	forward	51119644118000	-0.9986694352499402
51131989963041	forward	51119660555000	-0.9986694352499402
51132010910416	forward	51119682415000	-0.9998082775629882
51132029149166	forward	51119699112000	-0.9998082775629882
51132046181833	forward	51119718430000	-0.9994034516128564
51132066980791	forward	51119739197000	-0.9994034516128564
51132094316958	forward	51119767429000	-0.9986495272720896
51132111369541	forward	51119783577000	-0.9983289839609986
51132131964541	forward	51119804273000	-0.9983289839609986
51132147322083	forward	51119819485000	-0.998190428681374
51132167092041	forward	51119839295000	-0.9982280808132656
51132190915833	forward	51119863654000	-0.9983700457765704
51132208886250	forward	51119881168000	-0.9987331584238014
51132227067750	forward	51119899317000	-0.9987331584238014
51132250383708	forward	51119922575000	-0.9995115019425364
51132274233416	forward	51119946202000	-0.999686461688221
51132286391833	forward	51119959438000	-0.999686461688221
51132307550708	forward	51119981299000	-0.9990732301793568
51132334928833	forward	51120006337000	-0.9987265481137068
51132350251291	forward	51120022883000	-0.9987265481137068
51132370310250	forward	51120041882000	-0.998314279966918
51132394436750	forward	51120066675000	-0.9982176507040728
51132411075291	forward	51120082996000	-0.9982022051157922
51132429282083	forward	51120102542000	-0.9982022051157922
51132450247708	forward	51120122427000	-0.9993692831609956
51132470331083	forward	51120139554000	-0.9998909655527596
51132488632208	forward	51120160774000	-0.9998909655527596
51132509584000	forward	51120181800000	-0.99943060577187
51132530642583	forward	51120202863000	-0.9991309983309746
51132550847416	forward	51120223061000	-0.9991309983309746
51132571594666	forward	51120243798000	-0.9985011968362152
51132589944166	forward	51120262128000	-0.998343313601695
51132614327333	forward	51120286149000	-0.9982542026413496
51132629312500	forward	51120301290000	-0.998214296244126
51132647622541	forward	51120319599000	-0.998214296244126
51132669975791	forward	51120342195000	-0.998428948193002
51132688371416	forward	51120360563000	-0.9996445105150924
51132709721583	forward	51120381931000	-0.99977289106204
51132733636833	forward	51120405077000	-0.9996376970176722
51132752030666	forward	51120424246000	-0.9996376970176722
51132769418958	forward	51120442447000	-0.9990384793762372
51132790707750	forward	51120463713000	-0.998713553882808
51132805920000	forward	51120478807000	-0.998528292848356
51132832600083	forward	51120504860000	-0.998441626127648
51132850743166	forward	51120524854000	-0.9984023509768774
51132868849375	forward	51120541439000	-0.9985895624928596
51132887075958	forward	51120560353000	-0.9991719932477215
51132911437791	forward	51120585334000	-0.9997883808625592
51132926662333	forward	51120598886000	-0.9997074090559834
51132944856333	forward	51120618697000	-0.999399608075372
51132966118625	forward	51120638351000	-0.999399608075372
51132996503125	forward	51120668927000	-0.9986561290088406
51133005631166	forward	51120678573000	-0.9986561290088406
51133035202250	forward	51120707754000	-0.9984240107897708
51133050233666	forward	51120722448000	-0.9984964057081106
51133074634916	forward	51120746485000	-0.9985776333631228
51133089783875	forward	51120762194000	-0.9988392957813826
51133114032375	forward	51120785442000	-0.9994260860565966
51133129174541	forward	51120802542000	-0.9999097537083595
51133147303625	forward	51120819969000	-0.9997507191601916
51133176726666	forward	51120847854000	-0.9994838148807031
51133191555375	forward	51120862864000	-0.999116361490596
51133212762458	forward	51120881882000	-0.9987771405112053
51133228007833	forward	51120899332000	-0.9985603325876172
51133249094333	forward	51120921309000	-0.9985603325876172
51133267381625	forward	51120939591000	-0.9982894058881244
51133291275000	forward	51120964397000	-0.9983628049788424
51133306492208	forward	51120978749000	-0.9983628049788424
51133330812041	forward	51121002033000	-0.999631011018106
51133351382458	forward	51121024472000	-0.999631011018106
51133369610000	forward	51121041614000	-0.9995229253473774
51133393474416	forward	51121066464000	-0.9991740411889368
51133411621083	forward	51121083891000	-0.998793409071624
51133426726583	forward	51121098978000	-0.998793409071624
51133453865916	forward	51121125705000	-0.9983460536273548
51133468518708	forward	51121140786000	-0.9983460536273548
51133486325208	forward	51121158581000	-0.9982752895728372
51133507454458	forward	51121179715000	-0.998177416904404
51133528587000	forward	51121200865000	-0.9982001416293292
51133552703875	forward	51121226945000	-0.9993151101395416
51133567853750	forward	51121241285000	-0.9993151101395416
51133589035750	forward	51121260866000	-0.999898169365476
51133607211375	forward	51121280996000	-0.9998245431802316
51133628356458	forward	51121300632000	-0.9996105184770552
51133646488791	forward	51121320313000	-0.9990105055554892
51133673654375	forward	51121347911000	-0.9988561069302712
51133691109708	forward	51121363522000	-0.9988561069302712
51133712303666	forward	51121385048000	-0.9986284306102708
51133733522833	forward	51121405118000	-0.9987205877686042
51133751422166	forward	51121423624000	-0.9991718213163284
51133772678541	forward	51121445289000	-0.9997967372892465
51133793827541	forward	51121465535000	-0.999814469389928
51133808287333	forward	51121479536000	-0.9994498919864948
51133832488333	forward	51121505095000	-0.9990635510465448
51133850766375	forward	51121522430000	-0.998697181889758
51133871982041	forward	51121545132000	-0.9984398599809272
51133893251875	forward	51121565261000	-0.998350462754742
51133908506166	forward	51121580916000	-0.998320967007724
51133932890083	forward	51121604585000	-0.998351960583469
51133948098833	forward	51121620525000	-0.998351960583469
51133969218500	forward	51121640121000	-0.9986607755768508
51133990485166	forward	51121662574000	-0.9993417391178654
51134008202625	forward	51121680434000	-0.9998591158797376
51134031703625	forward	51121701777000	-0.9996916230912958
51134053009125	forward	51121725235000	-0.9995651249791384
51134071377625	forward	51121744410000	-0.9993764973817358
51134089346125	pause1	51121761522000	-0.9992196938306817
51134107579916	pause1	51121779809000	-0.9990766071799444
51134131996750	pause1	51121804476000	-0.9989226795996408
51134149402208	pause1	51121821649000	-0.9988438991341706
51134167720500	pause1	51121840295000	-0.9990965881093816
51134194955625	pause1	51121866971000	-0.9996482974462556
51134207053583	pause1	51121879330000	-0.9998377103100764
51134225188916	pause1	51121899418000	-0.999649394992182
51134249384875	pause1	51121922051000	-0.9993703230067752
51134273416125	pause1	51121944181000	-0.9990675202281928
51134288719166	pause1	51121959791000	-0.9990675202281928
51134315168000	pause1	51121986720000	-0.9987670829848322
51134331378166	pause1	51122004399000	-0.9987820521881956
51134350937375	pause1	51122023564000	-0.998802832786728
51134366162875	pause1	51122039044000	-0.9989695281909295
51134395919708	pause1	51122066428000	-0.9994368534016904
51134408439291	pause1	51122081041000	-0.9994368534016904
51134432779833	pause1	51122104986000	-0.999710806245868
51134453001500	pause1	51122124950000	-0.9994084286725192
51134470747750	pause1	51122142971000	-0.9994084286725192
51134492168041	pause1	51122162685000	-0.9987535943809912
51134507111875	pause1	51122179300000	-0.9987535943809912
51134528008333	pause1	51122198621000	-0.9984927417373862
51134549376958	pause1	51122220329000	-0.9982001875295748
51134573221000	pause1	51122245452000	-0.9982890100987396
51134594711666	pause1	51122264928000	-0.9982890100987396
51134610022416	pause1	51122279117000	-0.998664293086616
51134633813083	pause1	51122306056000	-0.9999928174045304
51134648646916	pause1	51122320868000	-0.9999928174045304
51134672249750	pause1	51122342193000	-0.9992238023592938
51134690640083	pause1	51122359871000	-0.9987733022791352
51134711987833	pause1	51122384216000	-0.9983062847313622
51134729771333	pause1	51122402001000	-0.9977006199865076
51134748144041	pause1	51122420353000	-0.9977006199865076
51134772663750	pause1	51122446283000	-0.9969094617616916
51134793664333	pause1	51122463918000	-0.9971826314456594
51134811897041	pause1	51122483064000	-0.9976646852596364
51134827210500	pause1	51122499412000	-0.9976646852596364
51134854869875	pause1	51122527499000	-0.9977221504044153
51134866984500	pause1	51122539955000	-0.9977221504044153
51134894332291	pause1	51122567628000	-0.9979543435815154
51134909507458	pause1	51122583173000	-0.9979543435815154
51134927710791	pause1	51122601712000	-0.9982774580741224
51134948942541	pause1	51122620401000	-0.9991146867423562
51134973431833	pause1	51122646691000	-0.999464075721058
51134988303416	pause1	51122660893000	-0.999464075721058
51135012609125	pause1	51122685336000	-0.9998487028011668
51135033728375	pause1	51122705489000	-0.9998487028011668
51135051872958	pause1	51122724105000	-0.9999896834977268
51135072113666	pause1	51122744278000	-0.9999777952588472
51135092407875	pause1	51122764604000	-0.999927453152986
51135109866958	pause1	51122782887000	-0.99987590162676
51135128180000	pause1	51122800398000	-0.99987590162676
51135155131208	pause1	51122826700000	-0.9998573267478378
51135167281500	pause1	51122838765000	-0.9998573267478378
51135186898500	pause1	51122859210000	-0.9998799666195516
51135205005416	pause1	51122879163000	-0.9999456721942482
51135226083333	pause1	51122899342000	-0.9999717089634576
51135244153666	pause1	51122918519000	-0.999988565541448
51135268264333	pause1	51122942927000	-0.9999971127040516
51135291383208	pause1	51122965200000	-0.9999971127040516
51135308369583	pause1	51122981806000	-0.9999993333588968
51135326446833	pause1	51122998733000	-0.9999973394989708
51135348827041	pause1	51123023073000	-0.9999860177353446
51135366899833	pause1	51123041248000	-0.9999784490213
51135386747416	pause1	51123059605000	-0.99997087382303
51135413690833	pause1	51123087116000	-0.9999645264871494
51135428275458	pause1	51123100556000	-0.9999592582494674
51135449300458	pause1	51123123451000	-0.9999554049406644
51135470443291	pause1	51123142726000	-0.9999554049406644
51135485324666	pause1	51123159372000	-0.999951260238876
51135506423500	pause1	51123179501000	-0.999951260238876
51135533354250	pause1	51123207056000	-0.9999511764128476
51135551388291	pause1	51123224042000	-0.9999518922263728
51135566485083	pause1	51123241013000	-0.999952666559196
51135590102125	pause1	51123264477000	-0.9999539617447586
51135610520875	pause1	51123284554000	-0.999954855076582
51135631641291	pause1	51123304564000	-0.999954855076582
51135649629416	pause1	51123321932000	-0.9999571092534316
51135669670416	pause1	51123344031000	-0.9999586186063568
51135687774000	pause1	51123360069000	-0.9999586186063568
51135710764125	pause1	51123383246000	-0.9999602234170866
51135728854708	pause1	51123401143000	-0.9999631116458796
51135746152875	pause1	51123420022000	-0.9999631116458796
51135770051625	pause1	51123444018000	-0.99996649556398
51135791140875	pause1	51123465449000	-0.999967952808252
51135812243250	pause1	51123485357000	-0.9999693834083891
51135827309583	pause1	51123499595000	-0.9999693834083891
51135853884166	pause1	51123527021000	-0.9999713574100164
51135868430083	pause1	51123540720000	-0.9999713574100164
51135888832500	pause1	51123562142000	-0.9999733389673104
51135909299625	pause1	51123581594000	-0.9999744386211846
51135926934458	pause1	51123600705000	-0.9999754641617542
51135944668708	pause1	51123618600000	-0.9999754641617542
51135965665666	pause1	51123638118000	-0.9999772571768368
51135994113375	pause1	51123667403000	-0.9999778545263563
51136011378583	pause1	51123684402000	-0.999978274235944
51136032490125	pause1	51123705839000	-0.9999788593838626
51136047594458	pause1	51123719881000	-0.9999788593838626
51136070689500	pause1	51123742974000	-0.9999798378627324
51136087932541	pause1	51123761620000	-0.9999798378627324
51136106035166	pause1	51123778336000	-0.9999803132846294
51136135123166	pause1	51123808827000	-0.9999810217830885
51136146529000	pause1	51123821097000	-0.9999813187009428
51136166086958	pause1	51123839437000	-0.9999814755745378
51136188162458	pause1	51123860458000	-0.9999816386158225
51136206259541	pause1	51123880056000	-0.9999816386158225
51136233365083	pause1	51123907555000	-0.999981851420236
51136247798666	pause1	51123920385000	-0.9999819034122212
51136274405958	pause1	51123947951000	-0.9999819191919485
51136289484625	pause1	51123963413000	-0.9999819191919485
51136310434166	pause1	51123982737000	-0.9999819027683642
51136331545833	pause1	51124003835000	-0.9999818946219388
51136352148000	pause1	51124025347000	-0.999981797561804
51136367175666	pause1	51124039458000	-0.999981797561804
51136396284208	pause1	51124068398000	-0.9999818689690876
51136408338916	pause1	51124080549000	-0.9999819594370188
51136431542125	pause1	51124103978000	-0.9999820458271208
51136452487958	pause1	51124125456000	-0.999982111781246
51136467543666	pause1	51124140982000	-0.999982111781246
51136491645750	pause1	51124163937000	-0.9999823408381228
51136506583833	pause1	51124178871000	-0.9999823408381228
51136530680833	pause1	51124203304000	-0.9999824095486
51136554336250	pause1	51124226179000	-0.9999824926727492
51136568541416	pause1	51124240831000	-0.9999824926727492
51136586654375	pause1	51124258945000	-0.999982716944688
51136614820291	pause1	51124287721000	-0.999982777198038
51136625930583	pause1	51124299541000	-0.9999828515965972
51136649592416	pause1	51124321913000	-0.9999829439447416
51136672736250	pause1	51124345021000	-0.9999830532500442
51136690817291	pause1	51124363104000	-0.999983121913511
51136714363166	pause1	51124386071000	-0.9999831399221903
51136729426083	pause1	51124403092000	-0.9999831672923092
51136753463291	pause1	51124426177000	-0.9999832109851536
51136771473541	pause1	51124444583000	-0.9999832733374654
51136786526000	pause1	51124459851000	-0.999983300418466
51136807609750	pause1	51124479788000	-0.999983284101796
51136834548625	pause1	51124507417000	-0.999983283388875
51136846622416	pause1	51124518456000	-0.999983283388875
51136876757500	pause1	51124548923000	-0.999983351773618
51136888823083	pause1	51124562975000	-0.9999833632647924
51136906898625	pause1	51124579849000	-0.9999834064650138
51136927225083	pause1	51124599514000	-0.9999834064650138
51136947764666	pause1	51124620619000	-0.9999835311884944
51136966267250	pause1	51124639578000	-0.999983446234456
51136986061000	pause1	51124660094000	-0.9999834806350972
51137008576041	pause1	51124682222000	-0.9999835482593274
51137026926541	pause1	51124701169000	-0.9999835482593274
51137050377625	pause1	51124722667000	-0.9999835818827604
51137070162833	pause1	51124743258000	-0.9999835818827604
51137094293500	left	51124766165000	-0.999983681577538
51137107305083	left	51124781638000	-0.9999837582404916
51137129227333	left	51124802320000	-0.9999866405963383
51137147256708	left	51124820640000	-0.9999928261389772
51137167610875	left	51124842179000	-0.999998262800866
51137187402000	left	51124859696000	-0.999998262800866
51137208559875	left	51124883075000	-0.9999734291273804
51137227289375	left	51124899597000	-0.9999283005680352
51137247007750	left	51124918823000	-0.9999283005680352
51137270416958	left	51124942886000	-0.9997611268722516
51137292792916	left	51124965670000	-0.9996614084253128
51137310891833	left	51124983376000	-0.9995659162425864
51137325548541	left	51124999862000	-0.9995659162425864
51137349646375	left	51125022652000	-0.9994119251745964
51137364712333	left	51125038511000	-0.9993546012990524
51137385818125	left	51125059852000	-0.9992915289586536
51137412776500	left	51125084829000	-0.9992915289586536
51137427857583	left	51125100361000	-0.9991355722934682
51137447895500	left	51125120106000	-0.9989858100240834
51137475016291	left	51125147630000	-0.9987695607304774
51137486365791	left	51125158665000	-0.998546879525966
51137506632291	left	51125178924000	-0.9984272280550478
51137526213083	left	51125198513000	-0.9984272280550478
51137552569458	left	51125225746000	-0.998243840586866
51137570652833	left	51125244082000	-0.9981672821404904
51137588729333	left	51125262274000	-0.9981672821404904
51137614396250	left	51125286690000	-0.99854835569569
51137626442833	left	51125300697000	-0.99854835569569
51137650654666	left	51125322957000	-0.9989115206351692
51137666817250	left	51125338939000	-0.9989115206351692
51137688679083	left	51125361545000	-0.9985126542717696
51137708316500	left	51125382528000	-0.998210040072958
51137732441083	left	51125407014000	-0.99796335921902
51137750515833	left	51125422428000	-0.9978329201165732
51137771628583	left	51125444883000	-0.9978329201165732
51137785904000	left	51125459754000	-0.9980521142062068
51137807047458	left	51125479306000	-0.9985977115275751
51137833638708	left	51125508300000	-0.9993439935959484
51137850818416	left	51125523801000	-0.9997805023029184
51137867915416	left	51125540220000	-0.9997805023029184
51137887197416	left	51125560379000	-0.998691008247245
51137907730916	left	51125580008000	-0.9983641839045188
51137928813708	left	51125601117000	-0.9983641839045188
51137948968125	left	51125621272000	-0.997791910195972
51137973086041	left	51125647270000	-0.9976401702031404
51137985160250	left	51125659857000	-0.9976401702031404
51138011485833	left	51125683693000	-0.9976183522377708
51138029548000	left	51125701852000	-0.9981757438923208
51138050652958	left	51125724825000	-0.9988330644423228
51138065716041	left	51125738956000	-0.9997153948230092
51138091734791	left	51125763889000	-0.9997153948230092
51138112840750	left	51125785363000	-0.9995719193106573
51138124892083	left	51125798708000	-0.9991986000806398
51138154358083	left	51125827621000	-0.9988151974668196
51138166420500	left	51125838722000	-0.9988151974668196
51138184444583	left	51125858270000	-0.9982069112735322
51138208040083	left	51125880685000	-0.9982069112735322
51138226127916	left	51125898433000	-0.9980292349944464
51138247209166	left	51125920625000	-0.9979541927158182
51138270653291	left	51125944895000	-0.9985524537501644
51138289899458	left	51125963197000	-0.9992640120910138
51138308659833	left	51125983056000	-0.9998506613431004
51138330552708	left	51126003109000	-0.9994083484485736
51138350684208	left	51126022869000	-0.9986115356606928
51138371779125	left	51126045867000	-0.9981386225692916
51138386606458	left	51126060625000	-0.9976765268423308
51138413758875	left	51126085991000	-0.9972701340704078
51138427668625	left	51126099938000	-0.9970061961488456
51138447808625	left	51126121179000	-0.9968984661270756
51138471932750	left	51126145233000	-0.99696076655094
51138489700625	left	51126163201000	-0.997273000808569
51138511955750	left	51126185194000	-0.9979923005022348
51138529092833	left	51126201389000	-0.9990827759731168
51138549344416	left	51126222763000	-0.9998878553326056
51138566431083	left	51126238941000	-0.9998293530118818
51138587079875	left	51126259384000	-0.999560371362916
51138611130666	left	51126283688000	-0.9992254504180064
51138632104541	left	51126305287000	-0.9989554276311337
51138650182041	left	51126323771000	-0.9987482329805282
51138671272791	left	51126343054000	-0.9986035871895358
51138686350958	left	51126359113000	-0.9986035871895358
51138707777958	left	51126380060000	-0.9985443055377948
51138728140458	left	51126399951000	-0.9990829980039316
51138748010833	left	51126420019000	-0.9990829980039316
51138764940958	left	51126438815000	-0.9997466624469252
51138791283083	left	51126463589000	-0.999090383406846
51138805817250	left	51126479449000	-0.999090383406846
51138835672833	left	51126508394000	-0.9982255968105538
51138844728166	left	51126519092000	-0.9982255968105538
51138875237958	left	51126548036000	-0.9976471786780698
51138890366458	left	51126562670000	-0.9975328852817362
51138910490041	left	51126583946000	-0.9975328852817362
51138932869416	left	51126605418000	-0.9977269435757746
51138950957833	left	51126625289000	-0.9981537722547452
51138971305875	left	51126643111000	-0.9981537722547452
51138991985750	left	51126666153000	-0.9999198262044892
51139010083041	left	51126684651000	-0.9997435429606788
51139027341666	left	51126700081000	-0.9992985627175226
51139048458708	left	51126722477000	-0.998735167864228
51139072519291	left	51126746928000	-0.998257801087082
51139087585041	left	51126759493000	-0.998257801087082
51139114699166	left	51126788342000	-0.9976844196058005
51139129942833	left	51126801874000	-0.9976844196058005
51139148096291	left	51126822883000	-0.997609838582413
51139172345791	left	51126845743000	-0.9979804986306876
51139190539583	left	51126864232000	-0.998658225012388
51139211816750	left	51126885633000	-0.9995280553821158
51139230060166	left	51126903387000	-0.999876672930936
51139248212500	left	51126922183000	-0.999876672930936
51139269534000	left	51126942941000	-0.9985439237902796
51139287767708	left	51126959854000	-0.9981509459807496
51139314683000	left	51126987609000	-0.9977441624667978
51139329867333	left	51127003455000	-0.9974122203941412
51139350618083	left	51127021977000	-0.997212102347637
51139368755125	left	51127042890000	-0.9971596998478268
51139393165666	left	51127066085000	-0.9973021127118928
51139408040583	left	51127080447000	-0.9973021127118928
51139428682375	left	51127101718000	-0.997883024231079
51139447386583	left	51127119059000	-0.9988832426816396
51139474276000	left	51127147107000	-0.9998572763488393
51139486453291	left	51127158328000	-0.9998572763488393
51139507865333	left	51127179600000	-0.999360728616993
51139532171625	left	51127204368000	-0.99908511739577
51139546423875	left	51127218652000	-0.99908511739577
51139575820291	left	51127247329000	-0.998662152201538
51139588017125	left	51127260264000	-0.998587156360608
51139608856666	left	51127279591000	-0.9986609711639486
51139632745666	left	51127305496000	-0.9989654630652244
51139650995041	left	51127323244000	-0.99955179585951
51139669061416	left	51127340812000	-0.99955179585951
51139688936708	left	51127360894000	-0.9998705136769426
51139706867333	left	51127379120000	-0.998797720989749
51139724943166	left	51127398668000	-0.998797720989749
51139754803416	left	51127427036000	-0.998232382046504
51139771770208	left	51127443675000	-0.9979989189975984
51139790220875	left	51127461429000	-0.9979989189975984
51139810696375	left	51127482928000	-0.9978291623663724
51139828991958	left	51127500407000	-0.9979614981167766
51139848799416	left	51127520555000	-0.9983456605325668
51139872810791	left	51127545122000	-0.999158466409185
51139887954083	left	51127560242000	-0.999158466409185
51139915284791	left	51127587985000	-0.9997847598903432
51139927354833	left	51127600041000	-0.9994448020983544
51139951535916	left	51127623735000	-0.9990479141808248
51139966637875	left	51127638945000	-0.9990479141808248
51139984785250	left	51127658930000	-0.9984473823716647
51140008132541	left	51127680428000	-0.9982788838704532
51140028726541	left	51127701037000	-0.9982158291797848
51140046192583	left	51127718447000	-0.9983095696039088
51140076493625	left	51127748634000	-0.9986855056202072
51140088437375	left	51127760677000	-0.9993523587163736
51140112585291	left	51127786964000	-0.999831631460312
51140124752583	left	51127799020000	-0.999831631460312
51140154937000	left	51127828042000	-0.9986833209980288
51140167102083	left	51127839362000	-0.9983269799467074
51140191418875	left	51127863674000	-0.9979883968251412
51140209299875	left	51127881565000	-0.9979883968251412
51140233435333	left	51127905707000	-0.9975365716785692
51140251792708	left	51127923505000	-0.9975011177603934
51140270067000	left	51127940232000	-0.9976101025759648
51140290785250	left	51127962865000	-0.9979831377969208
51140308541500	left	51127981352000	-0.9979831377969208
51140326705833	left	51127999964000	-0.9997289294094902
51140357323416	left	51128027447000	-0.9997596460501982
51140366533000	left	51128038762000	-0.9997596460501982
51140389790333	left	51128062507000	-0.9989203643226076
51140413694333	left	51128084933000	-0.9984956477453666
51140431966583	left	51128104217000	-0.9981853606483166
51140450452250	left	51128122632000	-0.9981853606483166
51140468184916	left	51128140416000	-0.9977934012854416
51140489121458	left	51128161278000	-0.9977934012854416
51140510139333	left	51128182702000	-0.9980664958944352
51140530762333	left	51128204328000	-0.9986595167943044
51140552076625	left	51128223518000	-0.9994779605660002
51140570680250	left	51128241742000	-0.9994779605660002
51140591935208	left	51128264186000	-0.999101198028956
51140607181166	left	51128279434000	-0.999101198028956
51140627659291	left	51128299873000	-0.9982923744481412
51140652038541	left	51128324237000	-0.9979546860057892
51140670189083	left	51128342439000	-0.9976610940981044
51140688658125	left	51128359368000	-0.9976610940981044
51140709905000	left	51128381370000	-0.997440961840642
51140728214375	left	51128400474000	-0.997440961840642
51140749582208	left	51128421796000	-0.9981073002089004
51140770380833	left	51128442828000	-0.9988884303207818
51140787760166	left	51128460017000	-0.9997290400615086
51140813474333	left	51128485834000	-0.9997213561846642
51140828551791	left	51128500873000	-0.9993237051251452
51140855510250	left	51128525977000	-0.9987869456176208
51140872872291	left	51128544006000	-0.9983370928098668
51140890665000	left	51128563208000	-0.9980161783135094
51140911677416	left	51128585102000	-0.9977993250986136
51140926902791	left	51128599789000	-0.9977145710613236
51140947893708	left	51128620143000	-0.9977891231737916
51140971584500	left	51128644702000	-0.9977891231737916
51140989863208	left	51128661761000	-0.9988814351147778
51141010116875	left	51128681838000	-0.9996347609377092
51141031427625	left	51128704290000	-0.9997269737713604
51141052743208	left	51128725024000	-0.9990307237229272
51141066989083	left	51128739315000	-0.9985342946077648
51141094325000	left	51128767113000	-0.9981201846336522
51141112567708	left	51128784232000	-0.9977487455028085
51141133897500	left	51128805510000	-0.9974778296862148
51141152108416	left	51128824151000	-0.9973447224291516
51141167443041	left	51128840970000	-0.9973447224291516
51141187673958	left	51128859831000	-0.9976398365170096
51141206520000	left	51128879717000	-0.9976398365170096
51141226234791	left	51128899299000	-0.998282351945925
51141252524958	left	51128924899000	-0.9999188041999688
51141266966625	left	51128938803000	-0.9997819644927448
51141295048250	left	51128965251000	-0.999464468703424
51141308259708	left	51128980635000	-0.9990713407824504
51141326496375	left	51128999319000	-0.9987423515695372
51141353818791	left	51129027143000	-0.9984840115818606
51141372068208	left	51129043628000	-0.9982867955689114
51141392952000	left	51129065305000	-0.998204536847878
51141414046583	left	51129085465000	-0.998315728180973
51141429222125	left	51129101483000	-0.9987878340963812
51141447331500	left	51129120912000	-0.9995475345279096
51141467833958	left	51129138931000	-0.9999100646965378
51141495089583	left	51129164499000	-0.999246602919816
51141507357958	left	51129179590000	-0.9986775122303752
51141525527875	left	51129199386000	-0.9986775122303752
51141546711458	left	51129218999000	-0.9982323102932184
51141576912791	left	51129248314000	-0.997520290656522
51141589023250	left	51129261251000	-0.997520290656522
51141612386333	left	51129283709000	-0.997349417004432
51141629344583	left	51129303102000	-0.9974968859381904
51141647054500	left	51129319305000	-0.9974968859381904
51141668062250	left	51129340284000	-0.9980153559183448
51141688045958	left	51129360322000	-0.9990105443399264
51141711978833	left	51129384237000	-0.9998151558278988
51141727221458	left	51129399481000	-0.9998151558278988
51141749973083	left	51129422199000	-0.9990520391634274
51141773395083	left	51129446219000	-0.998666015385309
51141788780083	left	51129460765000	-0.998342779430266
51141809067958	left	51129480320000	-0.9980830240385392
51141827254250	left	51129499379000	-0.9980830240385392
51141848308166	left	51129520607000	-0.9979424239951976
51141875303125	left	51129546812000	-0.9983383242516704
51141890440041	left	51129563482000	-0.9989565813258564
51141908664500	left	51129580627000	-0.9996975419836585
51141926884750	left	51129599139000	-0.9996975419836585
51141953935791	left	51129626236000	-0.9989119360787244
51141966173416	left	51129638400000	-0.998483826002121
51141996014041	left	51129668268000	-0.9981075140312344
51142010121333	left	51129682354000	-0.9977594586897643
51142031465958	left	51129704701000	-0.9975058026573524
51142049752041	left	51129722015000	-0.9973762256116284
51142068032750	left	51129740267000	-0.9973762256116284
51142095467833	left	51129766948000	-0.9976865850347544
51142107591125	left	51129779884000	-0.9982445179809426
51142125783000	left	51129800025000	-0.9982445179809426
51142156136958	left	51129827550000	-0.9999330095416396
51142168355750	left	51129840601000	-0.9999330095416396
51142189623500	left	51129862027000	-0.9995983686377043
51142213722041	left	51129884709000	-0.9985395894200692
51142227967458	left	51129900092000	-0.9981016166501956
51142248945000	left	51129922071000	-0.9981016166501956
51142267194750	left	51129939452000	-0.9975014881536052
51142285548875	left	51129958133000	-0.9975014881536052
51142309384250	left	51129980697000	-0.997563940164975
51142327192958	left	51129999445000	-0.997563940164975
51142350259791	left	51130022526000	-0.9987696751052808
51142368557458	left	51130040825000	-0.9995774193024692
51142392927416	left	51130062185000	-0.99978782680921
51142410044583	left	51130082985000	-0.99978782680921
51142428384208	left	51130100648000	-0.9991599545171704
51142452430333	left	51130124700000	-0.9982876931578896
51142470544791	left	51130142816000	-0.9979925380521736
51142488177708	left	51130160431000	-0.9979925380521736
51142509134500	left	51130181396000	-0.9977593485585324
51142533330958	left	51130205330000	-0.9976470459058072
51142548057291	left	51130220494000	-0.9976470459058072
51142575604875	left	51130246691000	-0.9983296386174828
51142587884875	left	51130261062000	-0.9991372419078712
51142608919750	left	51130278723000	-0.9991372419078712
51142632151041	left	51130304123000	-0.999887730458503
51142653554291	left	51130324765000	-0.999591419566503
51142668783125	left	51130340185000	-0.999407975591196
51142694701125	left	51130366943000	-0.9992162643406536
51142706940708	left	51130379405000	-0.9992162643406536
51142733749458	left	51130407585000	-0.9988128525111092
51142752068250	left	51130423451000	-0.998674749758648
51142773076666	left	51130445342000	-0.9986616774707788
51142791348416	left	51130464305000	-0.9989326138539556
51142806819291	left	51130478632000	-0.9989326138539556
51142836047916	left	51130507787000	-0.9998525796103056
51142851029208	left	51130523990000	-0.9991984710527024
51142866334291	left	51130538622000	-0.9991984710527024
51142890581333	left	51130563302000	-0.9981190490932116
51142914949125	left	51130586596000	-0.997729134443858
51142926217625	left	51130599436000	-0.997729134443858
51142953297041	left	51130625943000	-0.9973371978304084
51142970803666	left	51130643550000	-0.9973451418312764
51142992206875	left	51130665045000	-0.9974533546025616
51143007963958	left	51130680206000	-0.9974533546025616
51143034099958	left	51130706264000	-0.9987155527911292
51143052469125	left	51130724236000	-0.9996418486011226
51143073901125	left	51130744557000	-0.999857339892938
51143086226541	left	51130759807000	-0.999857339892938
51143116087875	left	51130786666000	-0.9990456103417208
51143131070583	left	51130801978000	-0.9986646932300736
51143152286416	left	51130825693000	-0.9983339579430348
51143170520000	left	51130842367000	-0.9983339579430348
51143185744791	left	51130859472000	-0.9980364737113878
51143213092458	left	51130887097000	-0.997785578325252
51143225227916	left	51130899111000	-0.997785578325252
51143252678291	left	51130923712000	-0.9984530493710774
51143270948708	left	51130944088000	-0.9991945023937658
51143288430833	left	51130960711000	-0.9998112982542502
51143312710916	left	51130985630000	-0.9994989130725204
51143330399291	left	51131003656000	-0.9989416468550624
51143350864041	left	51131025205000	-0.9985480588946156
51143372131583	left	51131045309000	-0.9981719481062964
51143393323000	left	51131065386000	-0.9978559526221936
51143411390250	left	51131083464000	-0.9978559526221936
51143429610208	left	51131103031000	-0.9976046681260684
51143450431083	left	51131120870000	-0.9976046681260684
51143474104958	left	51131146072000	-0.9980360464923704
51143489098291	left	51131161335000	-0.9980360464923704
51143507294416	left	51131180552000	-0.9988100373048442
51143528637666	left	51131200467000	-0.9998304758238864
51143552344625	left	51131222762000	-0.9994989943008974
51143567649500	left	51131239896000	-0.9994989943008974
51143594871458	left	51131266756000	-0.9985896683951758
51143606241833	left	51131279871000	-0.9982641902799756
51143632529125	left	51131304784000	-0.9980366075274189
51143652049416	left	51131324224000	-0.9978999517795284
51143669463166	left	51131341709000	-0.9978999517795284
51143687757708	left	51131360501000	-0.9982564559155448
51143709064125	left	51131380060000	-0.9988742522962109
51143727410625	left	51131399677000	-0.9996697465716028
51143754456708	left	51131425889000	-0.9998197038537844
51143765870958	left	51131438502000	-0.9990769897735516
51143786915291	left	51131459101000	-0.998571509952064
51143809030416	left	51131481351000	-0.998571509952064
51143829261791	left	51131499990000	-0.9977475386574892
51143846862791	left	51131519122000	-0.9977475386574892
51143873631125	left	51131544632000	-0.9973859629105948
51143885767791	left	51131559138000	-0.9974450876432432
51143912995666	left	51131586016000	-0.9976467438390856
51143928542500	left	51131600811000	-0.9981449799568374
51143952316375	left	51131624574000	-0.999090681296096
51143967545875	left	51131639836000	-0.9999306336663571
51143988863208	left	51131659518000	-0.9999306336663571
51144007252166	left	51131679521000	-0.9998006900589232
51144027979791	left	51131699305000	-0.9994100193940244
51144048758250	left	51131720972000	-0.9989822701564148
51144072958083	left	51131745429000	-0.9983941384924911
51144087503875	left	51131759769000	-0.9983941384924911
51144116763916	left	51131787030000	-0.998088929407583
51144131153000	left	51131803413000	-0.9981610983709706
51144148931208	left	51131819567000	-0.9981610983709706
51144167083041	left	51131839206000	-0.9991707271794972
51144194366583	left	51131868034000	-0.9997613442467096
51144206061458	left	51131879154000	-0.9997613442467096
51144235697208	left	51131908189000	-0.998824207858179
51144250916500	left	51131923687000	-0.9984399502076792
51144272182708	left	51131945179000	-0.9981163694382236
51144287397916	left	51131960149000	-0.9981163694382236
51144308766791	left	51131980972000	-0.9976415352580696
51144327104166	left	51131999646000	-0.9976415352580696
51144354074125	left	51132026050000	-0.9977021053428016
51144369310958	left	51132041602000	-0.9977021053428016
51144387051250	left	51132060691000	-0.998644381769739
51144411444208	left	51132082546000	-0.9994801215653996
51144432001666	left	51132106040000	-0.9999499250454802
51144449642458	left	51132121959000	-0.9999499250454802
51144464781416	left	51132139159000	-0.9993861423752368
51144495077583	left	51132168218000	-0.99912735024237
51144510213708	left	51132183686000	-0.9988668051960996
51144528019416	left	51132200642000	-0.9988668051960996
51144552157291	left	51132226598000	-0.998333685755012
51144570232791	left	51132243654000	-0.9981782111489242
51144588428750	left	51132262696000	-0.9981989413172384
51144609713375	left	51132283684000	-0.9985601115011358
51144630981000	left	51132303315000	-0.999268185669826
51144646141208	left	51132320153000	-0.999268185669826
51144672868208	left	51132344714000	-0.999433116320162
51144691081416	left	51132364765000	-0.9989111619052032
51144712345416	left	51132384823000	-0.9989111619052032
51144730044958	left	51132403528000	-0.9981357913997017
51144751245625	left	51132425127000	-0.9977857379041472
51144772655541	left	51132445287000	-0.99754427458414
51144787846875	left	51132459626000	-0.99754427458414
51144811585166	left	51132483881000	-0.9974312291386233
51144832233875	left	51132504504000	-0.997831821293225
51144847457333	left	51132519724000	-0.997831821293225
51144871660666	left	51132543696000	-0.999537782316678
51144892459875	left	51132565754000	-0.9997996112638944
51144913355833	left	51132584484000	-0.9997996112638944
51144928679125	left	51132601861000	-0.999071412940166
51144953208166	left	51132625915000	-0.9986873827937044
51144971079500	left	51132641802000	-0.9986873827937044
51144994836916	left	51132665824000	-0.9981633178551804
51145007029583	left	51132679310000	-0.9981633178551804
51145028105875	left	51132700087000	-0.9979084848642262
51145048953041	left	51132721237000	-0.9980090486827972
51145074641458	left	51132746433000	-0.9984114814438771
51145089746000	left	51132763026000	-0.999170490312057
51145107881875	left	51132780189000	-0.999170490312057
51145134626583	left	51132807843000	-0.9994622387510752
51145149645833	left	51132823325000	-0.9989683393675552
51145167251416	left	51132841795000	-0.9989683393675552
51145194445250	left	51132866255000	-0.9982459693710825
51145208889583	left	51132881194000	-0.9982459693710825
51145233000500	left	51132907294000	-0.9977564389060558
51145250710416	left	51132924341000	-0.9976945935767736
51145271961375	left	51132945754000	-0.9977552108596972
51145289892625	left	51132964207000	-0.998053634964672
51145314129416	left	51132985579000	-0.9987722578697492
51145332196041	left	51133004190000	-0.999704455479635
51145353425416	left	51133024818000	-0.9998721639204567
51145371674208	left	51133044090000	-0.99944763122568
51145389696208	left	51133061083000	-0.9989111250686922
51145410120666	left	51133083765000	-0.9989111250686922
51145428259125	left	51133100459000	-0.9980530140229816
51145449684916	left	51133123564000	-0.9980530140229816
51145470858375	left	51133143192000	-0.9976246127959368
51145488991000	left	51133161861000	-0.997650544390678
51145513194750	left	51133185770000	-0.9978866117119876
51145531373083	left	51133202989000	-0.9984903810900658
51145549646916	left	51133221830000	-0.9984903810900658
51145567576875	left	51133240855000	-0.999752489604378
51145588929250	left	51133261209000	-0.999752489604378
51145613449750	left	51133285661000	-0.9985075689135288
51145628773083	left	51133302059000	-0.9985075689135288
51145650199041	left	51133320740000	-0.998116734282472
51145671572083	left	51133342533000	-0.9974079490102592
51145690003458	left	51133362255000	-0.9971997099127676
51145708278666	left	51133381907000	-0.9971997099127676
51145732614458	left	51133405586000	-0.997236911252916
51145747728375	left	51133421462000	-0.9975857392001698
51145771125166	left	51133443989000	-0.9982971858489846
51145789260958	left	51133461589000	-0.9982971858489846
51145807408333	left	51133481712000	-0.9993453757469444
51145831433083	left	51133503389000	-0.9996605952885772
51145849680125	left	51133521160000	-0.9993942867548364
51145867985875	left	51133540269000	-0.9990810252284332
51145886171125	left	51133558469000	-0.9990810252284332
51145913432625	left	51133585423000	-0.9985677626638872
51145931625333	left	51133604063000	-0.9984105588688664
51145951668958	left	51133623363000	-0.9983414515800388
51145971772625	left	51133644048000	-0.998480846301964
51145990048541	left	51133662321000	-0.9989122218158372
51146011458916	left	51133681617000	-0.9995714635865072
51146032791625	left	51133704106000	-0.9997527628185976
51146050818250	left	51133723070000	-0.9991465316120348
51146068894500	left	51133741160000	-0.9991465316120348
51146095442458	left	51133766484000	-0.9983255734162784
51146107384416	left	51133781494000	-0.9983255734162784
51146128545791	left	51133801775000	-0.9978488606281176
51146146755291	left	51133819068000	-0.9978488606281176
51146177338708	left	51133848517000	-0.9977743477895866
51146186107416	left	51133859219000	-0.9979591890860624
51146209088625	left	51133881366000	-0.9984632823823978
51146232499375	left	51133904498000	-0.9993812950475588
51146250223041	left	51133920239000	-0.999913460061571
51146271530166	left	51133944308000	-0.9996171772575126
51146291674583	left	51133964617000	-0.9991745381635472
51146309467208	left	51133983816000	-0.9991745381635472
51146330695166	left	51134004395000	-0.9983292952888372
51146352006041	left	51134024623000	-0.9980512178021294
51146373315041	left	51134043972000	-0.9978685552457632
51146388602958	left	51134060815000	-0.9978685552457632
51146412037500	left	51134085466000	-0.9979579681599358
51146427344666	left	51134099609000	-0.9984148046247576
51146447479416	left	51134119792000	-0.999194233218028
51146477245125	left	51134147525000	-0.999863227206708
51146489475833	left	51134159332000	-0.9995209962857198
51146513876750	left	51134186702000	-0.998915177847314
51146528993375	left	51134201321000	-0.998915177847314
51146553293375	left	51134227377000	-0.9980634490228708
51146571522166	left	51134244412000	-0.9980634490228708
51146592784166	left	51134266039000	-0.9975528831383004
51146610988208	left	51134284638000	-0.9975029699252737
51146632264291	left	51134304747000	-0.9975029699252737
51146650022458	left	51134323368000	-0.9979359431181608
51146674183291	left	51134345171000	-0.9986025039726444
51146689494708	left	51134361843000	-0.9995770236750408
51146710551708	left	51134381072000	-0.9995770236750408
51146729086000	left	51134401366000	-0.9996848676706576
51146753685541	left	51134425902000	-0.999366481325952
51146765877875	left	51134439180000	-0.9990448317473636
51146792482958	left	51134466109000	-0.9987607458137044
51146813465125	left	51134483803000	-0.9985205326993404
51146830912916	left	51134502340000	-0.9983266548101102
51146852123791	left	51134524785000	-0.9982559917726292
51146867391416	left	51134539633000	-0.9982559917726292
51146893573750	left	51134565881000	-0.9989815277896336
51146911740916	left	51134584702000	-0.9996230225872372
51146932471291	left	51134605150000	-0.999748814043428
51146950929708	left	51134623188000	-0.999748814043428
51146968894000	left	51134640719000	-0.9987293901269348
51146993289375	left	51134665484000	-0.9984925334180734
51147014164625	left	51134684834000	-0.9982587622887592
51147029438458	left	51134700182000	-0.9982587622887592
51147053576208	left	51134726498000	-0.9979688396949016
51147068873750	left	51134739491000	-0.997977722543658
51147090040333	left	51134761900000	-0.9981360628963728
51147116369000	left	51134786556000	-0.998616629622337
51147128658208	left	51134798715000	-0.9994780382829054
51147155374208	left	51134825905000	-0.9999050789746476
51147173372708	left	51134844342000	-0.999584446573723
51147189985041	left	51134862265000	-0.9991456793646162
51147214538458	left	51134885104000	-0.9986951923972268
51147232919625	left	51134904965000	-0.9983275568705174
51147253748000	left	51134923574000	-0.9980503948992732
51147269113583	left	51134941376000	-0.9980503948992732
51147289880625	left	51134962746000	-0.9977956467580466
51147307542916	left	51134978912000	-0.9977956467580466
51147331845708	left	51135004789000	-0.9984822089130148
51147347069416	left	51135020520000	-0.9984822089130148
51147371416833	left	51135043605000	-0.999824318682944
51147386595583	left	51135058793000	-0.999824318682944
51147407829291	left	51135079674000	-0.9992349842959418
51147434970166	left	51135107479000	-0.9980689491851652
51147450239916	left	51135122540000	-0.997707409672471
51147473575083	left	51135144175000	-0.9974037360709304
51147488902833	left	51135161155000	-0.9972115605767268
51147511817916	left	51135184119000	-0.9971358779144672
51147526416166	left	51135198660000	-0.9971358779144672
51147552905541	left	51135225654000	-0.9975789235489207
51147573325583	left	51135243958000	-0.9982065803324798
51147591677250	left	51135262250000	-0.9991611709588832
51147609210875	left	51135278908000	-0.9991611709588832
51147634978625	left	51135307222000	-0.9998174626217998
51147653023958	left	51135324055000	-0.9995604156299122
51147668450416	left	51135340693000	-0.9992354789917556
51147692016541	left	51135365034000	-0.9989649014129752
51147707326458	left	51135378912000	-0.9989649014129752
51147728044041	left	51135400348000	-0.9987178080576428
51147756779875	left	51135426328000	-0.9984377427300436
51147772161041	left	51135443570000	-0.9985940297154434
51147790034625	left	51135462249000	-0.9989579772754535
51147811307083	left	51135482677000	-0.999615076854638
51147832570791	left	51135503775000	-0.999615076854638
51147850819958	left	51135522611000	-0.99926666194403
51147871337000	left	51135543660000	-0.9987709587306428
51147891989916	left	51135565696000	-0.998427178432508
51147913342125	left	51135584544000	-0.998427178432508
51147928690958	left	51135600944000	-0.9977964278035164
51147955332375	left	51135625928000	-0.997639390653329
51147967035458	left	51135639982000	-0.997639390653329
51147988099833	left	51135660296000	-0.9977604489104196
51148012566875	left	51135684865000	-0.9977604489104196
51148027922291	left	51135700184000	-0.9988132964461902
51148051672333	left	51135722439000	-0.9988132964461902
51148069706041	left	51135741973000	-0.999838257796131
51148093850458	left	51135764406000	-0.9993235690726066
51148108917958	left	51135781099000	-0.9987431535513576
51148126872833	left	51135799148000	-0.9982031820115796
51148147356208	left	51135819673000	-0.9977470065154636
51148171731416	left	51135844030000	-0.9977470065154636
51148190151458	left	51135862418000	-0.9971914313114714
51148211535375	left	51135882611000	-0.9972067684826358
51148226530916	left	51135898815000	-0.9972067684826358
51148251037291	left	51135923329000	-0.9980593836841432
51148266366958	left	51135938594000	-0.9980593836841432
51148292271291	left	51135965381000	-0.9997933477878388
51148310359750	left	51135980917000	-0.9993062411680949
51148327465083	left	51135999746000	-0.9985657470800664
51148347780208	left	51136019140000	-0.9985657470800664
51148369003541	left	51136041880000	-0.9972792737843308
51148387254250	left	51136059562000	-0.9972792737843308
51148405554916	left	51136079039000	-0.9964836019254576
51148435449416	left	51136108230000	-0.9964021369123808
51148450760666	left	51136123950000	-0.9964491442276446
51148474440000	left	51136145497000	-0.996674758235722
51148488808916	left	51136161105000	-0.997220108663858
51148513071791	left	51136185355000	-0.997220108663858
51148528314708	left	51136200621000	-0.9992994334914777
51148546718000	left	51136218965000	-0.9992994334914777
51148567251291	left	51136239544000	-0.9997485085382448
51148594569250	left	51136266296000	-0.9995539929156274
51148609134291	left	51136281413000	-0.9992902282516832
51148629588666	left	51136301782000	-0.9992902282516832
51148650345291	left	51136322666000	-0.9988862591293812
51148671653666	left	51136344059000	-0.9987681791094546
51148686945166	left	51136359212000	-0.9987681791094546
51148713404375	left	51136384960000	-0.9987438906476982
51148731781916	left	51136404507000	-0.9990480294014048
51148753168541	left	51136425276000	-0.9996225580686344
51148771453416	left	51136444749000	-0.9997937590485428
51148789770833	left	51136462028000	-0.9997937590485428
51148809901000	left	51136480808000	-0.9992282978028236
51148834212375	left	51136505440000	-0.998559999676924
51148849541791	left	51136521145000	-0.998559999676924
51148867808083	left	51136539471000	-0.9981645684591736
51148888092666	left	51136561996000	-0.9981645684591736
51148909279041	left	51136582675000	-0.9980777679008738
51148927420166	left	51136599741000	-0.9980777679008738
51148945775250	left	51136618640000	-0.9983404788412328
51148975108708	left	51136647404000	-0.9998016162854012
51148990395333	left	51136663697000	-0.999783573352714
51149007466583	left	51136679758000	-0.999783573352714
51149028758166	left	51136701046000	-0.9992943426712856
51149049934625	left	51136722217000	-0.998692350768538
51149074353541	left	51136745923000	-0.997734565584662
51149089843791	left	51136762241000	-0.9974790892869102
51149110375458	left	51136782663000	-0.9973300779099952
51149133659875	left	51136806445000	-0.9973442898523897
51149148971250	left	51136821239000	-0.9975936260693352
51149166301166	left	51136838785000	-0.998236124461332
51149193853625	left	51136866480000	-0.9992006555148724
51149208352833	left	51136880638000	-0.9998491646019996
51149231865333	left	51136904152000	-0.9994547036889782
51149247154250	left	51136919418000	-0.9994547036889782
51149267603625	left	51136939036000	-0.9989091397566384
51149294313250	left	51136965291000	-0.998058827801094
51149314696708	left	51136984748000	-0.997752385524465
51149327048750	left	51136999281000	-0.997752385524465
51149348231166	left	51137019469000	-0.9975193010711562
51149371752291	left	51137043924000	-0.9976424858496612
51149386746750	left	51137058981000	-0.998047257558228
51149414100875	left	51137087709000	-0.9989141406034048
51149431920500	left	51137103710000	-0.9997887779300156
51149453157583	left	51137125279000	-0.9996635923995872
51149471376291	left	51137145324000	-0.999182841761683
51149492628375	left	51137165486000	-0.9986198189442314
51149510839375	left	51137184244000	-0.9981514653938568
51149529310458	left	51137203023000	-0.997799081595246
51149547200583	left	51137218769000	-0.9975666719365996
51149576698458	left	51137245814000	-0.9974970088296846
51149588979166	left	51137261223000	-0.9975760006105744
51149606338541	left	51137278613000	-0.9975760006105744
51149636571250	left	51137307340000	-0.9987402152821098
51149648127208	left	51137319287000	-0.9987402152821098
51149674794250	left	51137346080000	-0.99963360367593
51149689099500	left	51137361282000	-0.9988226742043372
51149710570416	left	51137382870000	-0.9988226742043372
51149731188875	left	51137403564000	-0.9977480555758598
51149749113916	left	51137421734000	-0.9972713762881316
51149770091000	left	51137442377000	-0.9969316330947166
51149790192500	left	51137462454000	-0.9967560278742158
51149808588583	left	51137479953000	-0.9967332105800236
51149828559125	left	51137500836000	-0.9968981979070386
51149850754333	left	51137523309000	-0.997371169259562
51149868810875	left	51137539223000	-0.9982387703613304
51149892658458	left	51137565589000	-0.999321283530783
51149907861375	left	51137580352000	-0.9998392195352168
51149935135791	left	51137606429000	-0.999704013036773
51149947243958	left	51137619567000	-0.999378291971567
51149971579041	left	51137642779000	-0.999032623216518
51149992897916	left	51137663229000	-0.999032623216518
51150010468000	left	51137682751000	-0.9985698257860136
51150028757541	left	51137701732000	-0.9985698257860136
51150052200416	left	51137724485000	-0.9984386477619912
51150067445375	left	51137739737000	-0.9984386477619912
51150094001958	left	51137766267000	-0.9991021368301763
51150109150208	left	51137781447000	-0.9996833893568308
51150130455875	left	51137802511000	-0.9996833893568308
51150154242958	left	51137825861000	-0.99919336324507
51150172233833	left	51137843794000	-0.9988348907119058
51150193673958	left	51137865176000	-0.9985670715379936
51150212092166	left	51137884381000	-0.9982961905356924
51150229667250	left	51137901783000	-0.9980733474883507
51150253566166	left	51137925842000	-0.9979570362955646
51150268063875	left	51137940351000	-0.9979609049604978
51150289429333	left	51137960904000	-0.9979609049604978
51150307606708	left	51137979960000	-0.9987663231954502
51150331559416	left	51138003935000	-0.9987663231954502
51150349703500	left	51138024284000	-0.9999545212849598
51150367847041	left	51138040183000	-0.9999545212849598
51150392031125	left	51138066433000	-0.9993345364426864
51150413287375	left	51138084913000	-0.999049625203139
51150431270958	left	51138103073000	-0.999049625203139
51150446406000	left	51138118738000	-0.9987821180379356
51150473735458	left	51138147935000	-0.9983769850966064
51150488893333	left	51138163507000	-0.9983376313605986
51150513242791	left	51138186485000	-0.9985000854938564
51150531454500	left	51138205039000	-0.9990263715795004
51150549258291	left	51138220728000	-0.9990263715795004
51150573292666	left	51138246950000	-0.9997422027415188
51150590723250	left	51138262721000	-0.9987934684699816
51150609048208	left	51138281306000	-0.9982042020934888
51150631881125	left	51138304177000	-0.9982042020934888
51150647458833	left	51138319727000	-0.9976382713569496
51150670032958	left	51138342326000	-0.9971017545425488
51150691265916	left	51138362995000	-0.9965978451748532
51150712007000	left	51138385698000	-0.9966247406210352
51150727230875	left	51138400014000	-0.9967570909827124
51150748297458	left	51138420572000	-0.9971106323104466
51150766565916	left	51138438863000	-0.9971106323104466
51150793453375	left	51138465760000	-0.9991645172498822
51150808411208	left	51138481010000	-0.9998411837561708
51150829494916	left	51138501797000	-0.9998411837561708
51150846555666	left	51138518856000	-0.9997107528136068
51150867891000	left	51138538651000	-0.9989333789585428
51150895305958	left	51138568518000	-0.998602145413504
51150910461750	left	51138583066000	-0.9983443836727206
51150928467875	left	51138601835000	-0.9983443836727206
51150949815625	left	51138622097000	-0.9980383690799935
51150971186916	left	51138643338000	-0.9980924462488342
51150992110458	left	51138663908000	-0.998384104620254
51151005076666	left	51138678204000	-0.998384104620254
51151029250750	left	51138701553000	-0.9990593871523684
51151056027916	left	51138726656000	-0.999491668086118
51151071460708	left	51138744442000	-0.9990487921370492
51151089636875	left	51138761976000	-0.9987461025454316
51151115376958	left	51138786776000	-0.9984220753249178
51151132418083	left	51138803433000	-0.9981228151981318
51151149976375	left	51138822001000	-0.9981228151981318
51151169884458	left	51138842187000	-0.9978425406228588
51151187786500	left	51138860509000	-0.9978906930328522
51151213868583	left	51138886837000	-0.9980936009870484
51151232173875	left	51138903124000	-0.9986296344154864
51151250212250	left	51138920829000	-0.9986296344154864
51151271633958	left	51138945363000	-0.9999438294634444
51151292203000	left	51138964504000	-0.9999438294634444
51151310555500	left	51138982819000	-0.9994194305012156
51151326081083	left	51138998585000	-0.9991589953411992
51151353361791	left	51139024850000	-0.9991589953411992
51151371758833	left	51139045293000	-0.9987525458949816
51151387160416	left	51139059465000	-0.9987525458949816
51151413566041	left	51139085858000	-0.99843171727755
51151428840625	left	51139101057000	-0.9985116736723896
51151452880375	left	51139123835000	-0.9988776383513112
51151468260500	left	51139140510000	-0.9988776383513112
51151486577041	left	51139159526000	-0.9998466004042158
51151504747041	left	51139178632000	-0.9989682033965346
51151528977500	left	51139201311000	-0.9989682033965346
51151552744208	left	51139225084000	-0.9977558890222152
51151567745541	left	51139240704000	-0.9977558890222152
51151591772916	left	51139263573000	-0.9969036052246878
51151609717375	left	51139281997000	-0.9967070220004132
51151627298166	left	51139299576000	-0.9967070220004132
51151646565083	left	51139319239000	-0.9968180221075824
51151667660291	left	51139339973000	-0.997168801740421
51151688836791	left	51139361140000	-0.997168801740421
51151706817083	left	51139379117000	-0.9990970144379724
51151726531583	left	51139399637000	-0.9990970144379724
51151747339625	left	51139419642000	-0.999922644740802
51151768919375	left	51139441239000	-0.9993836860440726
51151788850583	left	51139461148000	-0.9990402343453418
51151807111833	left	51139479428000	-0.998712322827682
51151830672125	left	51139502202000	-0.9984047230957156
51151855127083	left	51139524383000	-0.9981362227759416
51151870162541	left	51139542450000	-0.9979593702948358
51151885455083	left	51139558915000	-0.9979593702948358
51151911635625	left	51139583982000	-0.9979010016197384
51151929845000	left	51139602438000	-0.9986789934844946
51151948083208	left	51139620332000	-0.9986789934844946
51151971752583	left	51139644310000	-0.9997354348333964
51151990050958	left	51139662354000	-0.9990936231413372
51152008430375	left	51139680312000	-0.9990936231413372
51152029814166	left	51139700611000	-0.9985581657420298
51152053864416	left	51139727349000	-0.9975296477575348
51152070409625	left	51139742752000	-0.9971491292247358
51152091718625	left	51139763868000	-0.996935022455162
51152109351458	left	51139782160000	-0.996935022455162
51152130364458	left	51139801591000	-0.9968828081318548
51152148133833	left	51139820942000	-0.9974617006442146
51152169420416	left	51139841500000	-0.9981617386013308
51152186872125	left	51139859170000	-0.9981617386013308
51152205151416	left	51139878754000	-0.9998688013130028
51152235754458	left	51139906473000	-0.9996692545025836
51152251028500	left	51139924247000	-0.9996692545025836
51152272175750	left	51139943854000	-0.9987839231552972
51152287438458	left	51139959743000	-0.998389387861452
51152314205375	left	51139985203000	-0.9980927833185416
51152326479125	left	51139998635000	-0.9980927833185416
51152347237458	left	51140019580000	-0.9978621327072246
51152374671791	left	51140047448000	-0.997911958824329
51152392927375	left	51140063382000	-0.9983229734494692
51152407360500	left	51140079671000	-0.9983229734494692
51152431786875	left	51140104080000	-0.99976547471503
51152448939791	left	51140121160000	-0.99976547471503
51152466793125	left	51140139070000	-0.998738777610348
51152491180750	left	51140163486000	-0.998738777610348
51152512416791	left	51140185466000	-0.9979187706536398
51152527717833	left	51140199759000	-0.9979187706536398
51152554992916	left	51140227900000	-0.9973618213745244
51152570236083	left	51140243587000	-0.9972743960489742
51152591482041	left	51140265369000	-0.9973018828905242
51152612736125	left	51140285467000	-0.997506062312726
51152630974750	left	51140303877000	-0.998061837778851
51152654488416	left	51140325624000	-0.9990404855079628
51152666655958	left	51140338973000	-0.999908167901044
51152696268166	left	51140368579000	-0.999826105274648
51152711002000	left	51140383314000	-0.9994508170322564
51152728291708	left	51140400604000	-0.9994508170322564
51152754172500	left	51140427250000	-0.9985864277368572
51152766363375	left	51140438676000	-0.9985864277368572
51152787245458	left	51140459148000	-0.998252937996672
51152811638958	left	51140482423000	-0.9979090115121813
51152832428041	left	51140504788000	-0.9980086803271158
51152847732458	left	51140520009000	-0.9980086803271158
51152872164958	left	51140545411000	-0.9991214947362546
51152890731375	left	51140564333000	-0.9997626782094148
51152908897583	left	51140581237000	-0.9995754154708296
51152934677125	left	51140607549000	-0.9989602664091856
51152949800041	left	51140621194000	-0.998553261804822
51152968066416	left	51140640365000	-0.998553261804822
51152991527791	left	51140663835000	-0.9978462997319988
51153012592833	left	51140684898000	-0.9976000750666209
51153030831333	left	51140701930000	-0.9974726949408728
51153051231916	left	51140723588000	-0.9974826221755804
51153071884958	left	51140744766000	-0.9977246611729056
51153093159916	left	51140765193000	-0.9983576364546763
51153107718916	left	51140780031000	-0.9993737116178828
51153128986458	left	51140800729000	-0.9999193157337224
51153155605666	left	51140825676000	-0.999618430395856
51153167806333	left	51140838605000	-0.9991612432633488
51153188742541	left	51140861072000	-0.9991612432633488
51153206355291	left	51140879099000	-0.9986967632974652
51153230180916	left	51140902467000	-0.998044900884022
51153253944958	left	51140925144000	-0.99787978858213
51153288370375	left	51140944577000	-0.99787978858213
51153291424166	left	51140960758000	-0.997937087579328
51153312347250	left	51140984711000	-0.9983395452467606
51153327240000	left	51140998756000	-0.9990904976091152
51153350594875	left	51141022927000	-0.9997969656555216
51153368571875	left	51141040879000	-0.9994945048221536
51153389966416	left	51141062273000	-0.9987224640134696
51153413075791	left	51141085404000	-0.9982449642482348
51153427264416	left	51141099578000	-0.9982449642482348
51153451869250	left	51141124184000	-0.9973642324667016
51153467132875	left	51141139436000	-0.9970746968159468
51153488503583	left	51141160811000	-0.9969324322369292
51153515366416	left	51141185609000	-0.9969538818050154
51153530627541	left	51141203602000	-0.9972144769472022
51153548959791	left	51141221266000	-0.9978634528580403
51153571483291	left	51141244263000	-0.9989171850367696
51153592695416	left	51141264675000	-0.9998516514215148
51153610720791	left	51141284338000	-0.9998173300653516
51153628950208	left	51141301285000	-0.9998173300653516
51153650196708	left	51141324694000	-0.9990380056101292
51153668458125	left	51141340784000	-0.9986732278431464
51153688895708	left	51141360810000	-0.9986732278431464
51153712840125	left	51141383576000	-0.9981421434524386
51153728235250	left	51141400494000	-0.9981421434524386
51153746630166	left	51141419846000	-0.9980475970165612
51153767875291	left	51141440244000	-0.9981323573770616
51153795027166	left	51141466677000	-0.9992397395421744
51153807145541	left	51141479306000	-0.9992397395421744
51153833503916	left	51141505849000	-0.999440790425515
51153848638375	left	51141522516000	-0.9989309999040176
51153866864250	left	51141540449000	-0.9986210309542788
51153893990750	left	51141568057000	-0.9983279878529328
51153909113250	left	51141583704000	-0.9983279878529328
51153932856125	left	51141605200000	-0.9978959102666068
51153950994583	left	51141625254000	-0.9978347550488816
51153972126625	left	51141645428000	-0.9978912757785476
51153989202791	left	51141660627000	-0.9978912757785476
51154007047291	left	51141680362000	-0.9990783844733232
51154034412375	left	51141707033000	-0.9998502708961672
51154052247083	left	51141724525000	-0.9998066714536634
51154070257250	left	51141741228000	-0.9998066714536634
51154091633958	left	51141764935000	-0.9989261626832662
51154114232625	left	51141785345000	-0.9985197897216388
51154125652625	left	51141800083000	-0.9985197897216388
51154146780041	left	51141819152000	-0.9981602241031065
51154164900500	left	51141839221000	-0.9978654271110292
51154191058375	left	51141864988000	-0.9977521401053556
51154210795583	left	51141885008000	-0.998126977308113
51154228913833	left	51141903383000	-0.998126977308113
51154252992916	left	51141926351000	-0.9996842653743052
51154272762958	left	51141944819000	-0.9997994735164016
51154289893333	left	51141962570000	-0.9997994735164016
51154307989166	left	51141980346000	-0.99908732647842
51154326081708	left	51141998605000	-0.9985240856624612
51154355404625	left	51142027797000	-0.9975901856828164
51154367471708	left	51142039803000	-0.9975901856828164
51154385569375	left	51142059900000	-0.9971716293425288
51154406691083	left	51142079056000	-0.9971716293425288
51154427804875	left	51142101711000	-0.9974088860179098
51154448207875	left	51142121791000	-0.9978571667561354
51154474225541	left	51142146330000	-0.998698180382308
51154492326833	left	51142164824000	-0.99968503358342
51154510428166	left	51142183681000	-0.9998098506869976
51154531365666	left	51142203723000	-0.9994852316274128
51154549452000	left	51142223646000	-0.9990196596537108
51154570603875	left	51142245149000	-0.9990196596537108
51154588708375	left	51142261083000	-0.9986206232674106
51154611080458	left	51142283917000	-0.9981877213850476
51154626183291	left	51142298555000	-0.9981877213850476
51154647297541	left	51142321537000	-0.9981951079408522
51154671015666	left	51142345361000	-0.9984751658318116
51154692277041	left	51142365383000	-0.9990057198294772
51154706928750	left	51142379238000	-0.9990057198294772
51154731225791	left	51142404579000	-0.9996434315421652
51154752510750	left	51142426053000	-0.9990586288197278
51154767685250	left	51142440030000	-0.998711361351426
51154788976791	left	51142461086000	-0.9983875011516914
51154812823333	left	51142487217000	-0.9980692563593548
51154831084166	left	51142504286000	-0.9978152964864748
51154849127291	left	51142521449000	-0.997677186089348
51154873016250	left	51142546224000	-0.9976748723732608
51154890843708	left	51142564863000	-0.9978633903911877
51154911102166	left	51142585112000	-0.9984135458958696
51154932421833	left	51142605181000	-0.9993531038769528
51154952772625	left	51142625392000	-0.9999874467353616
51154970800208	left	51142642828000	-0.9999874467353616
51154986076583	left	51142658393000	-0.9997790011736192
51155013404333	left	51142684337000	-0.9990022409708836
51155028613458	left	51142700932000	-0.9990022409708836
51155046845666	left	51142719145000	-0.998401209938661
51155072934125	left	51142745243000	-0.9982146052202808
51155087423000	left	51142759719000	-0.9982146052202808
51155108409375	left	51142779777000	-0.9981069603937868
51155135414416	left	51142807945000	-0.9986096510054004
51155150746750	left	51142822427000	-0.99929055174543
51155171569041	left	51142843794000	-0.9998677329919736
51155189518500	left	51142861824000	-0.9994535978114114
51155213850583	left	51142885744000	-0.9986804796537928
51155232175708	left	51142904494000	-0.998206501091946
51155247391958	left	51142920634000	-0.9977420848039492
51155271540250	left	51142945337000	-0.9973353355080152
51155289726208	left	51142964171000	-0.9973353355080152
51155313887666	left	51142985756000	-0.997054319305088
51155325981208	left	51142998371000	-0.997054319305088
51155347136541	left	51143019500000	-0.9974890932428347
51155368339833	left	51143040210000	-0.9980637116600012
51155388569708	left	51143060917000	-0.9980637116600012
51155406726125	left	51143079256000	-0.9999116395263254
51155430946500	left	51143104647000	-0.9996969845792794
51155452262375	left	51143124847000	-0.9992501164796864
51155473439041	left	51143144469000	-0.9987024066086124
51155491761250	left	51143164089000	-0.9987024066086124
51155512126791	left	51143184427000	-0.99797976484397
51155527375625	left	51143199705000	-0.99797976484397
51155548156125	left	51143220473000	-0.9977829574906836
51155575340000	left	51143247221000	-0.9978030434154336
51155593062625	left	51143263662000	-0.998174722341185
51155614057125	left	51143283372000	-0.9987869818163948
51155628369291	left	51143300659000	-0.9987869818163948
51155654260250	left	51143327539000	-0.999786285642304
51155666351083	left	51143339993000	-0.9989858489003404
51155684589541	left	51143358866000	-0.9989858489003404
51155708906291	left	51143381246000	-0.997976760995745
51155730188916	left	51143402866000	-0.997976760995745
51155754558708	left	51143426145000	-0.9972070804957476
51155766662458	left	51143438972000	-0.9972070804957476
51155797158291	left	51143468020000	-0.9970264804698958
51155808715208	left	51143481033000	-0.9971851645581178
51155832510625	left	51143505439000	-0.9975789726288852
51155850687125	left	51143524389000	-0.9983376720247914
51155871897791	left	51143546028000	-0.9993974856751064
51155890135500	left	51143564565000	-0.9999643285511992
51155911390416	left	51143584695000	-0.999793475396506
51155929641708	left	51143603334000	-0.9994447457692568
51155950881333	left	51143625117000	-0.9990610919391728
51155972130458	left	51143645283000	-0.9987457426474902
51155988743291	left	51143661067000	-0.9987457426474902
51156010093291	left	51143680841000	-0.9983421186350838
51156028426000	left	51143699958000	-0.9983421186350838
51156045962541	left	51143719966000	-0.9985306264269118
51156072907166	left	51143745345000	-0.9985306264269118
51156088143916	left	51143760464000	-0.9996847276958036
51156114852041	left	51143786760000	-0.9997716045927714
51156127116708	left	51143799461000	-0.9997716045927714
51156147884250	left	51143819220000	-0.9989052326332972
51156168352625	left	51143841121000	-0.9980972526595112
51156192812583	left	51143865401000	-0.9978181687881716
51156210291833	left	51143882611000	-0.9978181687881716
51156228325166	left	51143900644000	-0.9974048628894232
51156249462208	left	51143921989000	-0.9973685649433588
51156272004916	left	51143944133000	-0.997477472792366
51156292988833	left	51143965296000	-0.9978751088843942
51156310561666	left	51143980503000	-0.9978751088843942
51156327270250	left	51143999581000	-0.9996859555910208
51156351143458	left	51144023449000	-0.9996859555910208
51156369079041	left	51144041075000	-0.9995481160830896
51156393133416	left	51144065450000	-0.9992416104563168
51156408247125	left	51144080541000	-0.998922573943342
51156435146791	left	51144107415000	-0.9986591015702132
51156450433000	left	51144122713000	-0.9986591015702132
51156468442291	left	51144140779000	-0.9984089101283982
51156486182208	left	51144158769000	-0.9982295827092278
51156512120833	left	51144184228000	-0.998344399868884
51156526590708	left	51144198905000	-0.998344399868884
51156553240250	left	51144225492000	-0.9995877875915706
51156568673875	left	51144240971000	-0.99979671451511
51156593133125	left	51144266408000	-0.9990155675506244
51156608253541	left	51144280625000	-0.9984323887298752
51156625546250	left	51144299298000	-0.9979455188719736
51156655104041	left	51144328221000	-0.997482531783296
51156669766166	left	51144343679000	-0.997482531783296
51156687910416	left	51144360675000	-0.9970245575920132
51156708400125	left	51144380638000	-0.9970245575920132
51156729703875	left	51144402657000	-0.99723499186845
51156753989583	left	51144425929000	-0.9976040346056044
51156772185958	left	51144444460000	-0.9976040346056044
51156793471041	left	51144465984000	-0.9994785865761896
51156811759833	left	51144484541000	-0.9999176885177352
51156832970541	left	51144504688000	-0.9996948208986308
51156851164833	left	51144524773000	-0.9992932742591571
51156871597416	left	51144545094000	-0.998872938760473
51156889741500	left	51144564067000	-0.99854125346161
51156914056916	left	51144585829000	-0.99829214914235
51156932331250	left	51144604693000	-0.9981260067884428
51156947438208	left	51144620738000	-0.9980804620879752
51156968735250	left	51144640659000	-0.9980804620879752
51156989853958	left	51144662362000	-0.9987755881764612
51157008269458	left	51144680267000	-0.9987755881764612
51157026578000	left	51144698882000	-0.9997666169891154
51157054019375	left	51144726342000	-0.9989616472882316
51157071815208	left	51144744214000	-0.9983429937390916
51157088779625	left	51144761099000	-0.997841895114862
51157107062333	pause2	51144779406000	-0.997841895114862
51157130651000	pause2	51144801756000	-0.9973731752051218
51157149077041	pause2	51144821370000	-0.9970278952528766
51157173579500	pause2	51144845892000	-0.9969079147527948
51157188867375	pause2	51144861981000	-0.9970829894806348
51157209318250	pause2	51144880873000	-0.9974046136979164
51157232680291	pause2	51144905829000	-0.998052510852152
51157254133416	pause2	51144924862000	-0.9990609167320084
51157269412750	pause2	51144941558000	-0.9998877644653448
51157289937916	pause2	51144962596000	-0.9998555546992992
51157311376958	pause2	51144982863000	-0.9998555546992992
51157328904291	pause2	51144999843000	-0.999576387086328
51157349515583	pause2	51145020976000	-0.9992042109583362
51157368152750	pause2	51145040523000	-0.998693705007244
51157392515916	pause2	51145064843000	-0.9985612176920636
51157410787791	pause2	51145084177000	-0.9985011228367856
51157431054208	pause2	51145103926000	-0.9985011228367856
51157454471583	pause2	51145125163000	-0.9989052219026828
51157469784041	pause2	51145142070000	-0.9994524471044782
51157488087916	pause2	51145160425000	-0.9994524471044782
51157508898875	pause2	51145178939000	-0.9991544399235286
51157530000958	pause2	51145202292000	-0.9985796085736214
51157547806291	pause2	51145220110000	-0.9982069719024046
51157571935875	pause2	51145243264000	-0.9978415514065756
51157587270541	pause2	51145259902000	-0.9978415514065756
51157610940666	pause2	51145282208000	-0.9974904117181624
51157628913291	pause2	51145301210000	-0.9975625282495244
51157647252333	pause2	51145319600000	-0.9977597311435864
51157674343875	pause2	51145346163000	-0.9982271732273252
51157688743708	pause2	51145361054000	-0.999018691292499
51157712743500	pause2	51145385902000	-0.9998326056460278
51157727677916	pause2	51145399183000	-0.9998326056460278
51157748934708	pause2	51145421268000	-0.9998208904811016
51157773239791	pause2	51145447501000	-0.9995905250174316
51157791448375	pause2	51145464603000	-0.999277608908109
51157812726875	pause2	51145484735000	-0.9989353287120704
51157833673125	pause2	51145504943000	-0.99872247025946
51157845853625	pause2	51145519139000	-0.9987687258489674
51157873028208	pause2	51145546056000	-0.9991243918254474
51157891279083	pause2	51145563787000	-0.9996085605796758
51157909479125	pause2	51145581077000	-0.999813981853681
51157930733166	pause2	51145604749000	-0.9998441190541986
51157949106416	pause2	51145622743000	-0.9998441190541986
51157970370958	pause2	51145642046000	-0.9998260879094464
51157988464541	pause2	51145660802000	-0.9998379677006284
51158012543708	pause2	51145684876000	-0.9998704026963208
51158027531208	pause2	51145698845000	-0.9999156077885646
51158051841625	pause2	51145724174000	-0.9999546094809214
51158066633416	pause2	51145738951000	-0.9999546094809214
51158092881625	pause2	51145765207000	-0.9999837370351252
51158112539916	pause2	51145784674000	-0.9999873923188796
51158127350958	pause2	51145800119000	-0.999988190075328
51158147915541	pause2	51145820203000	-0.999988190075328
51158171233291	pause2	51145842887000	-0.9999876466453896
51158186466375	pause2	51145859024000	-0.9999879955491028
51158210860125	pause2	51145883180000	-0.9999891564200684
51158231868458	pause2	51145901381000	-0.9999904696765404
51158249821791	pause2	51145920927000	-0.9999904696765404
51158271274666	pause2	51145942416000	-0.9999926277494458
51158288047625	pause2	51145961519000	-0.9999926277494458
51158306196500	pause2	51145978569000	-0.9999932995730192
51158333292041	pause2	51146005453000	-0.9999939922021326
51158345103416	pause2	51146018313000	-0.9999942087093362
51158375516875	pause2	51146046802000	-0.9999945045894268
51158390332625	pause2	51146063238000	-0.9999947416095302
51158408617458	pause2	51146081314000	-0.999994815874486
51158432570708	pause2	51146104877000	-0.9999950585217902
51158450184791	pause2	51146122005000	-0.9999950450569768
51158468465791	pause2	51146140041000	-0.9999950450569768
51158486513458	pause2	51146158838000	-0.9999950398219682
51158507067500	pause2	51146179391000	-0.9999952102820082
51158530547375	pause2	51146201163000	-0.9999952768158924
51158548068750	pause2	51146219913000	-0.9999951989797174
51158566419416	pause2	51146238735000	-0.999995356831492
51158593456791	pause2	51146264443000	-0.999995356831492
51158608694791	pause2	51146279897000	-0.9999950440230688
51158634756541	pause2	51146305796000	-0.9999950632933172
51158653121625	pause2	51146325094000	-0.9999951589532938
51158674596333	pause2	51146344731000	-0.9999950612794508
51158689985125	pause2	51146362305000	-0.999994819454924
51158714530708	pause2	51146386369000	-0.9999947532750556
51158726505833	pause2	51146398823000	-0.9999947532750556
51158750893208	pause2	51146423211000	-0.9999947774967466
51158768678500	pause2	51146441022000	-0.9999947774967466
51158795242791	pause2	51146467088000	-0.999994377611974
51158810466125	pause2	51146484427000	-0.999994212359508
51158831715375	pause2	51146506020000	-0.999994125220177
51158846477708	pause2	51146519446000	-0.9999941104281274
51158867703041	pause2	51146541533000	-0.9999941227982626
51158888962416	pause2	51146561310000	-0.999994101784418
51158910229833	pause2	51146584057000	-0.9999939379303192
51158925466000	pause2	51146599655000	-0.9999939379303192
51158955243458	pause2	51146627491000	-0.9999935643113018
51158967488166	pause2	51146639808000	-0.9999935429565884
51158991097500	pause2	51146660388000	-0.9999935677303956
51159006356000	pause2	51146678694000	-0.9999935772644226
51159030182500	pause2	51146702515000	-0.9999935772644226
51159053879708	pause2	51146726206000	-0.999993536816227
51159071772916	pause2	51146744131000	-0.9999932659385428
51159087091791	pause2	51146759352000	-0.9999929459138344
51159108415750	pause2	51146779716000	-0.999992802489588
51159129731375	pause2	51146802055000	-0.9999927522502994
51159147877291	pause2	51146819341000	-0.999992719648165
51159172135208	pause2	51146843705000	-0.999992719648165
51159187455125	pause2	51146859789000	-0.9999926984377792
51159214489958	pause2	51146886139000	-0.9999926515981324
51159228790791	pause2	51146901805000	-0.9999926515981324
51159249926958	pause2	51146920693000	-0.9999925987898554
51159271311375	pause2	51146941284000	-0.9999925532282252
51159295672333	pause2	51146965318000	-0.9999924105039348
51159310255458	pause2	51146983202000	-0.999992337301139
51159325500458	pause2	51146999154000	-0.999992337301139
51159348453750	pause2	51147021075000	-0.999992247689702
51159372653416	pause2	51147046209000	-0.9999920766887512
51159390913666	pause2	51147064789000	-0.9999920099317916
51159411764916	pause2	51147084525000	-0.9999919069912536
51159426973875	pause2	51147099315000	-0.9999918311564598
51159448199458	pause2	51147122204000	-0.9999918311564598
51159472449791	pause2	51147145626000	-0.9999916287722368
51159490672541	pause2	51147164291000	-0.9999914670137582
51159508982250	pause2	51147180090000	-0.9999914670137582
51159533317791	pause2	51147205531000	-0.99999126354149
51159551576541	pause2	51147222408000	-0.999991145488608
51159566006500	pause2	51147238330000	-0.999991145488608
51159593525625	pause2	51147265917000	-0.999990994396136
51159607986208	pause2	51147280147000	-0.999990994396136
51159628420541	pause2	51147299604000	-0.9999909370204484
51159654531791	pause2	51147326381000	-0.999990820291146
51159669801416	pause2	51147342145000	-0.9999907656865844
51159687818250	pause2	51147360146000	-0.9999906909995526
51159706064291	pause2	51147378406000	-0.9999906909995526
51159736597708	pause2	51147407018000	-0.9999905768151932
51159748192458	pause2	51147421404000	-0.9999904875139936
51159772369708	pause2	51147444503000	-0.9999904245853106
51159787645250	pause2	51147460598000	-0.9999904245853106
51159808717583	pause2	51147481050000	-0.9999903572921156
51159829770583	pause2	51147500848000	-0.999990264520638
51159847991041	pause2	51147520338000	-0.9999902014020956
51159869319041	pause2	51147541582000	-0.999990185594257
51159887473833	pause2	51147561776000	-0.9999901473797692
51159914785541	pause2	51147586362000	-0.999990084657721
51159932999208	pause2	51147604932000	-0.9999900348778372
51159951288291	pause2	51147625005000	-0.9999899993414966
51159969037750	pause2	51147642400000	-0.9999899993414966
51159986892750	pause2	51147658848000	-0.9999899274721354
51160010163208	pause2	51147682507000	-0.9999898159424548
51160034466500	pause2	51147706596000	-0.9999897698976936
51160052751750	pause2	51147722048000	-0.9999897698976936
51160072843166	pause2	51147745176000	-0.9999896398923356
51160088073708	pause2	51147760357000	-0.9999895033032876
51160114217708	right	51147786525000	-0.9999894002663924
51160129475125	right	51147800363000	-0.9999899832035556
51160150239916	right	51147821533000	-0.9999917342837296
51160174210250	right	51147846645000	-0.9999954042059837
51160189492333	right	51147861822000	-0.9999982525783732
51160207902208	right	51147878720000	-0.9999970774458828
51160226224166	right	51147898547000	-0.9999970774458828
51160249881291	right	51147922225000	-0.9999741077279346
51160268195250	right	51147940530000	-0.9999547065129568
51160289642416	right	51147961975000	-0.9999336239210808
51160313605875	right	51147985999000	-0.9999115491575006
51160328922500	right	51148001234000	-0.9999115491575006
51160349487833	right	51148020869000	-0.9998765688378156
51160367812708	right	51148039919000	-0.999860629628964
51160388759375	right	51148061173000	-0.999845753646722
51160409898583	right	51148083088000	-0.999845753646722
51160434041625	right	51148106195000	-0.9997287447649011
51160452318166	right	51148124691000	-0.9995668315797768
51160467504958	right	51148140190000	-0.9995668315797768
51160491788125	right	51148163867000	-0.999016649299046
51160506075208	right	51148178401000	-0.999016649299046
51160527338666	right	51148199684000	-0.9987529280694312
51160551616208	right	51148223368000	-0.9988538624322438
51160566010166	right	51148239752000	-0.9988538624322438
51160595221375	right	51148267522000	-0.9991562704230528
51160610622083	right	51148283909000	-0.9993701415928836
51160628828375	right	51148301171000	-0.9993701415928836
51160653179416	right	51148326045000	-0.9998786687638512
51160668068791	right	51148340301000	-0.9992947631029092
51160689082458	right	51148361382000	-0.9992947631029092
51160713189750	right	51148386820000	-0.9982993541863506
51160730621041	right	51148402098000	-0.99803913843922
51160754712041	right	51148425802000	-0.9979281994131156
51160768858291	right	51148440845000	-0.9979281994131156
51160786938375	right	51148460887000	-0.998029990086613
51160816388833	right	51148487454000	-0.9981917076256276
51160831370625	right	51148503903000	-0.9984390241325344
51160846791750	right	51148518238000	-0.9984390241325344
51160868001916	right	51148540383000	-0.9988960695109314
51160888635916	right	51148562744000	-0.9999692646636376
51160912955125	right	51148585964000	-0.9993751277837276
51160931134416	right	51148604534000	-0.9987182938728428
51160952338416	right	51148626005000	-0.998095335759456
51160970512500	right	51148644647000	-0.997582126380748
51160988712750	right	51148661911000	-0.9972770189554686
51161007054708	right	51148679525000	-0.9972770189554686
51161028148333	right	51148700495000	-0.9971679496133586
51161046411166	right	51148718739000	-0.9971679496133586
51161078971833	right	51148748373000	-0.997341738670567
51161091114333	right	51148763126000	-0.9976566339288704
51161108488958	right	51148780695000	-0.9976566339288704
51161126177000	right	51148799241000	-0.9995825337929604
51161149954666	right	51148822611000	-0.999576168219804
51161167013916	right	51148839340000	-0.999576168219804
51161192587958	right	51148864925000	-0.9988070684829232
51161207841208	right	51148880193000	-0.9988070684829232
51161231910583	right	51148905543000	-0.9984880634125872
51161252512791	right	51148923835000	-0.9984880634125872
51161267755458	right	51148940073000	-0.9984733346645076
51161287627333	right	51148960404000	-0.9984733346645076
51161312317583	right	51148984971000	-0.9986356402230498
51161329747458	right	51149002086000	-0.9990437427304228
51161347663333	right	51149020873000	-0.9990437427304228
51161372025250	right	51149042701000	-0.9998938563231876
51161392947416	right	51149064675000	-0.9994607140779866
51161407866500	right	51149079877000	-0.9990472260493548
51161428832625	right	51149101442000	-0.9986810816743704
51161450062291	right	51149122354000	-0.998406630261856
51161471393875	right	51149143717000	-0.9982758269450912
51161485931875	right	51149158277000	-0.9982076394149272
51161507071333	right	51149179390000	-0.9982076394149272
51161533956458	right	51149207856000	-0.9982331344344744
51161549242375	right	51149221610000	-0.9984836202407724
51161570753333	right	51149243018000	-0.9984836202407724
51161591812916	right	51149264824000	-0.9998404154362108
51161610318708	right	51149282616000	-0.9994310169560452
51161630974541	right	51149303303000	-0.9988244486783772
51161651963791	right	51149324659000	-0.99837620690283
51161667193000	right	51149339537000	-0.99837620690283
51161691286500	right	51149363208000	-0.9980613812407052
51161709119333	right	51149380715000	-0.9979230238893464
51161730662625	right	51149403329000	-0.9979069510936426
51161751281666	right	51149420669000	-0.9980140978033644
51161771902375	right	51149442904000	-0.9982472317512212
51161792433250	right	51149465410000	-0.9987876412125316
51161810765666	right	51149480008000	-0.9987876412125316
51161825769416	right	51149498457000	-0.9999397031805906
51161847038625	right	51149520692000	-0.9999397031805906
51161874385833	right	51149546378000	-0.9993157281209404
51161886589208	right	51149558919000	-0.9993157281209404
51161913489416	right	51149587053000	-0.9989227928843146
51161931651166	right	51149604546000	-0.9988138535698092
51161946822375	right	51149619540000	-0.9988138535698092
51161974146083	right	51149648524000	-0.9985971923534994
51161992333291	right	51149664056000	-0.998563413298925
51162010539291	right	51149682685000	-0.998563413298925
51162031795375	right	51149705840000	-0.9994537187634308
51162052920291	right	51149724617000	-0.9999108838063324
51162067802666	right	51149740919000	-0.9993874066722628
51162092125875	right	51149763303000	-0.9988235510484148
51162110045958	right	51149783282000	-0.99842567292113
51162128092291	right	51149800412000	-0.9981584690843436
51162152441041	right	51149824378000	-0.9981584690843436
51162167495500	right	51149839849000	-0.9980037675627886
51162193946583	right	51149867940000	-0.9979430775639792
51162209169375	right	51149880262000	-0.9980586398794088
51162233005041	right	51149905286000	-0.9983088021904788
51162248222250	right	51149919293000	-0.9988501603984856
51162272105666	right	51149944541000	-0.999632064365248
51162289952958	right	51149962794000	-0.9999821760224026
51162311358708	right	51149982689000	-0.9996252199045812
51162331420666	right	51150004124000	-0.9992320687882884
51162351898375	right	51150023191000	-0.9989153359611984
51162370295625	right	51150042593000	-0.998726766360376
51162388484833	right	51150060805000	-0.998726766360376
51162409267291	right	51150081620000	-0.9986230961946828
51162434700125	right	51150106068000	-0.998598498921604
51162446924416	right	51150120123000	-0.998708196991474
51162471039916	right	51150143380000	-0.998708196991474
51162485854750	right	51150158202000	-0.9997758785758452
51162512390541	right	51150185683000	-0.9995148582738788
51162530521625	right	51150202819000	-0.9987532937396734
51162548692041	right	51150221088000	-0.9987532937396734
51162569855500	right	51150243303000	-0.9979314050077474
51162591025416	right	51150263510000	-0.997751446714332
51162606196750	right	51150279438000	-0.997751446714332
51162627418041	right	51150299755000	-0.9976890089091064
51162651291458	right	51150322777000	-0.997769384655192
51162669537250	right	51150341891000	-0.9979082140197638
51162693886750	right	51150365841000	-0.9982677149281376
51162712180958	right	51150381387000	-0.9990058145971208
51162732818458	right	51150405521000	-0.999835447777108
51162748131666	right	51150420480000	-0.9999183391372528
51162769536000	right	51150440340000	-0.9996109813166776
51162790927916	right	51150461709000	-0.9992773985718908
51162809713125	right	51150481056000	-0.9992773985718908
51162827688625	right	51150500507000	-0.9990329617088
51162854647208	right	51150526998000	-0.9988590802388178
51162869834333	right	51150543392000	-0.9988590802388178
51162888041833	right	51150562237000	-0.9988904154514738
51162906261583	right	51150578856000	-0.9990300230568716
51162933563583	right	51150605720000	-0.9995018443614524
51162945746166	right	51150618553000	-0.9995018443614524
51162969994833	right	51150641682000	-0.999882028383178
51162988243291	right	51150660609000	-0.9987432214089812
51163012482083	right	51150684531000	-0.9987432214089812
51163027658791	right	51150701545000	-0.9985080943216283
51163051973208	right	51150724280000	-0.9984894956345588
51163067161000	right	51150739559000	-0.9984894956345588
51163087505000	right	51150759862000	-0.9985422784774584
51163116805375	right	51150787552000	-0.9986177546276224
51163125921125	right	51150799585000	-0.9986177546276224
51163150401583	right	51150822089000	-0.9995443890097682
51163168130291	right	51150840422000	-0.9999589925197068
51163194612250	right	51150866866000	-0.9996683280771106
51163208852208	right	51150881215000	-0.9996683280771106
51163227106250	right	51150899456000	-0.9988163148603494
51163250966000	right	51150923283000	-0.9988163148603494
51163272267250	right	51150944614000	-0.9985636254200252
51163289956208	right	51150962896000	-0.9986073695310536
51163307510833	right	51150979840000	-0.9986073695310536
51163334706083	right	51151006761000	-0.9986233985362958
51163350051791	right	51151021739000	-0.9986233985362958
51163371479375	right	51151040766000	-0.9993907701552438
51163389153041	right	51151061453000	-0.9998673794392958
51163410051750	right	51151080147000	-0.9993898287162528
51163436809333	right	51151107565000	-0.998673919148552
51163449059666	right	51151122291000	-0.9981824684533523
51163472884000	right	51151145216000	-0.9978525895482708
51163488132125	right	51151161374000	-0.9976922631447208
51163515498750	right	51151186711000	-0.997645964115689
51163527995166	right	51151199811000	-0.9976489102147652
51163546334125	right	51151218815000	-0.997713735816061
51163568158833	right	51151240507000	-0.997713735816061
51163592597375	right	51151263372000	-0.9985189909497724
51163612719166	right	51151283912000	-0.9993569854815136
51163627991166	right	51151300322000	-0.9993569854815136
51163649270625	right	51151321605000	-0.999703484165423
51163667433250	right	51151339769000	-0.999703484165423
51163691914000	right	51151364207000	-0.9989738662582482
51163707079500	right	51151379415000	-0.9989738662582482
51163730960625	right	51151403305000	-0.99863808736457
51163754937833	right	51151425855000	-0.9986412819455652
51163769963833	right	51151442875000	-0.9986424932352322
51163791341166	right	51151463724000	-0.9986728265946088
51163812121416	right	51151481967000	-0.9986728265946088
51163827464041	right	51151499799000	-0.9989752383393208
51163850858375	right	51151523180000	-0.999802266473135
51163869513833	right	51151541258000	-0.99929217755031
51163893739833	right	51151565715000	-0.9989352518642518
51163911927875	right	51151583881000	-0.9986819215719432
51163930080166	right	51151604041000	-0.9985298060873584
51163947883083	right	51151620672000	-0.9985298060873584
51163968508708	right	51151640903000	-0.9984806673143132
51163986835750	right	51151660449000	-0.9985537492453797
51164013651083	right	51151684958000	-0.9986948801391772
51164033888625	right	51151705608000	-0.9990770808034406
51164046041333	right	51151719724000	-0.9990770808034406
51164073351166	right	51151747400000	-0.9998813711828124
51164091688625	right	51151764586000	-0.999389469660123
51164113035041	right	51151784705000	-0.9989439412418416
51164133351750	right	51151805359000	-0.9985657694516576
51164147983791	right	51151820400000	-0.9985657694516576
51164175344041	right	51151848035000	-0.9981869113965324
51164190501208	right	51151863657000	-0.9981869113965324
51164208159666	right	51151880558000	-0.998121516796969
51164226182625	right	51151898578000	-0.998121516796969
51164246838458	right	51151920715000	-0.9984251272964264
51164273532000	right	51151945555000	-0.9991023369172553
51164287089625	right	51151959449000	-0.9991023369172553
51164308392916	right	51151980109000	-0.9994856944046602
51164326622083	right	51151999007000	-0.9994856944046602
51164353318916	right	51152025680000	-0.998787700350736
51164368143916	right	51152040457000	-0.998787700350736
51164389379250	right	51152061751000	-0.9987231815157536
51164413814000	right	51152086194000	-0.9987744089155786
51164428471125	right	51152099570000	-0.9987744089155786
51164448939375	right	51152121285000	-0.9987718401144208
51164470377500	right	51152142816000	-0.99915833980688
51164491162916	right	51152163515000	-0.999639143672695
51164512047666	right	51152184406000	-0.9999642558378526
51164532667250	right	51152205040000	-0.9995284804112126
51164547831250	right	51152220229000	-0.9995284804112126
51164568361625	right	51152240683000	-0.998584193450888
51164589230416	right	51152261566000	-0.9983589909171342
51164615819458	right	51152287052000	-0.9982784746271224
51164628058791	right	51152299860000	-0.998307639955464
51164652490916	right	51152325081000	-0.9983657560501138
51164670834416	right	51152342499000	-0.9984283435263728
51164688470125	right	51152360599000	-0.9984283435263728
51164706754458	right	51152379104000	-0.9994271929837272
51164727126000	right	51152398810000	-0.9998909136631672
51164756696708	right	51152426951000	-0.99937641953554
51164768637125	right	51152441335000	-0.9987756255472062
51164789791500	right	51152462512000	-0.9987756255472062
51164814299125	right	51152485980000	-0.9979978453022416
51164826538500	right	51152498897000	-0.9979978453022416
51164851094750	right	51152523401000	-0.997807344823709
51164872167666	right	51152545755000	-0.9978567798774796
51164887058583	right	51152559371000	-0.9978567798774796
51164908368208	right	51152580177000	-0.9979331434970105
51164929260791	right	51152601647000	-0.9987520548897072
51164947302625	right	51152618799000	-0.9987520548897072
51164974309416	right	51152646357000	-0.9998952458064676
51164989596708	right	51152661960000	-0.9996091402189252
51165004906375	right	51152678732000	-0.9993087629165872
51165025728833	right	51152699452000	-0.9993087629165872
51165048505458	right	51152722298000	-0.998842214410599
51165069084583	right	51152741443000	-0.998773524892438
51165084343458	right	51152758372000	-0.998773524892438
51165111651375	right	51152785198000	-0.9987170083571922
51165129885166	right	51152801775000	-0.9987170083571922
51165148117250	right	51152821251000	-0.9988996671968796
51165173930375	right	51152847425000	-0.999863098940923
51165189292916	right	51152861642000	-0.999863098940923
51165210561416	right	51152882888000	-0.9990056961581332
51165232605208	right	51152905338000	-0.9988117711423607
51165254000208	right	51152924632000	-0.9987046040648048
51165266170333	right	51152939066000	-0.9987046040648048
51165292981916	right	51152965335000	-0.9986845433844396
51165313887541	right	51152984691000	-0.9987240098310874
51165325809625	right	51152999769000	-0.9987240098310874
51165352742791	right	51153025501000	-0.998971923465812
51165367986750	right	51153040337000	-0.998971923465812
51165392001458	right	51153065556000	-0.9999630585385022
51165406866041	right	51153079212000	-0.9999630585385022
51165430177166	right	51153102453000	-0.9993008408304194
51165454370333	right	51153125995000	-0.9990640353430597
51165469460708	right	51153142126000	-0.9988638208722482
51165493728291	right	51153166811000	-0.998732991693357
51165511843666	right	51153183856000	-0.998732991693357
51165526923916	right	51153199338000	-0.9986285731085024
51165551099541	right	51153224278000	-0.9985332164222857
51165572263750	right	51153244232000	-0.9986887064182416
51165587432416	right	51153259784000	-0.9992481230686234
51165611679541	right	51153286248000	-0.9998553826392842
51165632832833	right	51153304834000	-0.9994390876797624
51165648111416	right	51153320731000	-0.9994390876797624
51165674339583	right	51153346049000	-0.998406674559209
51165688697708	right	51153361994000	-0.9982423424618004
51165712991041	right	51153384098000	-0.9981645213978024
51165728097750	right	51153400510000	-0.9981128215207076
51165752242916	right	51153426463000	-0.9980676827771912
51165767462750	right	51153439883000	-0.9980775299326212
51165791703875	right	51153465465000	-0.998272239811918
51165806815791	right	51153480513000	-0.998805368279943
51165834038250	right	51153507863000	-0.9995975647969548
51165846108000	right	51153519503000	-0.999991159592933
51165867299833	right	51153541611000	-0.9997207237656908
51165891495750	right	51153565283000	-0.9994038157966768
51165909658750	right	51153581456000	-0.9991344881086552
51165933712750	right	51153607583000	-0.9989825246140522
51165948431583	right	51153620461000	-0.9989825246140522
51165969728416	right	51153639052000	-0.9988835753921343
51165996196000	right	51153667283000	-0.9988314825728462
51166011284625	right	51153681704000	-0.9989406512930276
51166032084541	right	51153704447000	-0.9989406512930276
51166046861083	right	51153719708000	-0.9997978147605994
51166074241375	right	51153746340000	-0.9995498091656428
51166088901750	right	51153760180000	-0.9987699335440507
51166107111541	right	51153779517000	-0.998287554997418
51166128043666	right	51153800414000	-0.9979655457512424
51166152325583	right	51153824343000	-0.997775435880633
51166170551416	right	51153842970000	-0.9976851346130964
51166188791500	right	51153861170000	-0.997640724301764
51166215912875	right	51153887444000	-0.997641806566622
51166228093375	right	51153900848000	-0.9977842143911324
51166251504750	right	51153923833000	-0.9982270341566394
51166272927833	right	51153945031000	-0.999084434976675
51166288287625	right	51153959655000	-0.999084434976675
51166314723416	right	51153988027000	-0.9998723218680424
51166327153666	right	51153999520000	-0.9996365208684216
51166353925708	right	51154027616000	-0.999400870696202
51166372200708	right	51154043634000	-0.9992210202570924
51166387399375	right	51154059766000	-0.9992210202570924
51166411596916	right	51154083979000	-0.9991123989190592
51166429447458	right	51154101794000	-0.9991033715530008
51166450796458	right	51154122845000	-0.9991524376585612
51166471945291	right	51154143521000	-0.9994241640703692
51166489596791	right	51154162662000	-0.9994241640703692
51166513252208	right	51154185129000	-0.9997540137146876
51166531614458	right	51154203460000	-0.9987900432265322
51166546899833	right	51154219865000	-0.9982189170667336
51166568224708	right	51154240586000	-0.9982189170667336
51166592352333	right	51154264658000	-0.99751062444934
51166607719333	right	51154279990000	-0.99751062444934
51166628368625	right	51154301085000	-0.9974453084610224
51166652504333	right	51154326385000	-0.9975739078615572
51166670249083	right	51154341468000	-0.9977304002407594
51166686746333	right	51154359107000	-0.9977304002407594
51166713982750	right	51154386303000	-0.9987925541050064
51166732370041	right	51154403962000	-0.999609572138082
51166750665125	right	51154423041000	-0.9999128527036196
51166768971291	right	51154441315000	-0.999510115364962
51166795571250	right	51154466698000	-0.999058023694317
51166813996541	right	51154484392000	-0.998647519590361
51166832357166	right	51154504711000	-0.9983628770309452
51166853423958	right	51154525518000	-0.998223363331671
51166868814250	right	51154542499000	-0.998152958255076
51166886841916	right	51154559169000	-0.998152958255076
51166907697916	right	51154580350000	-0.9981984911141052
51166925918833	right	51154598333000	-0.9984220312949806
51166955774625	right	51154627880000	-0.9990771638170192
51166967979833	right	51154640332000	-0.9990771638170192
51166991540500	right	51154664806000	-0.9995004314685773
51167006770666	right	51154679990000	-0.9995004314685773
51167028140250	right	51154700087000	-0.998793258604578
51167052286916	right	51154723484000	-0.9986675774986464
51167073660708	right	51154745428000	-0.9986349873580928
51167091088250	right	51154763474000	-0.9986144687738
51167106343041	right	51154778670000	-0.9986144687738
51167130839666	right	51154802388000	-0.9986173728189746
51167151388166	right	51154823617000	-0.9989034119217284
51167172498500	right	51154845531000	-0.9994613833623744
51167186726541	right	51154861127000	-0.9999677947591266
51167214069958	right	51154886775000	-0.9997564352124187
51167226261458	right	51154898635000	-0.9993392345908652
51167250592791	right	51154923522000	-0.9989829811637772
51167274155666	right	51154945247000	-0.9989829811637772
51167286369875	right	51154958422000	-0.998688965542899
51167310112708	right	51154982490000	-0.9987121928171708
51167331520375	right	51155003884000	-0.9987121928171708
51167346736041	right	51155019107000	-0.998731463823155
51167373358666	right	51155043723000	-0.9990355197593388
51167388586291	right	51155060309000	-0.9990355197593388
51167409866041	right	51155082242000	-0.9998443094398396
51167431247208	right	51155103568000	-0.9989443351851442
51167446192000	right	51155118569000	-0.9989443351851442
51167472732375	right	51155145099000	-0.9977625948011382
51167491062666	right	51155164487000	-0.9975242044934782
51167509396416	right	51155180822000	-0.9974372333369248
51167530295250	right	51155203167000	-0.9974242194798246
51167554799166	right	51155225578000	-0.9974267123045728
51167568473041	right	51155238770000	-0.9974819596845278
51167595123541	right	51155267482000	-0.9977130804504204
51167613165375	right	51155283633000	-0.9982935888103674
51167628429041	right	51155300223000	-0.9982935888103674
51167654757916	right	51155327075000	-0.9999894120434673
51167670162500	right	51155342430000	-0.9996873993399558
51167694538916	right	51155366209000	-0.9992981530135798
51167712513125	right	51155383673000	-0.998937968987656
51167733936666	right	51155405586000	-0.9986822813988232
51167746127500	right	51155419740000	-0.998539910310989
51167769965708	right	51155440380000	-0.998539910310989
51167786825458	right	51155459186000	-0.9984325024803586
51167810767000	right	51155480273000	-0.9983661117482594
51167829022625	right	51155499974000	-0.9983774585082626
51167850288875	right	51155522674000	-0.9991970393588508
51167869906416	right	51155542253000	-0.9991970393588508
51167888268166	right	51155559479000	-0.9998464691554604
51167912534458	right	51155585193000	-0.9992702487633888
51167927695791	right	51155600103000	-0.9990832497068718
51167954027875	right	51155626680000	-0.9989890351427156
51167966248791	right	51155638646000	-0.9989671010080036
51167992782166	right	51155665194000	-0.9989562322893036
51168008268458	right	51155680641000	-0.998946200515806
51168029583083	right	51155702795000	-0.9990186609183606
51168053978666	right	51155725453000	-0.9992896554607128
51168069182791	right	51155741535000	-0.9997588352612862
51168087468291	right	51155759833000	-0.9999540305080952
51168111923666	right	51155784298000	-0.9999540305080952
51168130349166	right	51155802627000	-0.9991090925433116
51168147518000	right	51155820253000	-0.9991090925433116
51168171832666	right	51155841164000	-0.99871187236548
51168187131375	right	51155858502000	-0.9986594989618685
51168211357041	right	51155883724000	-0.9986594989618685
51168232500041	right	51155905532000	-0.9986151906077154
51168253699166	right	51155925599000	-0.9986151906077154
51168271855958	right	51155944155000	-0.998923382682112
51168293163750	right	51155965771000	-0.9995010345586394
51168310512916	right	51155982934000	-0.9999115085508036
51168331392041	right	51156002202000	-0.999280290687116
51168349733625	right	51156022128000	-0.998665115155814
51168371036875	right	51156042543000	-0.998665115155814
51168388233291	right	51156060609000	-0.9982085521071672
51168408958166	right	51156082493000	-0.9977741942091868
51168436465875	right	51156106102000	-0.9977691799577956
51168448794500	right	51156121133000	-0.9977691799577956
51168469829083	right	51156142221000	-0.997888181121522
51168490664833	right	51156163034000	-0.9981719428012884
51168508959583	right	51156181321000	-0.9987602021750264
51168530260583	right	51156202296000	-0.9995824970700532
51168554751375	right	51156223944000	-0.99999136636747
51168567275708	right	51156239618000	-0.99999136636747
51168591201416	right	51156263549000	-0.9990759671227414
51168606952833	right	51156279273000	-0.9990759671227414
51168627945083	right	51156300271000	-0.998570143095848
51168652060916	right	51156324328000	-0.998570143095848
51168670478791	right	51156341957000	-0.9984234742198532
51168688875291	right	51156361221000	-0.9984277264491022
51168712686708	right	51156382983000	-0.9984256089834576
51168730996333	right	51156402814000	-0.9984256089834576
51168755356000	right	51156426627000	-0.9991998535237566
51168767397041	right	51156440012000	-0.9998373939664458
51168788259708	right	51156460628000	-0.9998373939664458
51168811508000	right	51156483861000	-0.9991887178236916
51168832328791	right	51156504331000	-0.9989698402404626
51168846884916	right	51156519221000	-0.998865832548288
51168871445125	right	51156544305000	-0.998865832548288
51168889589500	right	51156561718000	-0.9988393117485118
51168907670250	right	51156579988000	-0.9988549488655364
51168934992291	right	51156607492000	-0.9989575356399776
51168950189875	right	51156624367000	-0.9989575356399776
51168971421750	right	51156645792000	-0.9996769982601584
51168989640291	right	51156664339000	-0.999965978483084
51169013898458	right	51156685835000	-0.99957835943241
51169026060416	right	51156698983000	-0.99957835943241
51169050391916	right	51156722110000	-0.9986854025819126
51169071470125	right	51156743847000	-0.9984662159225453
51169092923833	right	51156765561000	-0.9983947543628096
51169107795750	right	51156780189000	-0.9984175462993352
51169137046708	right	51156807434000	-0.9984597254437538
51169149259166	right	51156821603000	-0.9984597254437538
51169170048500	right	51156842293000	-0.998510061254324
51169189964541	right	51156862321000	-0.9987095809893908
51169212511458	right	51156884891000	-0.9998830786571744
51169230802000	right	51156903170000	-0.9993890759975028
51169251391041	right	51156925235000	-0.9985877315631192
51169266589083	right	51156938968000	-0.9985877315631192
51169290874125	right	51156963461000	-0.997524070217186
51169309097583	right	51156981149000	-0.997524070217186
51169333130375	right	51157007379000	-0.9972256328953546
51169350263125	right	51157023178000	-0.9972813599299736
51169368292958	right	51157040660000	-0.9972813599299736
51169389146000	right	51157061543000	-0.997483851891903
51169414808916	right	51157086927000	-0.997886961607475
51169430086500	right	51157101826000	-0.997886961607475
51169454560916	right	51157125903000	-0.999830883958911
51169469249250	right	51157139182000	-0.999830883958911
51169489872333	right	51157162225000	-0.999490616285564
51169514282708	right	51157186011000	-0.9992371415650316
51169529547291	right	51157201922000	-0.9992371415650316
51169547778708	right	51157220179000	-0.998824723946886
51169571869875	right	51157244251000	-0.9987246852639804
51169587129000	right	51157259665000	-0.9986544701832356
51169613846333	right	51157286209000	-0.9986000579562766
51169628467541	right	51157300815000	-0.998674495001679
51169650638500	right	51157323217000	-0.9992018506575836
51169671963750	right	51157343530000	-0.9998322590395408
51169693713666	right	51157363172000	-0.9994449628114958
51169711001041	right	51157384456000	-0.9988221723934148
51169731462625	right	51157403834000	-0.9984097277882308
51169749064375	right	51157420064000	-0.9984097277882308
51169773254833	right	51157446879000	-0.998098443301922
51169791477500	right	51157464522000	-0.9981246293034008
51169807931625	right	51157480802000	-0.9981246293034008
51169829313166	right	51157501692000	-0.9982121704845058
51169852713208	right	51157525091000	-0.9982121704845058
51169873340916	right	51157544341000	-0.9990238473868768
51169891641291	right	51157563207000	-0.9990238473868768
51169909859958	right	51157582472000	-0.999882563857892
51169934085333	right	51157605838000	-0.9993719397527594
51169952054500	right	51157624481000	-0.9989303712108945
51169967343791	right	51157638940000	-0.9989303712108945
51169996945291	right	51157668355000	-0.9982796512611988
51170012012416	right	51157683148000	-0.9981847055196896
51170027360625	right	51157699726000	-0.9981847055196896
51170050179958	right	51157722857000	-0.9981452259168134
51170068478083	right	51157740827000	-0.9981900723442688
51170088341250	right	51157761012000	-0.9985377998071652
51170115490375	right	51157786618000	-0.9991422162204144
51170127692000	right	51157799855000	-0.9991422162204144
51170154059875	right	51157826418000	-0.99948687280851
51170171782958	right	51157844457000	-0.9990615657981936
51170186718291	right	51157859088000	-0.9987752168214484
51170214229291	right	51157887177000	-0.9986144343819828
51170226435583	right	51157899287000	-0.9986144343819828
51170248643583	right	51157919466000	-0.9985580124954538
51170269525625	right	51157940069000	-0.9986247610292872
51170290691000	right	51157963450000	-0.998793900273946
51170308916083	right	51157981314000	-0.998793900273946
51170327151333	right	51157999575000	-0.9991398486491808
51170351475750	right	51158023459000	-0.9999651579439433
51170372792125	right	51158045282000	-0.9994785220674324
51170387990500	right	51158060935000	-0.9989562087057244
51170409407833	right	51158081359000	-0.9984721256779392
51170433021083	right	51158106664000	-0.9981209515057172
51170448067000	right	51158119644000	-0.9979395607843928
51170471572958	right	51158143923000	-0.9978818216189568
51170489860125	right	51158160994000	-0.997862377580863
51170507876375	right	51158179411000	-0.997862377580863
51170532188916	right	51158204563000	-0.99802590895482
51170549797041	right	51158221092000	-0.99802590895482
51170570942750	right	51158243604000	-0.9995094271780268
51170588848375	right	51158262052000	-0.9995094271780268
51170609500458	right	51158281868000	-0.9996888670410112
51170633828291	right	51158306157000	-0.9988570596388624
51170651413000	right	51158323810000	-0.9988570596388624
51170672376166	right	51158344707000	-0.9987077768264094
51170687659458	right	51158359898000	-0.9987071898053445
51170705457000	right	51158378670000	-0.9987071898053445
51170731982250	right	51158404172000	-0.9986652044651034
51170746514125	right	51158418900000	-0.9986487887856436
51170767475833	right	51158439844000	-0.9991213923567318
51170788863708	right	51158461238000	-0.9996820744869108
51170809704125	right	51158480304000	-0.9996820744869108
51170834091333	right	51158505773000	-0.9995873191746932
51170852488625	right	51158523112000	-0.9991989855755274
51170867718916	right	51158540671000	-0.998862795008605
51170892139666	right	51158564497000	-0.998862795008605
51170906948125	right	51158579954000	-0.9986233744073614
51170933365250	right	51158604174000	-0.9985632937178696
51170948612916	right	51158620998000	-0.9985632937178696
51170972748833	right	51158643946000	-0.9987297781823128
51170993478541	right	51158664711000	-0.998915872735155
51171008755041	right	51158679395000	-0.998915872735155
51171026771458	right	51158698801000	-0.9998414349373016
51171053297375	right	51158725681000	-0.9991743102810516
51171067596500	right	51158741034000	-0.9986369268624484
51171088685208	right	51158761714000	-0.9982801306905016
51171112822500	right	51158786590000	-0.9980571568421368
51171131024000	right	51158805155000	-0.9979469774138026
51171152186041	right	51158825107000	-0.9978977089996492
51171170335375	right	51158842457000	-0.9978977089996492
51171194068125	right	51158867007000	-0.9979546531475372
51171209044208	right	51158881465000	-0.9979546531475372
51171233237083	right	51158906096000	-0.9990142340050164
51171251525000	right	51158924762000	-0.9997586826392828
51171271645791	right	51158943921000	-0.999889230455753
51171287003791	right	51158960100000	-0.999889230455753
51171311149500	right	51158983326000	-0.998945894311736
51171328662500	right	51159000428000	-0.9986832674913372
51171349262875	right	51159021582000	-0.998468739421841
51171372538541	right	51159044887000	-0.9983348760080644
51171390059375	right	51159062463000	-0.9982426907214444
51171408256541	right	51159082018000	-0.998144387384503
51171432431750	right	51159106711000	-0.9981028325295426
51171450419875	right	51159123792000	-0.9982721970449664
51171471650750	right	51159145619000	-0.998941852776768
51171492256166	right	51159164349000	-0.9997476965724584
51171515283333	right	51159186162000	-0.9996029479448514
51171529742791	right	51159203586000	-0.999185863350498
51171547719083	right	51159220112000	-0.998863683916923
51171572272750	right	51159244449000	-0.9986574838175156
51171587108208	right	51159259476000	-0.9986574838175156
51171610397250	right	51159282760000	-0.9985562647288618
51171632932541	right	51159305297000	-0.998701991374155
51171647425666	right	51159319805000	-0.998701991374155
51171668729041	right	51159339440000	-0.9988311631827814
51171695182791	right	51159366411000	-0.9995296007054836
51171707392250	right	51159380020000	-0.9999608026559788
51171728719791	right	51159399612000	-0.9997143108290516
51171752568083	right	51159424926000	-0.9997143108290516
51171770445083	right	51159442830000	-0.9987224648032694
51171788831000	right	51159461162000	-0.9984317166212676
51171816411875	right	51159486473000	-0.998235460056935
51171831136875	right	51159503499000	-0.9981692309577012
51171855276708	right	51159525975000	-0.9981546571637976
51171867449000	right	51159539575000	-0.9981546571637976
51171890602291	right	51159562989000	-0.998234012670685
51171908796625	right	51159581233000	-0.9985842596945356
51171930080208	right	51159601678000	-0.9985842596945356
51171954200500	right	51159626436000	-0.99979517726816
51171971580375	right	51159643968000	-0.9989810356309582
51171988897916	right	51159659702000	-0.9983655921864576
51172009697125	right	51159681858000	-0.997916547617963
51172033980416	right	51159706046000	-0.9976580334910614
51172046142125	right	51159719217000	-0.9976580334910614
51172066508291	right	51159739233000	-0.9975501080963406
51172091001708	right	51159763368000	-0.9977984689103072
51172108916125	right	51159781290000	-0.9977984689103072
51172126391875	right	51159799639000	-0.9979604440128838
51172153827750	right	51159826224000	-0.9987082203095066
51172172087583	right	51159844066000	-0.9987082203095066
51172187304208	right	51159859697000	-0.9999614230829004
51172207932291	right	51159879441000	-0.999652306710948
51172235197750	right	51159907573000	-0.999311430490679
51172247463250	right	51159919835000	-0.9989854923632344
51172268792458	right	51159940485000	-0.9989854923632344
51172293259958	right	51159965660000	-0.9986810033672208
51172308727000	right	51159980532000	-0.9986810033672208
51172329438291	right	51160002608000	-0.9986865274829168
51172352304208	right	51160024659000	-0.998745656363654
51172367732791	right	51160039968000	-0.998745656363654
51172394161250	right	51160067418000	-0.9996155499506576
51172408489458	right	51160080884000	-0.9998772773734964
51172432811625	right	51160106902000	-0.9993703102093074
51172450502791	right	51160123985000	-0.9989273189736206
51172473912750	right	51160145672000	-0.9986307568243444
51172492153083	right	51160163251000	-0.9984371890713594
51172509162000	right	51160180332000	-0.998324245443296
51172533526083	right	51160205917000	-0.9982503845340416
51172548253583	right	51160220633000	-0.99821200717017
51172572377166	right	51160243018000	-0.9983031516812184
51172587580458	right	51160259969000	-0.9986842835632538
51172614565666	right	51160286964000	-0.9994079822645814
51172629161791	right	51160301538000	-0.9994079822645814
51172653550875	right	51160325912000	-0.9997721880568636
51172671353833	right	51160343845000	-0.9994484907391534
51172689389166	right	51160360644000	-0.9994484907391534
51172713639208	right	51160385450000	-0.9989847401037822
51172731474208	right	51160403859000	-0.9988991041773652
51172752715916	right	51160425135000	-0.9988875558155118
51172770051750	right	51160442414000	-0.9988875558155118
51172793857791	right	51160466239000	-0.9988593130573464
51172811817458	right	51160481807000	-0.999148251219369
51172830168291	right	51160502537000	-0.9997047225598482
51172848342500	right	51160519873000	-0.9997047225598482
51172871914333	right	51160544309000	-0.9989938745084358
51172892154458	right	51160564370000	-0.998510275211546
51172910506708	right	51160582963000	-0.998510275211546
51172934445666	right	51160606478000	-0.9979722364494172
51172949692125	right	51160622044000	-0.9979722364494172
51172967910625	right	51160640742000	-0.9979726614022416
51172994417291	right	51160665325000	-0.9980736262877404
51173006608541	right	51160679222000	-0.9982340142847292
51173031049041	right	51160703443000	-0.99860743457042
51173046544666	right	51160720408000	-0.99860743457042
51173073236916	right	51160745627000	-0.9999674874595704
51173087494208	right	51160759883000	-0.9997077805204448
51173108881416	right	51160781230000	-0.9997077805204448
51173132736875	right	51160805115000	-0.9988630877817606
51173153349500	right	51160824644000	-0.998611125031174
51173168679000	right	51160840266000	-0.9985092201108712
51173195689500	right	51160867058000	-0.9984968285606224
51173207626625	right	51160880277000	-0.998510193358536
51173228627791	right	51160901833000	-0.9985661439742886
51173251886416	right	51160922172000	-0.9987833913912728
51173267159541	right	51160940343000	-0.9987833913912728
51173291243208	right	51160963610000	-0.9999447110552926
51173311792375	right	51160983348000	-0.9993996667429688
51173330119166	right	51161001693000	-0.9987959840285234
51173351484500	right	51161023885000	-0.998373432695144
51173372850541	right	51161046146000	-0.9980742313446984
51173390896416	right	51161063554000	-0.997893475712184
51173411369083	right	51161083770000	-0.997779399171698
51173428998041	right	51161100084000	-0.9977048107551968
51173447192250	right	51161119611000	-0.9977109375315392
51173471508166	right	51161145905000	-0.9979228315033042
51173486722166	right	51161159322000	-0.9984914428437164
51173514035916	right	51161187187000	-0.9994247851755372
51173531480041	right	51161204473000	-0.9999929324075828
51173554204541	right	51161225479000	-0.9998097427099986
51173569350458	right	51161241838000	-0.9998097427099986
51173587605000	right	51161260007000	-0.9995205362665366
51173615362708	right	51161288137000	-0.9991007701820884
51173630652083	right	51161303011000	-0.9990262248794032
51173648889666	right	51161320654000	-0.9990262248794032
51173672895125	right	51161343577000	-0.9989103030119916
51173687969458	right	51161360349000	-0.9989501979608032
51173711137708	right	51161383502000	-0.9989501979608032
51173729556583	right	51161401909000	-0.9994097577312024
51173753526458	right	51161423682000	-0.9994767971391182
51173768566125	right	51161440934000	-0.9994767971391182
51173789540791	right	51161461927000	-0.9985198160516682
51173810522875	right	51161482864000	-0.9983922764242092
51173831973666	right	51161504381000	-0.9983277209218704
51173850338708	right	51161522690000	-0.9983277209218704
51173868438333	right	51161540770000	-0.9982713086691296
51173889841375	right	51161562228000	-0.9982873755120412
51173907394375	right	51161579817000	-0.9982873755120412
51173928646083	right	51161601046000	-0.9983826721578206
51173955764208	right	51161627409000	-0.999394444031583
51173967622750	right	51161640047000	-0.9999601272656414
51173997184916	right	51161667890000	-0.9997503589314396
51174009302833	right	51161680507000	-0.9992710094480212
51174033803750	right	51161706083000	-0.9988016460128644
51174051717291	right	51161722661000	-0.9984044602841028
51174072254500	right	51161745531000	-0.9981462538384962
51174092363833	right	51161764211000	-0.998045849115108
51174110683583	right	51161783074000	-0.9980288002375082
51174128491833	right	51161799682000	-0.9980288002375082
51174155759250	right	51161827576000	-0.9981366758081792
51174170651750	right	51161841535000	-0.9986144841883824
51174188918875	right	51161860337000	-0.9986144841883824
51174213352791	right	51161885746000	-0.9997081102965328
51174231360666	right	51161902399000	-0.9991909718499512
51174249213125	right	51161921614000	-0.9991909718499512
51174270584791	right	51161942974000	-0.998821392316814
51174288534958	right	51161960924000	-0.9984721384232924
51174312897083	right	51161984937000	-0.9984715417415688
51174328117291	right	51162000911000	-0.9984783120767956
51174352386458	right	51162025227000	-0.9985073547695132
51174370699125	right	51162043114000	-0.9986810037194218
51174388632458	right	51162061037000	-0.9986810037194218
51174406938541	right	51162079335000	-0.999205027528502
51174434587166	right	51162106107000	-0.9998359909831946
51174452906083	right	51162124310000	-0.9994140663051576
51174471247791	right	51162143811000	-0.9989998615289082
51174486043125	right	51162160339000	-0.9986588573191564
51174516097833	right	51162188087000	-0.9984717637142846
51174531304750	right	51162203687000	-0.9983999477412356
51174548322125	right	51162220724000	-0.9983999477412356
51174575336500	right	51162246854000	-0.9983509122121128
51174588992208	right	51162262221000	-0.9983509122121128
51174605491708	right	51162279067000	-0.9985096886690804
51174628162083	right	51162301246000	-0.9990073478717012
51174649535375	right	51162322261000	-0.9996856937175692
51174670225458	right	51162342616000	-0.9992212184902296
51174688540750	right	51162360925000	-0.9992212184902296
51174706801208	right	51162379202000	-0.9988282767302572
51174728399916	right	51162400781000	-0.9985000305422298
51174749863125	right	51162422254000	-0.9982911192766676
51174768156208	right	51162440549000	-0.9982413193723394
51174789520500	right	51162461439000	-0.9982341079088992
51174807853291	right	51162480240000	-0.9982717300487288
51174836300500	right	51162507611000	-0.9987809761315596
51174850985708	right	51162522544000	-0.9994018629285648
51174866297666	right	51162539950000	-0.9998679490966672
51174887691166	right	51162559279000	-0.9995411468200284
51174907030916	right	51162579048000	-0.9991302979170512
51174924678875	right	51162598980000	-0.998751109507363
51174955146500	right	51162628275000	-0.9984519162232046
51174970257875	right	51162642765000	-0.9982923772339666
51174990721000	right	51162663097000	-0.998244580622182
51175014780208	right	51162686492000	-0.998232628289828
51175032840166	right	51162703985000	-0.998272303243947
51175050236750	right	51162721533000	-0.998272303243947
51175074130708	right	51162746513000	-0.9993608688234028
51175092413333	right	51162764466000	-0.9998478985679312
51175107684958	right	51162780071000	-0.9998478985679312
51175131208041	right	51162803607000	-0.998892706258538
51175149601625	right	51162821977000	-0.998892706258538
51175167916291	right	51162840274000	-0.9985076887476072
51175189000583	right	51162860340000	-0.9985076887476072
51175213085083	right	51162884892000	-0.998545677540014
51175231450916	right	51162903832000	-0.9986305685932996
51175249039500	right	51162920494000	-0.9986305685932996
51175274681000	right	51162947077000	-0.9989477308719656
51175287188000	right	51162959201000	-0.9994403871454114
51175316828416	right	51162987764000	-0.999955422913534
51175329036041	right	51163001441000	-0.999955422913534
51175354040208	right	51163026514000	-0.9992159811011196
51175372308291	right	51163044621000	-0.9988615466067944
51175393101958	right	51163065192000	-0.9985914471011968
51175411281041	right	51163085405000	-0.9984209771571964
51175432436416	right	51163105413000	-0.9983430817252826
51175450623583	right	51163122859000	-0.9982990874833546
51175468755708	right	51163140791000	-0.9982990874833546
51175492996250	right	51163166958000	-0.9984263470926854
51175508076500	right	51163181103000	-0.9984263470926854
51175529290041	right	51163201380000	-0.9997503144632068
51175553215916	right	51163225546000	-0.9995781682825544
51175565352250	right	51163239320000	-0.9989991427192252
51175594927500	right	51163268456000	-0.9985834146345206
51175610094416	right	51163284133000	-0.9983002779612888
51175631312083	right	51163305719000	-0.9981539837694068
51175652113333	right	51163324345000	-0.9980966962825784
51175673430708	right	51163345829000	-0.9980763355610748
51175690646333	right	51163361863000	-0.9980763355610748
51175715001250	right	51163385525000	-0.9982863838116818
51175732525833	right	51163404935000	-0.9987823984176324
51175747759458	right	51163420153000	-0.9987823984176324
51175768542916	right	51163440928000	-0.9998616718966206
51175786823291	right	51163459219000	-0.9998616718966206
51175810333166	right	51163481376000	-0.9990620507142132
51175828495500	right	51163500995000	-0.9990620507142132
51175846842458	right	51163519240000	-0.9988521787242124
51175870783500	right	51163541471000	-0.9985406653067416
51175888916125	right	51163562414000	-0.9984903098995932
51175912866500	right	51163585822000	-0.9984454660177968
51175930809125	right	51163604509000	-0.9984299819949182
51175955038416	right	51163626079000	-0.9986787466188451
51175969843666	right	51163641959000	-0.9986787466188451
51175991150458	right	51163663433000	-0.999890221366172
51176009242166	right	51163681658000	-0.9993462415267844
51176027222333	right	51163698839000	-0.9993462415267844
51176054690041	right	51163725844000	-0.9985346671030416
51176072240000	right	51163743823000	-0.9985346671030416
51176087485875	right	51163759613000	-0.9983263868000344
51176114995458	right	51163786809000	-0.9982373311193272
51176127202875	right	51163800051000	-0.9982373311193272
51176148531625	right	51163820750000	-0.998310815918938
51176173482291	right	51163846379000	-0.9985360038952568
51176188750708	right	51163860370000	-0.9985360038952568
51176207119833	right	51163879512000	-0.9998995898484656
51176228429125	right	51163900820000	-0.9998016171439572
51176248810625	right	51163921327000	-0.9998016171439572
51176270222916	right	51163942531000	-0.9988957343589006
51176293570250	right	51163965417000	-0.9985896491456512
51176312066166	right	51163981334000	-0.9983759900436182
51176329725250	right	51164002117000	-0.9983759900436182
51176348063708	right	51164020992000	-0.9982734785958846
51176373358666	right	51164044707000	-0.9982368500661616
51176388725458	right	51164061312000	-0.99831945301394
51176407461208	right	51164079797000	-0.9986039464602824
51176435004750	right	51164106167000	-0.9993297789509428
51176447211083	right	51164120067000	-0.9993297789509428
51176469997333	right	51164140843000	-0.9994369245579044
51176491459958	right	51164164453000	-0.9990617608138208
51176509833458	right	51164182223000	-0.9990617608138208
51176527365375	right	51164199091000	-0.9986816325690884
51176551805875	right	51164223844000	-0.9986627022774086
51176573057541	right	51164245993000	-0.9986482407042954
51176591303625	right	51164264644000	-0.998652729825524
51176612566000	right	51164284684000	-0.9988052607407956
51176633812041	right	51164306176000	-0.9992244868282408
51176652009708	right	51164323897000	-0.9998009597112868
51176667466166	right	51164338769000	-0.9998009597112868
51176688987958	right	51164359704000	-0.9995111694037
51176707381500	right	51164379865000	-0.9995111694037
51176731033083	right	51164402264000	-0.9989533919049128
51176751611666	right	51164424079000	-0.9988478204940262
51176772714791	right	51164445873000	-0.99880190619094
51176787828708	right	51164461530000	-0.99880190619094
51176814468375	right	51164487479000	-0.9987711480725876
51176829649708	right	51164504398000	-0.9988957973807646
51176847922041	right	51164521374000	-0.9988957973807646
51176875217791	right	51164547520000	-0.9999001211745736
51176890037000	right	51164564599000	-0.9994011707407816
51176912474083	right	51164586120000	-0.9988152566320956
51176930662083	right	51164604694000	-0.9984273618704472
51176950246833	right	51164624778000	-0.9981761944656332
51176971533333	right	51164643903000	-0.9980603724826044
51176986677416	right	51164660823000	-0.9980603724826044
51177007870708	right	51164680305000	-0.9980116110261044
51177035273291	right	51164707978000	-0.998099619762103
51177050615708	right	51164722818000	-0.9983764418559404
51177068851916	right	51164741271000	-0.9989454284138224
51177091903166	right	51164764293000	-0.9997070667112952
51177107598500	right	51164780219000	-0.9997070667112952
51177133750125	right	51164806169000	-0.9994679078911944
51177152070916	right	51164823878000	-0.9990640882036916
51177170009750	right	51164841390000	-0.9990640882036916
51177188413291	right	51164860789000	-0.9985272093063676
51177214859416	right	51164887258000	-0.9984306689019684
51177227084125	right	51164899489000	-0.9983869753320492
51177254184625	right	51164926360000	-0.9983564942407016
51177269425750	right	51164941538000	-0.9983564942407016
51177293655500	right	51164965400000	-0.998770676720864
51177313740791	right	51164984996000	-0.999481584705368
51177332060875	right	51165004458000	-0.9998254912008228
51177349967416	right	51165019312000	-0.999234695106781
51177369868125	right	51165042261000	-0.9987825443713
51177388360541	right	51165061101000	-0.9987825443713
51177415035250	right	51165086558000	-0.9982919730183716
51177426548625	right	51165100383000	-0.998252974328772
51177450762625	right	51165123149000	-0.998260809963005
51177472201000	right	51165144580000	-0.9983098130061197
51177486696500	right	51165159077000	-0.9983098130061197
51177510623375	right	51165183021000	-0.9989955059103728
51177535200083	right	51165205272000	-0.9996223098919508
51177550525291	right	51165221709000	-0.9999858526178734
51177571770416	right	51165243281000	-0.9994300451053874
51177593333166	right	51165264561000	-0.9988101088368716
51177611545375	right	51165285672000	-0.9982860590797668
51177626386041	right	51165298817000	-0.9982860590797668
51177656719833	right	51165327895000	-0.9977978727950736
51177671544125	right	51165343953000	-0.9978110733846624
51177689806000	right	51165364107000	-0.9978833106183234
51177714000958	right	51165385789000	-0.99796708407292
51177729232916	right	51165401644000	-0.9981764813046106
51177746295375	right	51165418734000	-0.9981764813046106
51177767394125	right	51165440769000	-0.9989724196261874
51177791757458	right	51165464145000	-0.9994205760307168
51177806206875	right	51165480071000	-0.9994205760307168
51177829830500	right	51165500052000	-0.9986065778256674
51177853641750	right	51165527123000	-0.9984657126247316
51177867710416	right	51165539410000	-0.9984266625706792
51177892005583	right	51165564865000	-0.998387857396585
51177909455250	right	51165582945000	-0.998343356812364
51177933689416	right	51165606525000	-0.9983657533905778
51177948686500	right	51165621050000	-0.9985961673144508
51177975430958	right	51165647315000	-0.9992029794637636
51177990708791	right	51165661958000	-0.9998884758455832
51178010755750	right	51165682108000	-0.9998203189302212
51178029021041	right	51165701442000	-0.9998203189302212
51178049982541	right	51165721195000	-0.9991536990887496
51178067836625	right	51165740242000	-0.9991536990887496
51178089543916	right	51165758859000	-0.9988019697026392
51178113989541	right	51165787259000	-0.9987790376050774
51178125195625	right	51165799123000	-0.9987684266486406
51178155013333	right	51165826220000	-0.998742469136022
51178171000958	right	51165842230000	-0.9989242675742288
51178192322291	right	51165864512000	-0.9995096526532316
51178210608125	right	51165883018000	-0.9999069524313392
51178227871000	right	51165900285000	-0.9994209303042562
51178248530333	right	51165920935000	-0.9989889052221608
51178269845958	right	51165940557000	-0.998695294335765
51178292987708	right	51165965393000	-0.9985385361809832
51178314129666	right	51165983823000	-0.9984863468823943
51178326357750	right	51165998788000	-0.9984863468823943
51178353759500	right	51166024469000	-0.9984818051653036
51178368869791	right	51166041433000	-0.9986456774056592
51178387281500	right	51166059670000	-0.9990788277972557
51178410968250	right	51166083397000	-0.9997057835547054
51178435418500	right	51166106046000	-0.9999742688903788
51178447544666	right	51166119925000	-0.9999742688903788
51178469057625	right	51166141452000	-0.9994244367640042
51178490546166	right	51166162894000	-0.998508497044111
51178511904458	right	51166185199000	-0.9982749878618206
51178530233458	right	51166202636000	-0.998187907779532
51178548216000	right	51166220642000	-0.9981912141007006
51178569170958	right	51166240668000	-0.9981912141007006
51178591855625	right	51166264334000	-0.9981888659624673
51178609920958	right	51166282209000	-0.9981888659624673
51178633526625	right	51166304699000	-0.9992806314460756
51178651976916	right	51166324407000	-0.9998563269598124
51178670172708	right	51166344181000	-0.9994466066830968
51178691397875	right	51166365893000	-0.998904740178714
51178709652291	right	51166381513000	-0.998904740178714
51178733914583	right	51166407624000	-0.99818812700151
51178752211875	right	51166423351000	-0.99818812700151
51178767170125	right	51166440563000	-0.9980612982834458
51178787536416	right	51166459956000	-0.9980379797884936
51178811304500	right	51166482981000	-0.9980642568524016
51178837170541	right	51166506562000	-0.9985658717909992
51178849379583	right	51166522815000	-0.999142585182704
51178873103208	right	51166546433000	-0.9997792158371752
51178890779708	right	51166564401000	-0.999928604411162
51178911693875	right	51166583843000	-0.9992198328939156
51178931660291	right	51166604103000	-0.9986186532585364
51178946886041	right	51166620552000	-0.9986186532585364
51178965127958	right	51166638570000	-0.9981311433390292
51178988195541	right	51166661001000	-0.99776164836241
51179008780291	right	51166681179000	-0.997807581743934
51179029622958	right	51166702040000	-0.9978851692358114
51179047899291	right	51166720778000	-0.9978851692358114
51179075317916	right	51166747453000	-0.9982611002692892
51179087514416	right	51166760160000	-0.9989545963287004
51179117456625	right	51166788135000	-0.9997365367561166
51179132811916	right	51166802062000	-0.9994761987612352
51179149977666	right	51166822916000	-0.9994761987612352
51179165198916	right	51166838554000	-0.998496639881011
51179195678416	right	51166867516000	-0.9983414310993536
51179207159750	right	51166879544000	-0.9982987224744588
51179230860458	right	51166903278000	-0.9982835988523462
51179249167833	right	51166921088000	-0.9982835988523462
51179273133583	right	51166945265000	-0.9982989782026084
51179288346708	right	51166960804000	-0.9982989782026084
51179310029208	right	51166981128000	-0.998544384018164
51179330877208	right	51167003282000	-0.9997816955810176
51179346123125	right	51167018536000	-0.9997816955810176
51179375910000	right	51167048286000	-0.9995170212554072
51179388032625	right	51167060433000	-0.9995170212554072
51179409346125	right	51167082841000	-0.9988144369007566
51179432796041	right	51167106070000	-0.9986261012253091
51179444992500	right	51167118903000	-0.9985543217328428
51179472439416	right	51167144847000	-0.9985523879642
51179493983250	right	51167163342000	-0.9985899645615146
51179505391500	right	51167178588000	-0.9985899645615146
51179529419500	right	51167201819000	-0.9992301286846524
51179550815291	right	51167223225000	-0.9997934828669806
51179571852250	right	51167245683000	-0.9996932913505576
51179593199125	right	51167264844000	-0.9991841348751084
51179610952000	right	51167280226000	-0.9988141019671384
51179626307541	right	51167298719000	-0.9988141019671384
51179647641875	right	51167319207000	-0.99855323495784
51179669088916	right	51167339880000	-0.9984088103583432
51179690747750	right	51167363282000	-0.998399402435344
51179712684750	right	51167385413000	-0.998521696587071
51179727893125	right	51167401064000	-0.998774152606502
51179755222500	right	51167427078000	-0.9993068183010888
51179767464708	right	51167439902000	-0.9993068183010888
51179794773791	right	51167467607000	-0.9996208421299332
51179810093291	right	51167483380000	-0.9996208421299332
51179827729083	right	51167500118000	-0.9987343578524426
51179846086083	right	51167518500000	-0.9987343578524426
51179867278916	right	51167538891000	-0.9984605837443414
51179888831791	right	51167560644000	-0.9982208772087052
51179907092583	right	51167579507000	-0.9982208772087052
51179931362375	right	51167603000000	-0.9982426496519488
51179952454625	right	51167626230000	-0.9982426496519488
51179969899958	right	51167642303000	-0.9985983953497884
51179988210875	right	51167660462000	-0.9985983953497884
51180015832291	right	51167686557000	-0.9998505155302244
51180030883833	right	51167703244000	-0.99918258774546
51180049223916	right	51167720805000	-0.9986307426853815
51180067532375	right	51167739948000	-0.9986307426853815
51180094291250	pause3	51167766631000	-0.9979124104649284
51180106425583	pause3	51167778865000	-0.9979124104649284
51180133771083	pause3	51167806515000	-0.9977531775087916
51180152005833	pause3	51167824535000	-0.9978188200815932
51180173247583	pause3	51167846083000	-0.99792629445656
51180191559916	pause3	51167864498000	-0.9982166042867338
51180212611000	pause3	51167884920000	-0.9988281108307264
51180226930208	pause3	51167899304000	-0.9996459140371088
51180248281916	pause3	51167921796000	-0.9999085201275284
51180272589125	pause3	51167944560000	-0.9994869896337736
51180287909833	pause3	51167961225000	-0.999061860001822
51180308286375	pause3	51167980698000	-0.999061860001822
51180329574916	pause3	51168001118000	-0.9984690367908358
51180352116166	pause3	51168024533000	-0.9983901503485616
51180367351916	pause3	51168039305000	-0.9983528418520397
51180394099583	pause3	51168067116000	-0.9983462068460284
51180409213291	pause3	51168081684000	-0.9983870163303418
51180433398458	pause3	51168106386000	-0.9987063342349174
51180450800375	pause3	51168125094000	-0.9994629485587948
51180471959208	pause3	51168145140000	-0.9998709611833224
51180486895541	pause3	51168159333000	-0.9998709611833224
51180511064333	pause3	51168185469000	-0.998958292885944
51180532176083	pause3	51168205692000	-0.9987988466702292
51180546961625	pause3	51168220778000	-0.9986974844159268
51180570904250	pause3	51168242588000	-0.9986974844159268
51180593364500	pause3	51168265989000	-0.998385382682316
51180607825833	pause3	51168280444000	-0.99826919653654
51180630795541	pause3	51168301630000	-0.9983375378678851
51180650518625	pause3	51168323755000	-0.9987652556052558
51180671819541	pause3	51168344266000	-0.9987652556052558
51180687322291	pause3	51168359252000	-0.9996590746380823
51180708613166	pause3	51168381041000	-0.9993716688428088
51180726899833	pause3	51168398340000	-0.9993716688428088
51180751331541	pause3	51168424737000	-0.99858785267926
51180768736208	pause3	51168442890000	-0.9981833871098476
51180786949500	pause3	51168459151000	-0.9981833871098476
51180814255291	pause3	51168488184000	-0.9981857711881276
51180829418333	pause3	51168503750000	-0.9987513908738892
51180847653666	pause3	51168520101000	-0.9987513908738892
51180868100833	pause3	51168540563000	-0.9993062483612974
51180889164208	pause3	51168561626000	-0.9996659294963802
51180906683333	pause3	51168579113000	-0.9996659294963802
51180937196333	pause3	51168608266000	-0.999847893775398
51180946313625	pause3	51168618747000	-0.9999179520647156
51180967553375	pause3	51168641129000	-0.9999179520647156
51180990987833	pause3	51168663680000	-0.9999859815729916
51181006283083	pause3	51168678706000	-0.9999859815729916
51181030650458	pause3	51168702644000	-0.9999920080748717
51181054459333	pause3	51168726654000	-0.9999921242588804
51181069740791	pause3	51168741878000	-0.9999926665549672
51181090720583	pause3	51168763702000	-0.9999926665549672
51181111925708	pause3	51168784360000	-0.999996785612266
51181130225458	pause3	51168802634000	-0.999996785612266
51181153129708	pause3	51168825955000	-0.9999991968535846
51181168404666	pause3	51168841068000	-0.9999982948354894
51181194954208	pause3	51168865605000	-0.9999965503616072
51181207223291	pause3	51168878800000	-0.9999965503616072
51181230866500	pause3	51168902926000	-0.9999926120246062
51181248599333	pause3	51168921642000	-0.9999926120246062
51181266609875	pause3	51168938938000	-0.9999910054672912
51181297148958	pause3	51168968328000	-0.9999885873129728
51181309413166	pause3	51168982736000	-0.999986985899982
51181327209583	pause3	51168999626000	-0.9999845248973526
51181354694750	pause3	51169026338000	-0.9999815378856276
51181366770041	pause3	51169039249000	-0.9999815378856276
51181393904000	pause3	51169066266000	-0.999977180819101
51181412010625	pause3	51169084086000	-0.9999756383497312
51181427120833	pause3	51169099716000	-0.9999756383497312
51181445377833	pause3	51169119437000	-0.9999740345986956
51181471748583	pause3	51169145577000	-0.9999738651587128
51181492915666	pause3	51169165625000	-0.9999740973065822
51181514049791	pause3	51169185690000	-0.9999744936694044
51181531962458	pause3	51169204588000	-0.9999749787408166
51181552678833	pause3	51169223130000	-0.9999756115810872
51181570540250	pause3	51169244105000	-0.9999761415821394
51181588380083	pause3	51169260685000	-0.9999766346358494
51181612951291	pause3	51169285273000	-0.9999770966560864
51181625184250	pause3	51169299238000	-0.99997745591204
51181648776625	pause3	51169322123000	-0.99997745591204
51181669115541	pause3	51169341555000	-0.9999779538538848
51181692928416	pause3	51169365366000	-0.999978120142152
51181711190041	pause3	51169380595000	-0.9999782175671236
51181728864708	pause3	51169401305000	-0.9999782175671236
51181754687708	pause3	51169425517000	-0.999978394428731
51181772939000	pause3	51169444852000	-0.9999784105779406
51181793910458	pause3	51169465692000	-0.9999784153602398
51181806044583	pause3	51169478503000	-0.9999784442348618
51181829954291	pause3	51169502373000	-0.9999784739209562
51181848166750	pause3	51169522480000	-0.9999784739209562
51181869163500	pause3	51169541056000	-0.9999785453362328
51181887364500	pause3	51169560110000	-0.999978599484163
51181907900875	pause3	51169579738000	-0.999978592545096
51181932170625	pause3	51169605810000	-0.99997860151637
51181947318583	pause3	51169619788000	-0.99997860151637
51181967968500	pause3	51169639961000	-0.9999787255520298
51181991904541	pause3	51169662232000	-0.9999787484489886
51182009619291	pause3	51169679006000	-0.9999788221277206
51182037020708	pause3	51169707599000	-0.9999788256864126
51182052306291	pause3	51169724094000	-0.9999789153864238
51182067523916	pause3	51169738628000	-0.9999789153864238
51182088530375	pause3	51169760966000	-0.999979094445824
51182112192625	pause3	51169784629000	-0.999979181761506
51182130516291	pause3	51169803605000	-0.9999792411002332
51182151899416	pause3	51169823451000	-0.9999793496623008
51182172816458	pause3	51169843618000	-0.9999794493909552
51182188129750	pause3	51169860573000	-0.9999795193947468
51182205957791	pause3	51169878389000	-0.9999794538953182
51182227292708	pause3	51169899760000	-0.9999795438373864
51182254847291	pause3	51169927842000	-0.9999795286128924
51182269116375	pause3	51169941945000	-0.9999795286128924
51182287239208	pause3	51169960230000	-0.9999795157234468
51182314019958	pause3	51169986842000	-0.999979602474936
51182331442500	pause3	51170004561000	-0.9999796420548984
51182346645791	pause3	51170019697000	-0.9999796420548984
51182371035541	pause3	51170043487000	-0.9999797210833604
51182389262375	pause3	51170059666000	-0.9999797210833604
51182412441375	pause3	51170084308000	-0.999979756229814
51182433760708	pause3	51170104877000	-0.99997979037704
51182452188000	pause3	51170124667000	-0.9999797154573654
51182467444083	pause3	51170139862000	-0.9999798243855044
51182488749000	pause3	51170161170000	-0.9999798243855044
51182507035250	pause3	51170179466000	-0.9999798449629084
51182531516791	pause3	51170203936000	-0.9999799518821044
51182546311125	pause3	51170219275000	-0.9999799518821044
51182566708541	pause3	51170239150000	-0.9999799190568872
51182597273791	pause3	51170266688000	-0.999979965633418
51182606416791	pause3	51170278678000	-0.999979965633418
51182627759375	pause3	51170299352000	-0.9999801192852598
51182646002416	pause3	51170319774000	-0.9999801192852598
51182673210083	pause3	51170345954000	-0.9999801854550514
51182691143791	pause3	51170361825000	-0.999980225742456
51182708529166	pause3	51170381605000	-0.999980225742456
51182729938291	pause3	51170402394000	-0.9999802786634115
51182753586125	pause3	51170426125000	-0.99998022467157
51182771694166	pause3	51170444117000	-0.9999802051993076
51182792373458	pause3	51170465251000	-0.999980258741737
51182807450458	pause3	51170479615000	-0.999980258741737
51182831777166	pause3	51170503597000	-0.999980306900672
51182849527833	pause3	51170523432000	-0.9999804112467188
51182867810250	pause3	51170540234000	-0.9999804022553396
51182889094750	pause3	51170561543000	-0.9999804022553396
51182907259958	pause3	51170581214000	-0.999980481054254
51182925477875	pause3	51170599254000	-0.9999805585007764
51182955842375	pause3	51170628588000	-0.9999805665641012
51182971069291	pause3	51170642871000	-0.999980644799368
51182994253041	pause3	51170666373000	-0.9999806328440106
51183012186458	pause3	51170683695000	-0.999980655380184
51183027415375	pause3	51170699194000	-0.999980655380184
51183048716375	pause3	51170722177000	-0.9999807518217884
51183072874875	pause3	51170745571000	-0.9999807886514464
51183086903750	pause3	51170759597000	-0.9999807886514464
